order_id,order_date,quantity,unit_price,revenue,status,product_category,product_code,customer_name,country,territory,deal_size,quarter,month,year
10107,2003-02-24,30,95.7,2871.0,Shipped,Motorcycles,S10_1678,Land of Toys Inc.,USA,Unknown,Small,1,2,2003
10121,2003-05-07,34,81.35,2765.9,Shipped,Motorcycles,S10_1678,Reims Collectables,France,EMEA,Small,2,5,2003
10134,2003-07-01,41,94.74,3884.34,Shipped,Motorcycles,S10_1678,Lyon Souveniers,France,EMEA,Medium,3,7,2003
10145,2003-08-25,45,83.26,3746.7,Shipped,Motorcycles,S10_1678,Toys4GrownUps.com,USA,Unknown,Medium,3,8,2003
10159,2003-10-10,49,100.0,5205.27,Shipped,Motorcycles,S10_1678,Corporate Gift Ideas Co.,USA,Unknown,Medium,4,10,2003
10168,2003-10-28,36,96.66,3479.76,Shipped,Motorcycles,S10_1678,Technics Stores Inc.,USA,Unknown,Medium,4,10,2003
10180,2003-11-11,29,86.13,2497.77,Shipped,Motorcycles,S10_1678,Daedalus Designs Imports,France,EMEA,Small,4,11,2003
10188,2003-11-18,48,100.0,5512.32,Shipped,Motorcycles,S10_1678,Herkku Gifts,Norway,EMEA,Medium,4,11,2003
10201,2003-12-01,22,98.57,2168.54,Shipped,Motorcycles,S10_1678,Mini Wheels Co.,USA,Unknown,Small,4,12,2003
10211,2004-01-15,41,100.0,4708.44,Shipped,Motorcycles,S10_1678,Auto Canal Petit,France,EMEA,Medium,1,1,2004
10223,2004-02-20,37,100.0,3965.66,Shipped,Motorcycles,S10_1678,"Australian Collectors, Co.",Australia,APAC,Medium,1,2,2004
10237,2004-04-05,23,100.0,2333.12,Shipped,Motorcycles,S10_1678,Vitachrome Inc.,USA,Unknown,Small,2,4,2004
10251,2004-05-18,28,100.0,3188.64,Shipped,Motorcycles,S10_1678,Tekni Collectables Inc.,USA,Unknown,Medium,2,5,2004
10263,2004-06-28,34,100.0,3676.76,Shipped,Motorcycles,S10_1678,Gift Depot Inc.,USA,Unknown,Medium,2,6,2004
10275,2004-07-23,45,92.83,4177.35,Shipped,Motorcycles,S10_1678,La Rochelle Gifts,France,EMEA,Medium,3,7,2004
10285,2004-08-27,36,100.0,4099.68,Shipped,Motorcycles,S10_1678,Marta's Replicas Co.,USA,Unknown,Medium,3,8,2004
10299,2004-09-30,23,100.0,2597.39,Shipped,Motorcycles,S10_1678,"Toys of Finland, Co.",Finland,EMEA,Small,3,9,2004
10309,2004-10-15,41,100.0,4394.38,Shipped,Motorcycles,S10_1678,Baane Mini Imports,Norway,EMEA,Medium,4,10,2004
10318,2004-11-02,46,94.74,4358.04,Shipped,Motorcycles,S10_1678,Diecast Classics Inc.,USA,Unknown,Medium,4,11,2004
10329,2004-11-15,42,100.0,4396.14,Shipped,Motorcycles,S10_1678,Land of Toys Inc.,USA,Unknown,Medium,4,11,2004
10341,2004-11-24,41,100.0,7737.93,Shipped,Motorcycles,S10_1678,Salzburg Collectables,Austria,EMEA,Large,4,11,2004
10361,2004-12-17,20,72.55,1451.0,Shipped,Motorcycles,S10_1678,Souveniers And Things Co.,Australia,APAC,Small,4,12,2004
10375,2005-02-03,21,34.91,733.11,Shipped,Motorcycles,S10_1678,La Rochelle Gifts,France,EMEA,Small,1,2,2005
10388,2005-03-03,42,76.36,3207.12,Shipped,Motorcycles,S10_1678,FunGiftIdeas.com,USA,Unknown,Medium,1,3,2005
10403,2005-04-08,24,100.0,2434.56,Shipped,Motorcycles,S10_1678,"UK Collectables, Ltd.",UK,EMEA,Small,2,4,2005
10417,2005-05-13,66,100.0,7516.08,Disputed,Motorcycles,S10_1678,Euro Shopping Channel,Spain,EMEA,Large,2,5,2005
10103,2003-01-29,26,100.0,5404.62,Shipped,Classic Cars,S10_1949,Baane Mini Imports,Norway,EMEA,Medium,1,1,2003
10112,2003-03-24,29,100.0,7209.11,Shipped,Classic Cars,S10_1949,"Volvo Model Replicas, Co",Sweden,EMEA,Large,1,3,2003
10126,2003-05-28,38,100.0,7329.06,Shipped,Classic Cars,S10_1949,"Corrida Auto Replicas, Ltd",Spain,EMEA,Large,2,5,2003
10140,2003-07-24,37,100.0,7374.1,Shipped,Classic Cars,S10_1949,Technics Stores Inc.,USA,Unknown,Large,3,7,2003
10150,2003-09-19,45,100.0,10993.5,Shipped,Classic Cars,S10_1949,"Dragon Souveniers, Ltd.",Singapore,Japan,Large,3,9,2003
10163,2003-10-20,21,100.0,4860.24,Shipped,Classic Cars,S10_1949,Classic Legends Inc.,USA,Unknown,Medium,4,10,2003
10174,2003-11-06,34,100.0,8014.82,Shipped,Classic Cars,S10_1949,"Australian Gift Network, Co",Australia,APAC,Large,4,11,2003
10183,2003-11-13,23,100.0,5372.57,Shipped,Classic Cars,S10_1949,"Classic Gift Ideas, Inc",USA,Unknown,Medium,4,11,2003
10194,2003-11-25,42,100.0,7290.36,Shipped,Classic Cars,S10_1949,"Saveley & Henriot, Co.",France,EMEA,Large,4,11,2003
10206,2003-12-05,47,100.0,9064.89,Shipped,Classic Cars,S10_1949,Canadian Gift Exchange Network,Canada,Unknown,Large,4,12,2003
10215,2004-01-29,35,100.0,6075.3,Shipped,Classic Cars,S10_1949,West Coast Collectables Co.,USA,Unknown,Medium,1,1,2004
10228,2004-03-10,29,100.0,6463.23,Shipped,Classic Cars,S10_1949,Cambridge Collectables Co.,USA,Unknown,Medium,1,3,2004
10245,2004-05-04,34,100.0,6120.34,Shipped,Classic Cars,S10_1949,Super Scale Inc.,USA,Unknown,Medium,2,5,2004
10258,2004-06-15,32,100.0,7680.64,Shipped,Classic Cars,S10_1949,"Tokyo Collectables, Ltd",Japan,Japan,Large,2,6,2004
10270,2004-07-19,21,100.0,4905.39,Shipped,Classic Cars,S10_1949,Souveniers And Things Co.,Australia,APAC,Medium,3,7,2004
10280,2004-08-17,34,100.0,8014.82,Shipped,Classic Cars,S10_1949,Amica Models & Co.,Italy,EMEA,Large,3,8,2004
10291,2004-09-08,37,100.0,7136.19,Shipped,Classic Cars,S10_1949,Scandinavian Gift Ideas,Sweden,EMEA,Large,3,9,2004
10304,2004-10-11,47,100.0,10172.7,Shipped,Classic Cars,S10_1949,Auto Assoc. & Cie.,France,EMEA,Large,4,10,2004
10312,2004-10-21,48,100.0,11623.7,Shipped,Classic Cars,S10_1949,Mini Gifts Distributors Ltd.,USA,Unknown,Large,4,10,2004
10322,2004-11-04,40,100.0,6000.4,Shipped,Classic Cars,S10_1949,Online Diecast Creations Co.,USA,Unknown,Medium,4,11,2004
10333,2004-11-18,26,100.0,3003.0,Shipped,Classic Cars,S10_1949,Mini Wheels Co.,USA,Unknown,Medium,4,11,2004
10347,2004-11-29,30,100.0,3944.7,Shipped,Classic Cars,S10_1949,"Australian Collectors, Co.",Australia,APAC,Medium,4,11,2004
10357,2004-12-10,32,100.0,5691.84,Shipped,Classic Cars,S10_1949,Mini Gifts Distributors Ltd.,USA,Unknown,Medium,4,12,2004
10369,2005-01-20,41,100.0,4514.92,Shipped,Classic Cars,S10_1949,Collectables For Less Inc.,USA,Unknown,Medium,1,1,2005
10381,2005-02-17,36,100.0,8254.8,Shipped,Classic Cars,S10_1949,Corporate Gift Ideas Co.,USA,Unknown,Large,1,2,2005
10391,2005-03-09,24,100.0,2416.56,Shipped,Classic Cars,S10_1949,"Anna's Decorations, Ltd",Australia,APAC,Small,1,3,2005
10411,2005-05-01,23,100.0,4140.23,Shipped,Classic Cars,S10_1949,Quebec Home Shopping Network,Canada,Unknown,Medium,2,5,2005
10424,2005-05-31,50,100.0,12001.0,In Process,Classic Cars,S10_1949,Euro Shopping Channel,Spain,EMEA,Large,2,5,2005
10107,2003-02-24,39,99.91,3896.49,Shipped,Motorcycles,S10_2016,Land of Toys Inc.,USA,Unknown,Medium,1,2,2003
10120,2003-04-29,29,96.34,2793.86,Shipped,Motorcycles,S10_2016,"Australian Collectors, Co.",Australia,APAC,Small,2,4,2003
10134,2003-07-01,27,100.0,3307.77,Shipped,Motorcycles,S10_2016,Lyon Souveniers,France,EMEA,Medium,3,7,2003
10145,2003-08-25,37,100.0,5192.95,Shipped,Motorcycles,S10_2016,Toys4GrownUps.com,USA,Unknown,Medium,3,8,2003
10159,2003-10-10,37,100.0,5016.83,Shipped,Motorcycles,S10_2016,Corporate Gift Ideas Co.,USA,Unknown,Medium,4,10,2003
10168,2003-10-28,27,100.0,3660.93,Shipped,Motorcycles,S10_2016,Technics Stores Inc.,USA,Unknown,Medium,4,10,2003
10180,2003-11-11,42,100.0,4695.6,Shipped,Motorcycles,S10_2016,Daedalus Designs Imports,France,EMEA,Medium,4,11,2003
10188,2003-11-18,38,96.34,3660.92,Shipped,Motorcycles,S10_2016,Herkku Gifts,Norway,EMEA,Medium,4,11,2003
10201,2003-12-01,24,100.0,3025.92,Shipped,Motorcycles,S10_2016,Mini Wheels Co.,USA,Unknown,Medium,4,12,2003
10210,2004-01-12,23,100.0,3009.09,Shipped,Motorcycles,S10_2016,Osaka Souveniers Co.,Japan,Japan,Medium,1,1,2004
10223,2004-02-20,47,100.0,5422.39,Shipped,Motorcycles,S10_2016,"Australian Collectors, Co.",Australia,APAC,Medium,1,2,2004
10236,2004-04-03,22,100.0,2852.08,Shipped,Motorcycles,S10_2016,Motor Mint Distributors Inc.,USA,Unknown,Small,2,4,2004
10251,2004-05-18,44,100.0,5756.52,Shipped,Motorcycles,S10_2016,Tekni Collectables Inc.,USA,Unknown,Medium,2,5,2004
10263,2004-06-28,40,100.0,4472.0,Shipped,Motorcycles,S10_2016,Gift Depot Inc.,USA,Unknown,Medium,2,6,2004
10275,2004-07-23,22,100.0,2904.44,Shipped,Motorcycles,S10_2016,La Rochelle Gifts,France,EMEA,Small,3,7,2004
10285,2004-08-27,47,100.0,6484.59,Shipped,Motorcycles,S10_2016,Marta's Replicas Co.,USA,Unknown,Medium,3,8,2004
10298,2004-09-27,39,96.34,3757.26,Shipped,Motorcycles,S10_2016,Atelier graphique,France,EMEA,Medium,3,9,2004
10308,2004-10-15,34,100.0,4043.96,Shipped,Motorcycles,S10_2016,Mini Classics,USA,Unknown,Medium,4,10,2004
10318,2004-11-02,45,100.0,5566.5,Shipped,Motorcycles,S10_2016,Diecast Classics Inc.,USA,Unknown,Medium,4,11,2004
10329,2004-11-15,20,100.0,3176.0,Shipped,Motorcycles,S10_2016,Land of Toys Inc.,USA,Unknown,Medium,4,11,2004
10339,2004-11-23,40,68.92,2756.8,Shipped,Motorcycles,S10_2016,"Tokyo Collectables, Ltd",Japan,Japan,Small,4,11,2004
10361,2004-12-17,26,51.15,1329.9,Shipped,Motorcycles,S10_2016,Souveniers And Things Co.,Australia,APAC,Small,4,12,2004
10374,2005-02-02,39,100.0,5288.01,Shipped,Motorcycles,S10_2016,"Australian Gift Network, Co",Australia,APAC,Medium,1,2,2005
10388,2005-03-03,50,44.51,2225.5,Shipped,Motorcycles,S10_2016,FunGiftIdeas.com,USA,Unknown,Small,1,3,2005
10402,2005-04-07,45,100.0,5833.8,Shipped,Motorcycles,S10_2016,Auto Canal Petit,France,EMEA,Medium,2,4,2005
10417,2005-05-13,45,100.0,5887.35,Disputed,Motorcycles,S10_2016,Euro Shopping Channel,Spain,EMEA,Medium,2,5,2005
10107,2003-02-24,27,100.0,6065.55,Shipped,Motorcycles,S10_4698,Land of Toys Inc.,USA,Unknown,Medium,1,2,2003
10120,2003-04-29,46,100.0,9264.86,Shipped,Motorcycles,S10_4698,"Australian Collectors, Co.",Australia,APAC,Large,2,4,2003
10134,2003-07-01,31,100.0,7023.98,Shipped,Motorcycles,S10_4698,Lyon Souveniers,France,EMEA,Large,3,7,2003
10145,2003-08-25,33,100.0,5176.38,Shipped,Motorcycles,S10_4698,Toys4GrownUps.com,USA,Unknown,Medium,3,8,2003
10159,2003-10-10,22,100.0,4132.7,Shipped,Motorcycles,S10_4698,Corporate Gift Ideas Co.,USA,Unknown,Medium,4,10,2003
10168,2003-10-28,20,100.0,4183.0,Shipped,Motorcycles,S10_4698,Technics Stores Inc.,USA,Unknown,Medium,4,10,2003
10180,2003-11-11,41,100.0,8892.9,Shipped,Motorcycles,S10_4698,Daedalus Designs Imports,France,EMEA,Large,4,11,2003
10188,2003-11-18,45,100.0,8714.7,Shipped,Motorcycles,S10_4698,Herkku Gifts,Norway,EMEA,Large,4,11,2003
10201,2003-12-01,49,100.0,8065.89,Shipped,Motorcycles,S10_4698,Mini Wheels Co.,USA,Unknown,Large,4,12,2003
10210,2004-01-12,34,100.0,6123.4,Shipped,Motorcycles,S10_4698,Osaka Souveniers Co.,Japan,Japan,Medium,1,1,2004
10223,2004-02-20,49,100.0,9774.03,Shipped,Motorcycles,S10_4698,"Australian Collectors, Co.",Australia,APAC,Large,1,2,2004
10237,2004-04-05,39,100.0,7023.9,Shipped,Motorcycles,S10_4698,Vitachrome Inc.,USA,Unknown,Large,2,4,2004
10251,2004-05-18,43,100.0,7078.23,Shipped,Motorcycles,S10_4698,Tekni Collectables Inc.,USA,Unknown,Large,2,5,2004
10263,2004-06-28,41,100.0,8336.94,Shipped,Motorcycles,S10_4698,Gift Depot Inc.,USA,Unknown,Large,2,6,2004
10275,2004-07-23,36,100.0,6901.92,Shipped,Motorcycles,S10_4698,La Rochelle Gifts,France,EMEA,Medium,3,7,2004
10285,2004-08-27,27,100.0,5438.07,Shipped,Motorcycles,S10_4698,Marta's Replicas Co.,USA,Unknown,Medium,3,8,2004
10299,2004-09-30,29,100.0,6683.34,Shipped,Motorcycles,S10_4698,"Toys of Finland, Co.",Finland,EMEA,Medium,3,9,2004
10308,2004-10-15,20,100.0,4570.4,Shipped,Motorcycles,S10_4698,Mini Classics,USA,Unknown,Medium,4,10,2004
10318,2004-11-02,37,100.0,7667.14,Shipped,Motorcycles,S10_4698,Diecast Classics Inc.,USA,Unknown,Large,4,11,2004
10329,2004-11-15,26,100.0,5868.2,Shipped,Motorcycles,S10_4698,Land of Toys Inc.,USA,Unknown,Medium,4,11,2004
10339,2004-11-23,39,76.67,2990.13,Shipped,Motorcycles,S10_4698,"Tokyo Collectables, Ltd",Japan,Japan,Small,4,11,2004
10362,2005-01-05,22,100.0,3664.1,Shipped,Motorcycles,S10_4698,Technics Stores Inc.,USA,Unknown,Medium,1,1,2005
10374,2005-02-02,22,100.0,3834.38,Shipped,Motorcycles,S10_4698,"Australian Gift Network, Co",Australia,APAC,Medium,1,2,2005
10388,2005-03-03,21,86.77,1822.17,Shipped,Motorcycles,S10_4698,FunGiftIdeas.com,USA,Unknown,Small,1,3,2005
10403,2005-04-08,66,100.0,11886.6,Shipped,Motorcycles,S10_4698,"UK Collectables, Ltd.",UK,EMEA,Large,2,4,2005
10417,2005-05-13,56,100.0,9218.16,Disputed,Motorcycles,S10_4698,Euro Shopping Channel,Spain,EMEA,Large,2,5,2005
10105,2003-02-11,50,100.0,7208.0,Shipped,Classic Cars,S10_4757,Danish Wholesale Imports,Denmark,EMEA,Large,1,2,2003
10119,2003-04-28,46,100.0,5004.8,Shipped,Classic Cars,S10_4757,Salzburg Collectables,Austria,EMEA,Medium,2,4,2003
10129,2003-06-12,33,100.0,4398.24,Shipped,Classic Cars,S10_4757,"Stylish Desk Decors, Co.",UK,EMEA,Medium,2,6,2003
10143,2003-08-10,49,100.0,5597.76,Shipped,Classic Cars,S10_4757,Mini Creations Ltd.,USA,Unknown,Medium,3,8,2003
10155,2003-10-06,32,100.0,4526.08,Shipped,Classic Cars,S10_4757,"Toys of Finland, Co.",Finland,EMEA,Medium,4,10,2003
10167,2003-10-23,44,100.0,5924.16,Cancelled,Classic Cars,S10_4757,Scandinavian Gift Ideas,Sweden,EMEA,Medium,4,10,2003
10178,2003-11-08,24,100.0,3492.48,Shipped,Classic Cars,S10_4757,Alpha Cognac,France,EMEA,Medium,4,11,2003
10186,2003-11-14,26,100.0,3854.24,Shipped,Classic Cars,S10_4757,"Double Decker Gift Stores, Ltd",UK,EMEA,Medium,4,11,2003
10197,2003-11-26,45,100.0,5324.4,Shipped,Classic Cars,S10_4757,Enaco Distributors,Spain,EMEA,Medium,4,11,2003
10209,2004-01-09,39,100.0,5197.92,Shipped,Classic Cars,S10_4757,"Men 'R' US Retailers, Ltd.",USA,Unknown,Medium,1,1,2004
10222,2004-02-19,49,100.0,5997.6,Shipped,Classic Cars,S10_4757,Collectable Mini Designs Co.,USA,Unknown,Medium,1,2,2004
10248,2004-05-07,20,100.0,2910.4,Cancelled,Classic Cars,S10_4757,Land of Toys Inc.,USA,Unknown,Small,2,5,2004
10261,2004-06-17,27,100.0,3378.24,Shipped,Classic Cars,S10_4757,Quebec Home Shopping Network,Canada,Unknown,Medium,2,6,2004
10273,2004-07-21,30,100.0,3508.8,Shipped,Classic Cars,S10_4757,Petit Auto,Belgium,EMEA,Medium,3,7,2004
10283,2004-08-20,25,100.0,2992.0,Shipped,Classic Cars,S10_4757,"Royal Canadian Collectables, Ltd.",Canada,Unknown,Small,3,8,2004
10295,2004-09-10,24,100.0,3427.2,Shipped,Classic Cars,S10_4757,Gifts4AllAges.com,USA,Unknown,Medium,3,9,2004
10307,2004-10-14,22,100.0,2692.8,Shipped,Classic Cars,S10_4757,"Classic Gift Ideas, Inc",USA,Unknown,Small,4,10,2004
10316,2004-11-01,33,100.0,4128.96,Shipped,Classic Cars,S10_4757,giftsbymail.co.uk,UK,EMEA,Medium,4,11,2004
10325,2004-11-05,47,64.93,3051.71,Shipped,Classic Cars,S10_4757,Baane Mini Imports,Norway,EMEA,Medium,4,11,2004
10337,2004-11-21,25,48.05,1201.25,Shipped,Classic Cars,S10_4757,Classic Legends Inc.,USA,Unknown,Small,4,11,2004
10350,2004-12-02,26,75.47,1962.22,Shipped,Classic Cars,S10_4757,Euro Shopping Channel,Spain,EMEA,Small,4,12,2004
10359,2004-12-15,48,54.68,2624.64,Shipped,Classic Cars,S10_4757,Reims Collectables,France,EMEA,Small,4,12,2004
10373,2005-01-31,39,100.0,4046.25,Shipped,Classic Cars,S10_4757,"Oulu Toy Supplies, Inc.",Finland,EMEA,Medium,1,1,2005
10384,2005-02-23,34,100.0,4846.7,Shipped,Classic Cars,S10_4757,Corporate Gift Ideas Co.,USA,Unknown,Medium,1,2,2005
10395,2005-03-17,32,100.0,3370.56,Shipped,Classic Cars,S10_4757,Lyon Souveniers,France,EMEA,Medium,1,3,2005
10400,2005-04-01,64,100.0,9661.44,Shipped,Classic Cars,S10_4757,The Sharp Gifts Warehouse,USA,Unknown,Large,2,4,2005
10414,2005-05-06,19,100.0,2764.88,On Hold,Classic Cars,S10_4757,Gifts4AllAges.com,USA,Unknown,Small,2,5,2005
10103,2003-01-29,42,100.0,5398.26,Shipped,Classic Cars,S10_4962,Baane Mini Imports,Norway,EMEA,Medium,1,1,2003
10114,2003-04-01,31,100.0,4305.28,Shipped,Classic Cars,S10_4962,"La Corne D'abondance, Co.",France,EMEA,Medium,2,4,2003
10126,2003-05-28,22,100.0,3347.74,Shipped,Classic Cars,S10_4962,"Corrida Auto Replicas, Ltd",Spain,EMEA,Medium,2,5,2003
10140,2003-07-24,26,100.0,3188.12,Shipped,Classic Cars,S10_4962,Technics Stores Inc.,USA,Unknown,Medium,3,7,2003
10150,2003-09-19,20,100.0,3191.2,Shipped,Classic Cars,S10_4962,"Dragon Souveniers, Ltd.",Singapore,Japan,Medium,3,9,2003
10164,2003-10-21,21,100.0,3536.82,Resolved,Classic Cars,S10_4962,Mini Auto Werke,Austria,EMEA,Medium,4,10,2003
10175,2003-11-06,33,100.0,5362.83,Shipped,Classic Cars,S10_4962,"Stylish Desk Decors, Co.",UK,EMEA,Medium,4,11,2003
10183,2003-11-13,28,100.0,3433.36,Shipped,Classic Cars,S10_4962,"Classic Gift Ideas, Inc",USA,Unknown,Medium,4,11,2003
10194,2003-11-25,26,100.0,4263.74,Shipped,Classic Cars,S10_4962,"Saveley & Henriot, Co.",France,EMEA,Medium,4,11,2003
10207,2003-12-09,31,100.0,4076.19,Shipped,Classic Cars,S10_4962,Diecast Collectables,USA,Unknown,Medium,4,12,2003
10217,2004-02-04,48,100.0,7020.48,Shipped,Classic Cars,S10_4962,Handji Gifts& Co,Singapore,APAC,Large,1,2,2004
10229,2004-03-11,50,100.0,6426.5,Shipped,Classic Cars,S10_4962,Mini Gifts Distributors Ltd.,USA,Unknown,Medium,1,3,2004
10245,2004-05-04,28,100.0,4591.72,Shipped,Classic Cars,S10_4962,Super Scale Inc.,USA,Unknown,Medium,2,5,2004
10259,2004-06-15,26,100.0,4033.38,Shipped,Classic Cars,S10_4962,Handji Gifts& Co,Singapore,APAC,Medium,2,6,2004
10270,2004-07-19,32,100.0,4302.08,Shipped,Classic Cars,S10_4962,Souveniers And Things Co.,Australia,APAC,Medium,3,7,2004
10281,2004-08-19,44,100.0,7020.64,Shipped,Classic Cars,S10_4962,Diecast Classics Inc.,USA,Unknown,Large,3,8,2004
10291,2004-09-08,30,100.0,3855.9,Shipped,Classic Cars,S10_4962,Scandinavian Gift Ideas,Sweden,EMEA,Medium,3,9,2004
10305,2004-10-13,38,100.0,6680.78,Shipped,Classic Cars,S10_4962,Marta's Replicas Co.,USA,Unknown,Medium,4,10,2004
10313,2004-10-22,40,100.0,6678.0,Shipped,Classic Cars,S10_4962,Canadian Gift Exchange Network,Canada,Unknown,Medium,4,10,2004
10322,2004-11-04,46,61.99,2851.54,Shipped,Classic Cars,S10_4962,Online Diecast Creations Co.,USA,Unknown,Small,4,11,2004
10334,2004-11-19,26,100.0,3188.12,On Hold,Classic Cars,S10_4962,"Volvo Model Replicas, Co",Sweden,EMEA,Medium,4,11,2004
10347,2004-11-29,27,100.0,4428.0,Shipped,Classic Cars,S10_4962,"Australian Collectors, Co.",Australia,APAC,Medium,4,11,2004
10357,2004-12-10,43,100.0,5780.92,Shipped,Classic Cars,S10_4962,Mini Gifts Distributors Ltd.,USA,Unknown,Medium,4,12,2004
10370,2005-01-20,35,65.63,2297.05,Shipped,Classic Cars,S10_4962,"Anna's Decorations, Ltd",Australia,APAC,Small,1,1,2005
10381,2005-02-17,37,100.0,6231.54,Shipped,Classic Cars,S10_4962,Corporate Gift Ideas Co.,USA,Unknown,Medium,1,2,2005
10391,2005-03-09,37,46.9,1735.3,Shipped,Classic Cars,S10_4962,"Anna's Decorations, Ltd",Australia,APAC,Small,1,3,2005
10411,2005-05-01,27,100.0,4427.73,Shipped,Classic Cars,S10_4962,Quebec Home Shopping Network,Canada,Unknown,Medium,2,5,2005
10425,2005-05-31,38,100.0,5894.94,In Process,Classic Cars,S10_4962,La Rochelle Gifts,France,EMEA,Medium,2,5,2005
10108,2003-03-03,33,100.0,5265.15,Shipped,Classic Cars,S12_1099,Cruz & Sons Co.,Philippines,Japan,Medium,1,3,2003
10122,2003-05-08,42,100.0,7599.9,Shipped,Classic Cars,S12_1099,Marseille Mini Autos,France,EMEA,Large,2,5,2003
10135,2003-07-02,42,100.0,8008.56,Shipped,Classic Cars,S12_1099,Mini Gifts Distributors Ltd.,USA,Unknown,Large,3,7,2003
10147,2003-09-05,48,100.0,9245.76,Shipped,Classic Cars,S12_1099,Collectables For Less Inc.,USA,Unknown,Large,3,9,2003
10159,2003-10-10,41,100.0,8296.35,Shipped,Classic Cars,S12_1099,Corporate Gift Ideas Co.,USA,Unknown,Large,4,10,2003
10169,2003-11-04,30,100.0,5019.9,Shipped,Classic Cars,S12_1099,"Anna's Decorations, Ltd",Australia,APAC,Medium,4,11,2003
10181,2003-11-12,27,100.0,5411.07,Shipped,Classic Cars,S12_1099,Herkku Gifts,Norway,EMEA,Medium,4,11,2003
10191,2003-11-20,21,100.0,3840.9,Shipped,Classic Cars,S12_1099,"Toms Spezialitten, Ltd",Germany,EMEA,Medium,4,11,2003
10203,2003-12-02,20,100.0,3930.4,Shipped,Classic Cars,S12_1099,Euro Shopping Channel,Spain,EMEA,Medium,4,12,2003
10211,2004-01-15,41,100.0,7498.9,Shipped,Classic Cars,S12_1099,Auto Canal Petit,France,EMEA,Large,1,1,2004
10225,2004-02-22,27,100.0,4517.91,Shipped,Classic Cars,S12_1099,"Vida Sport, Ltd",Switzerland,EMEA,Medium,1,2,2004
10238,2004-04-09,28,100.0,5774.72,Shipped,Classic Cars,S12_1099,Danish Wholesale Imports,Denmark,EMEA,Medium,2,4,2004
10253,2004-06-01,24,100.0,3922.56,Cancelled,Classic Cars,S12_1099,"UK Collectables, Ltd.",UK,EMEA,Medium,2,6,2004
10266,2004-07-06,44,100.0,9160.36,Shipped,Classic Cars,S12_1099,L'ordine Souveniers,Italy,EMEA,Large,3,7,2004
10276,2004-08-02,50,100.0,9631.0,Shipped,Classic Cars,S12_1099,Online Mini Collectables,USA,Unknown,Large,3,8,2004
10287,2004-08-30,21,100.0,3432.24,Shipped,Classic Cars,S12_1099,"Vida Sport, Ltd",Switzerland,EMEA,Medium,3,8,2004
10300,2003-10-04,33,100.0,5521.89,Shipped,Classic Cars,S12_1099,"Blauer See Auto, Co.",Germany,EMEA,Medium,4,10,2003
10310,2004-10-16,33,100.0,6934.62,Shipped,Classic Cars,S12_1099,"Toms Spezialitten, Ltd",Germany,EMEA,Medium,4,10,2004
10320,2004-11-03,31,100.0,6876.11,Shipped,Classic Cars,S12_1099,"Volvo Model Replicas, Co",Sweden,EMEA,Medium,4,11,2004
10329,2004-11-15,41,71.47,2930.27,Shipped,Classic Cars,S12_1099,Land of Toys Inc.,USA,Unknown,Small,4,11,2004
10341,2004-11-24,45,79.65,3584.25,Shipped,Classic Cars,S12_1099,Salzburg Collectables,Austria,EMEA,Medium,4,11,2004
10363,2005-01-06,33,85.39,2817.87,Shipped,Classic Cars,S12_1099,Suominen Souveniers,Finland,EMEA,Small,1,1,2005
10375,2005-02-03,45,76.0,3420.0,Shipped,Classic Cars,S12_1099,La Rochelle Gifts,France,EMEA,Medium,1,2,2005
10389,2005-03-03,26,99.04,2575.04,Shipped,Classic Cars,S12_1099,Scandinavian Gift Ideas,Sweden,EMEA,Small,1,3,2005
10419,2005-05-17,12,100.0,1961.28,Shipped,Classic Cars,S12_1099,Salzburg Collectables,Austria,EMEA,Small,2,5,2005
10105,2003-02-11,41,100.0,8690.36,Shipped,Classic Cars,S12_1108,Danish Wholesale Imports,Denmark,EMEA,Large,1,2,2003
10117,2003-04-16,33,100.0,6034.38,Shipped,Classic Cars,S12_1108,"Dragon Souveniers, Ltd.",Singapore,Japan,Medium,2,4,2003
10127,2003-06-03,46,100.0,11279.2,Shipped,Classic Cars,S12_1108,Muscle Machine Inc,USA,Unknown,Large,2,6,2003
10142,2003-08-08,33,100.0,8023.29,Shipped,Classic Cars,S12_1108,Mini Gifts Distributors Ltd.,USA,Unknown,Large,3,8,2003
10153,2003-09-28,20,100.0,4904.0,Shipped,Classic Cars,S12_1108,Euro Shopping Channel,Spain,EMEA,Medium,3,9,2003
10165,2003-10-22,44,100.0,8594.52,Shipped,Classic Cars,S12_1108,"Dragon Souveniers, Ltd.",Singapore,Japan,Large,4,10,2003
10176,2003-11-06,33,100.0,7474.5,Shipped,Classic Cars,S12_1108,L'ordine Souveniers,Italy,EMEA,Large,4,11,2003
10185,2003-11-14,21,100.0,3883.74,Shipped,Classic Cars,S12_1108,Mini Creations Ltd.,USA,Unknown,Medium,4,11,2003
10196,2003-11-26,47,100.0,8887.7,Shipped,Classic Cars,S12_1108,Super Scale Inc.,USA,Unknown,Large,4,11,2003
10208,2004-01-02,46,100.0,8602.92,Shipped,Classic Cars,S12_1108,"Saveley & Henriot, Co.",France,EMEA,Large,1,1,2004
10220,2004-02-12,32,100.0,7181.44,Shipped,Classic Cars,S12_1108,"Clover Collections, Co.",Ireland,EMEA,Large,1,2,2004
10231,2004-03-19,42,100.0,8378.58,Shipped,Classic Cars,S12_1108,CAF Imports,Spain,EMEA,Large,1,3,2004
10247,2004-05-05,44,100.0,10606.2,Shipped,Classic Cars,S12_1108,Suominen Souveniers,Finland,EMEA,Large,2,5,2004
10272,2004-07-20,35,100.0,5818.4,Shipped,Classic Cars,S12_1108,Diecast Classics Inc.,USA,Unknown,Medium,3,7,2004
10282,2004-08-20,41,100.0,7071.27,Shipped,Classic Cars,S12_1108,Mini Gifts Distributors Ltd.,USA,Unknown,Large,3,8,2004
10293,2004-09-09,46,100.0,8411.56,Shipped,Classic Cars,S12_1108,Amica Models & Co.,Italy,EMEA,Large,3,9,2004
10306,2004-10-14,31,100.0,6570.76,Shipped,Classic Cars,S12_1108,"AV Stores, Co.",UK,EMEA,Medium,4,10,2004
10314,2004-10-22,38,100.0,7975.44,Shipped,Classic Cars,S12_1108,Heintze Collectables,Denmark,EMEA,Large,4,10,2004
10325,2004-11-05,42,64.0,2688.0,Shipped,Classic Cars,S12_1108,Baane Mini Imports,Norway,EMEA,Small,4,11,2004
10336,2004-11-20,33,57.22,1888.26,Shipped,Classic Cars,S12_1108,"La Corne D'abondance, Co.",France,EMEA,Small,4,11,2004
10348,2004-11-01,48,52.36,2513.28,Shipped,Classic Cars,S12_1108,"Corrida Auto Replicas, Ltd",Spain,EMEA,Small,4,11,2004
10359,2004-12-15,42,100.0,4764.48,Shipped,Classic Cars,S12_1108,Reims Collectables,France,EMEA,Medium,4,12,2004
10371,2005-01-23,32,100.0,3560.64,Shipped,Classic Cars,S12_1108,Mini Gifts Distributors Ltd.,USA,Unknown,Medium,1,1,2005
10382,2005-02-17,34,100.0,3823.64,Shipped,Classic Cars,S12_1108,Mini Gifts Distributors Ltd.,USA,Unknown,Medium,1,2,2005
10395,2005-03-17,33,69.12,2280.96,Shipped,Classic Cars,S12_1108,Lyon Souveniers,France,EMEA,Small,1,3,2005
10413,2005-05-05,36,100.0,8677.8,Shipped,Classic Cars,S12_1108,Gift Depot Inc.,USA,Unknown,Large,2,5,2005
10103,2003-01-29,27,100.0,3394.98,Shipped,Trucks and Buses,S12_1666,Baane Mini Imports,Norway,EMEA,Medium,1,1,2003
10113,2003-03-26,21,100.0,3415.44,Shipped,Trucks and Buses,S12_1666,Mini Gifts Distributors Ltd.,USA,Unknown,Medium,1,3,2003
10126,2003-05-28,21,100.0,2439.57,Shipped,Trucks and Buses,S12_1666,"Corrida Auto Replicas, Ltd",Spain,EMEA,Small,2,5,2003
10140,2003-07-24,38,100.0,4829.8,Shipped,Trucks and Buses,S12_1666,Technics Stores Inc.,USA,Unknown,Medium,3,7,2003
10150,2003-09-19,30,100.0,4100.1,Shipped,Trucks and Buses,S12_1666,"Dragon Souveniers, Ltd.",Singapore,Japan,Medium,3,9,2003
10164,2003-10-21,49,100.0,6563.06,Resolved,Trucks and Buses,S12_1666,Mini Auto Werke,Austria,EMEA,Medium,4,10,2003
10174,2003-11-06,43,100.0,6817.22,Shipped,Trucks and Buses,S12_1666,"Australian Gift Network, Co",Australia,APAC,Medium,4,11,2003
10183,2003-11-13,41,100.0,6163.94,Shipped,Trucks and Buses,S12_1666,"Classic Gift Ideas, Inc",USA,Unknown,Medium,4,11,2003
10194,2003-11-25,38,100.0,4933.92,Shipped,Trucks and Buses,S12_1666,"Saveley & Henriot, Co.",France,EMEA,Medium,4,11,2003
10206,2003-12-05,28,100.0,4056.36,Shipped,Trucks and Buses,S12_1666,Canadian Gift Exchange Network,Canada,Unknown,Medium,4,12,2003
10216,2004-02-02,43,100.0,5759.42,Shipped,Trucks and Buses,S12_1666,Auto Assoc. & Cie.,France,EMEA,Medium,1,2,2004
10229,2004-03-11,25,100.0,3451.0,Shipped,Trucks and Buses,S12_1666,Mini Gifts Distributors Ltd.,USA,Unknown,Medium,1,3,2004
10245,2004-05-04,38,100.0,5920.4,Shipped,Trucks and Buses,S12_1666,Super Scale Inc.,USA,Unknown,Medium,2,5,2004
10258,2004-06-15,41,100.0,6668.24,Shipped,Trucks and Buses,S12_1666,"Tokyo Collectables, Ltd",Japan,Japan,Medium,2,6,2004
10270,2004-07-19,28,100.0,4094.72,Shipped,Trucks and Buses,S12_1666,Souveniers And Things Co.,Australia,APAC,Medium,3,7,2004
10281,2004-08-19,25,100.0,2938.5,Shipped,Trucks and Buses,S12_1666,Diecast Classics Inc.,USA,Unknown,Small,3,8,2004
10291,2004-09-08,41,100.0,6387.8,Shipped,Trucks and Buses,S12_1666,Scandinavian Gift Ideas,Sweden,EMEA,Medium,3,9,2004
10304,2004-10-11,39,100.0,6396.0,Shipped,Trucks and Buses,S12_1666,Auto Assoc. & Cie.,France,EMEA,Medium,4,10,2004
10313,2004-10-22,21,100.0,2669.1,Shipped,Trucks and Buses,S12_1666,Canadian Gift Exchange Network,Canada,Unknown,Small,4,10,2004
10322,2004-11-04,27,100.0,4784.13,Shipped,Trucks and Buses,S12_1666,Online Diecast Creations Co.,USA,Unknown,Medium,4,11,2004
10333,2004-11-18,33,99.21,3273.93,Shipped,Trucks and Buses,S12_1666,Mini Wheels Co.,USA,Unknown,Medium,4,11,2004
10347,2004-11-29,29,100.0,3586.43,Shipped,Trucks and Buses,S12_1666,"Australian Collectors, Co.",Australia,APAC,Medium,4,11,2004
10357,2004-12-10,49,100.0,5960.36,Shipped,Trucks and Buses,S12_1666,Mini Gifts Distributors Ltd.,USA,Unknown,Medium,4,12,2004
10370,2005-01-20,49,100.0,8470.14,Shipped,Trucks and Buses,S12_1666,"Anna's Decorations, Ltd",Australia,APAC,Large,1,1,2005
10381,2005-02-17,20,100.0,2952.0,Shipped,Trucks and Buses,S12_1666,Corporate Gift Ideas Co.,USA,Unknown,Small,1,2,2005
10391,2005-03-09,39,63.2,2464.8,Shipped,Trucks and Buses,S12_1666,"Anna's Decorations, Ltd",Australia,APAC,Small,1,3,2005
10411,2005-05-01,40,100.0,6232.0,Shipped,Trucks and Buses,S12_1666,Quebec Home Shopping Network,Canada,Unknown,Medium,2,5,2005
10424,2005-05-31,49,100.0,7969.36,In Process,Trucks and Buses,S12_1666,Euro Shopping Channel,Spain,EMEA,Large,2,5,2005
10107,2003-02-24,21,100.0,3036.6,Shipped,Motorcycles,S12_2823,Land of Toys Inc.,USA,Unknown,Medium,1,2,2003
10121,2003-05-07,50,100.0,8284.0,Shipped,Motorcycles,S12_2823,Reims Collectables,France,EMEA,Large,2,5,2003
10134,2003-07-01,20,100.0,2711.2,Shipped,Motorcycles,S12_2823,Lyon Souveniers,France,EMEA,Small,3,7,2003
10145,2003-08-25,49,100.0,8339.8,Shipped,Motorcycles,S12_2823,Toys4GrownUps.com,USA,Unknown,Large,3,8,2003
10159,2003-10-10,38,100.0,6238.84,Shipped,Motorcycles,S12_2823,Corporate Gift Ideas Co.,USA,Unknown,Medium,4,10,2003
10169,2003-11-04,35,100.0,4639.25,Shipped,Motorcycles,S12_2823,"Anna's Decorations, Ltd",Australia,APAC,Medium,4,11,2003
10180,2003-11-11,40,100.0,6747.6,Shipped,Motorcycles,S12_2823,Daedalus Designs Imports,France,EMEA,Medium,4,11,2003
10189,2003-11-18,28,100.0,4512.48,Shipped,Motorcycles,S12_2823,Toys4GrownUps.com,USA,Unknown,Medium,4,11,2003
10201,2003-12-01,25,100.0,4029.0,Shipped,Motorcycles,S12_2823,Mini Wheels Co.,USA,Unknown,Medium,4,12,2003
10211,2004-01-15,36,100.0,4771.8,Shipped,Motorcycles,S12_2823,Auto Canal Petit,France,EMEA,Medium,1,1,2004
10224,2004-02-21,43,100.0,6087.94,Shipped,Motorcycles,S12_2823,Daedalus Designs Imports,France,EMEA,Medium,1,2,2004
10237,2004-04-05,32,100.0,4193.28,Shipped,Motorcycles,S12_2823,Vitachrome Inc.,USA,Unknown,Medium,2,4,2004
10251,2004-05-18,46,100.0,7552.28,Shipped,Motorcycles,S12_2823,Tekni Collectables Inc.,USA,Unknown,Large,2,5,2004
10263,2004-06-28,48,100.0,6434.4,Shipped,Motorcycles,S12_2823,Gift Depot Inc.,USA,Unknown,Medium,2,6,2004
10276,2004-08-02,43,100.0,5181.5,Shipped,Motorcycles,S12_2823,Online Mini Collectables,USA,Unknown,Medium,3,8,2004
10285,2004-08-27,49,100.0,6863.92,Shipped,Motorcycles,S12_2823,Marta's Replicas Co.,USA,Unknown,Medium,3,8,2004
10299,2004-09-30,24,100.0,4157.04,Shipped,Motorcycles,S12_2823,"Toys of Finland, Co.",Finland,EMEA,Medium,3,9,2004
10309,2004-10-15,26,100.0,4660.24,Shipped,Motorcycles,S12_2823,Baane Mini Imports,Norway,EMEA,Medium,4,10,2004
10319,2004-11-03,30,100.0,4111.8,Shipped,Motorcycles,S12_2823,Microscale Inc.,USA,Unknown,Medium,4,11,2004
10329,2004-11-15,24,100.0,3542.64,Shipped,Motorcycles,S12_2823,Land of Toys Inc.,USA,Unknown,Medium,4,11,2004
10341,2004-11-24,55,100.0,8118.55,Shipped,Motorcycles,S12_2823,Salzburg Collectables,Austria,EMEA,Large,4,11,2004
10362,2005-01-05,22,100.0,3877.06,Shipped,Motorcycles,S12_2823,Technics Stores Inc.,USA,Unknown,Medium,1,1,2005
10375,2005-02-03,49,78.92,3867.08,Shipped,Motorcycles,S12_2823,La Rochelle Gifts,France,EMEA,Medium,1,2,2005
10388,2005-03-03,44,100.0,5951.44,Shipped,Motorcycles,S12_2823,FunGiftIdeas.com,USA,Unknown,Medium,1,3,2005
10403,2005-04-08,66,100.0,8648.64,Shipped,Motorcycles,S12_2823,"UK Collectables, Ltd.",UK,EMEA,Large,2,4,2005
10417,2005-05-13,21,100.0,3447.78,Disputed,Motorcycles,S12_2823,Euro Shopping Channel,Spain,EMEA,Medium,2,5,2005
10104,2003-01-31,34,100.0,5958.5,Shipped,Classic Cars,S12_3148,Euro Shopping Channel,Spain,EMEA,Medium,1,1,2003
10117,2003-04-16,43,100.0,5911.64,Shipped,Classic Cars,S12_3148,"Dragon Souveniers, Ltd.",Singapore,Japan,Medium,2,4,2003
10127,2003-06-03,46,100.0,7366.44,Shipped,Classic Cars,S12_3148,Muscle Machine Inc,USA,Unknown,Large,2,6,2003
10142,2003-08-08,33,100.0,4985.64,Shipped,Classic Cars,S12_3148,Mini Gifts Distributors Ltd.,USA,Unknown,Medium,3,8,2003
10153,2003-09-28,42,100.0,5393.64,Shipped,Classic Cars,S12_3148,Euro Shopping Channel,Spain,EMEA,Medium,3,9,2003
10165,2003-10-22,34,100.0,4880.02,Shipped,Classic Cars,S12_3148,"Dragon Souveniers, Ltd.",Singapore,Japan,Medium,4,10,2003
10176,2003-11-06,47,100.0,8378.69,Shipped,Classic Cars,S12_3148,L'ordine Souveniers,Italy,EMEA,Large,4,11,2003
10185,2003-11-14,33,100.0,4038.21,Shipped,Classic Cars,S12_3148,Mini Creations Ltd.,USA,Unknown,Medium,4,11,2003
10196,2003-11-26,24,100.0,3807.12,Shipped,Classic Cars,S12_3148,Super Scale Inc.,USA,Unknown,Medium,4,11,2003
10208,2004-01-02,26,100.0,3142.36,Shipped,Classic Cars,S12_3148,"Saveley & Henriot, Co.",France,EMEA,Medium,1,1,2004
10220,2004-02-12,30,100.0,4713.6,Shipped,Classic Cars,S12_3148,"Clover Collections, Co.",Ireland,EMEA,Medium,1,2,2004
10230,2004-03-15,43,100.0,7016.31,Shipped,Classic Cars,S12_3148,"Blauer See Auto, Co.",Germany,EMEA,Large,1,3,2004
10247,2004-05-05,25,100.0,4381.25,Shipped,Classic Cars,S12_3148,Suominen Souveniers,Finland,EMEA,Medium,2,5,2004
10272,2004-07-20,27,100.0,4283.01,Shipped,Classic Cars,S12_3148,Diecast Classics Inc.,USA,Unknown,Medium,3,7,2004
10282,2004-08-20,27,100.0,4364.82,Shipped,Classic Cars,S12_3148,Mini Gifts Distributors Ltd.,USA,Unknown,Medium,3,8,2004
10293,2004-09-09,24,100.0,4242.24,Shipped,Classic Cars,S12_3148,Amica Models & Co.,Italy,EMEA,Medium,3,9,2004
10306,2004-10-14,34,100.0,4982.7,Shipped,Classic Cars,S12_3148,"AV Stores, Co.",UK,EMEA,Medium,4,10,2004
10314,2004-10-22,46,100.0,6393.54,Shipped,Classic Cars,S12_3148,Heintze Collectables,Denmark,EMEA,Medium,4,10,2004
10324,2004-11-05,27,54.33,1466.91,Shipped,Classic Cars,S12_3148,Vitachrome Inc.,USA,Unknown,Small,4,11,2004
10336,2004-11-20,33,100.0,4059.33,Shipped,Classic Cars,S12_3148,"La Corne D'abondance, Co.",France,EMEA,Medium,4,11,2004
10348,2004-11-01,47,100.0,4801.52,Shipped,Classic Cars,S12_3148,"Corrida Auto Replicas, Ltd",Spain,EMEA,Medium,4,11,2004
10358,2004-12-10,49,55.34,2711.66,Shipped,Classic Cars,S12_3148,Euro Shopping Channel,Spain,EMEA,Small,4,12,2004
10372,2005-01-26,40,100.0,5862.0,Shipped,Classic Cars,S12_3148,"Tokyo Collectables, Ltd",Japan,Japan,Medium,1,1,2005
10382,2005-02-17,37,100.0,4071.85,Shipped,Classic Cars,S12_3148,Mini Gifts Distributors Ltd.,USA,Unknown,Medium,1,2,2005
10413,2005-05-05,47,100.0,8236.75,Shipped,Classic Cars,S12_3148,Gift Depot Inc.,USA,Unknown,Large,2,5,2005
10108,2003-03-03,45,100.0,6130.35,Shipped,Classic Cars,S12_3380,Cruz & Sons Co.,Philippines,Japan,Medium,1,3,2003
10122,2003-05-08,37,99.82,3693.34,Shipped,Classic Cars,S12_3380,Marseille Mini Autos,France,EMEA,Medium,2,5,2003
10135,2003-07-02,48,100.0,6031.68,Shipped,Classic Cars,S12_3380,Mini Gifts Distributors Ltd.,USA,Unknown,Medium,3,7,2003
10147,2003-09-05,31,100.0,3494.94,Shipped,Classic Cars,S12_3380,Collectables For Less Inc.,USA,Unknown,Medium,3,9,2003
10160,2003-10-11,46,100.0,5294.14,Shipped,Classic Cars,S12_3380,"Men 'R' US Retailers, Ltd.",USA,Unknown,Medium,4,10,2003
10170,2003-11-04,47,100.0,5464.69,Shipped,Classic Cars,S12_3380,Mini Auto Werke,Austria,EMEA,Medium,4,11,2003
10181,2003-11-12,28,100.0,2860.76,Shipped,Classic Cars,S12_3380,Herkku Gifts,Norway,EMEA,Small,4,11,2003
10191,2003-11-20,40,100.0,5590.0,Shipped,Classic Cars,S12_3380,"Toms Spezialitten, Ltd",Germany,EMEA,Medium,4,11,2003
10203,2003-12-02,20,100.0,2254.8,Shipped,Classic Cars,S12_3380,Euro Shopping Channel,Spain,EMEA,Small,4,12,2003
10212,2004-01-16,39,100.0,4946.76,Shipped,Classic Cars,S12_3380,Euro Shopping Channel,Spain,EMEA,Medium,1,1,2004
10225,2004-02-22,25,99.82,2495.5,Shipped,Classic Cars,S12_3380,"Vida Sport, Ltd",Switzerland,EMEA,Small,1,2,2004
10238,2004-04-09,29,100.0,3167.38,Shipped,Classic Cars,S12_3380,Danish Wholesale Imports,Denmark,EMEA,Medium,2,4,2004
10253,2004-06-01,22,100.0,2402.84,Cancelled,Classic Cars,S12_3380,"UK Collectables, Ltd.",UK,EMEA,Small,2,6,2004
10266,2004-07-06,22,100.0,2454.54,Shipped,Classic Cars,S12_3380,L'ordine Souveniers,Italy,EMEA,Small,3,7,2004
10276,2004-08-02,47,100.0,5464.69,Shipped,Classic Cars,S12_3380,Online Mini Collectables,USA,Unknown,Medium,3,8,2004
10287,2004-08-30,45,100.0,4756.5,Shipped,Classic Cars,S12_3380,"Vida Sport, Ltd",Switzerland,EMEA,Medium,3,8,2004
10300,2003-10-04,29,100.0,3984.6,Shipped,Classic Cars,S12_3380,"Blauer See Auto, Co.",Germany,EMEA,Medium,4,10,2003
10310,2004-10-16,24,100.0,3100.32,Shipped,Classic Cars,S12_3380,"Toms Spezialitten, Ltd",Germany,EMEA,Medium,4,10,2004
10320,2004-11-03,35,100.0,4850.3,Shipped,Classic Cars,S12_3380,"Volvo Model Replicas, Co",Sweden,EMEA,Medium,4,11,2004
10329,2004-11-15,46,83.63,3846.98,Shipped,Classic Cars,S12_3380,Land of Toys Inc.,USA,Unknown,Medium,4,11,2004
10341,2004-11-24,44,95.93,4220.92,Shipped,Classic Cars,S12_3380,Salzburg Collectables,Austria,EMEA,Medium,4,11,2004
10363,2005-01-06,34,96.73,3288.82,Shipped,Classic Cars,S12_3380,Suominen Souveniers,Finland,EMEA,Medium,1,1,2005
10376,2005-02-08,35,100.0,3987.2,Shipped,Classic Cars,S12_3380,Boards & Toys Co.,USA,Unknown,Medium,1,2,2005
10389,2005-03-03,25,72.38,1809.5,Shipped,Classic Cars,S12_3380,Scandinavian Gift Ideas,Sweden,EMEA,Small,1,3,2005
10419,2005-05-17,10,100.0,1092.2,Shipped,Classic Cars,S12_3380,Salzburg Collectables,Austria,EMEA,Small,2,5,2005
10105,2003-02-11,29,100.0,4566.05,Shipped,Classic Cars,S12_3891,Danish Wholesale Imports,Denmark,EMEA,Medium,1,2,2003
10117,2003-04-16,39,100.0,5938.14,Shipped,Classic Cars,S12_3891,"Dragon Souveniers, Ltd.",Singapore,Japan,Medium,2,4,2003
10127,2003-06-03,42,100.0,8138.76,Shipped,Classic Cars,S12_3891,Muscle Machine Inc,USA,Unknown,Large,2,6,2003
10142,2003-08-08,46,100.0,9470.94,Shipped,Classic Cars,S12_3891,Mini Gifts Distributors Ltd.,USA,Unknown,Large,3,8,2003
10153,2003-09-28,49,100.0,7036.89,Shipped,Classic Cars,S12_3891,Euro Shopping Channel,Spain,EMEA,Large,3,9,2003
10165,2003-10-22,27,100.0,5559.03,Shipped,Classic Cars,S12_3891,"Dragon Souveniers, Ltd.",Singapore,Japan,Medium,4,10,2003
10176,2003-11-06,50,100.0,7872.5,Shipped,Classic Cars,S12_3891,L'ordine Souveniers,Italy,EMEA,Large,4,11,2003
10185,2003-11-14,43,100.0,7886.2,Shipped,Classic Cars,S12_3891,Mini Creations Ltd.,USA,Unknown,Large,4,11,2003
10196,2003-11-26,38,100.0,7232.16,Shipped,Classic Cars,S12_3891,Super Scale Inc.,USA,Unknown,Large,4,11,2003
10208,2004-01-02,20,100.0,3114.4,Shipped,Classic Cars,S12_3891,"Saveley & Henriot, Co.",France,EMEA,Medium,1,1,2004
10220,2004-02-12,27,100.0,5045.22,Shipped,Classic Cars,S12_3891,"Clover Collections, Co.",Ireland,EMEA,Medium,1,2,2004
10231,2004-03-19,49,100.0,6952.12,Shipped,Classic Cars,S12_3891,CAF Imports,Spain,EMEA,Medium,1,3,2004
10247,2004-05-05,27,100.0,4157.73,Shipped,Classic Cars,S12_3891,Suominen Souveniers,Finland,EMEA,Medium,2,5,2004
10272,2004-07-20,39,100.0,7962.24,Shipped,Classic Cars,S12_3891,Diecast Classics Inc.,USA,Unknown,Large,3,7,2004
10282,2004-08-20,24,100.0,3778.8,Shipped,Classic Cars,S12_3891,Mini Gifts Distributors Ltd.,USA,Unknown,Medium,3,8,2004
10293,2004-09-09,45,100.0,8253.0,Shipped,Classic Cars,S12_3891,Amica Models & Co.,Italy,EMEA,Large,3,9,2004
10306,2004-10-14,20,100.0,3633.4,Shipped,Classic Cars,S12_3891,"AV Stores, Co.",UK,EMEA,Medium,4,10,2004
10314,2004-10-22,36,100.0,6913.8,Shipped,Classic Cars,S12_3891,Heintze Collectables,Denmark,EMEA,Medium,4,10,2004
10325,2004-11-05,24,100.0,2583.6,Shipped,Classic Cars,S12_3891,Baane Mini Imports,Norway,EMEA,Small,4,11,2004
10336,2004-11-20,49,63.38,3105.62,Shipped,Classic Cars,S12_3891,"La Corne D'abondance, Co.",France,EMEA,Medium,4,11,2004
10349,2004-12-01,26,100.0,4408.56,Shipped,Classic Cars,S12_3891,Muscle Machine Inc,USA,Unknown,Medium,4,12,2004
10359,2004-12-15,49,62.09,3042.41,Shipped,Classic Cars,S12_3891,Reims Collectables,France,EMEA,Medium,4,12,2004
10372,2005-01-26,34,100.0,5941.5,Shipped,Classic Cars,S12_3891,"Tokyo Collectables, Ltd",Japan,Japan,Medium,1,1,2005
10382,2005-02-17,34,95.35,3241.9,Shipped,Classic Cars,S12_3891,Mini Gifts Distributors Ltd.,USA,Unknown,Medium,1,2,2005
10396,2005-03-23,33,100.0,6109.29,Shipped,Classic Cars,S12_3891,Mini Gifts Distributors Ltd.,USA,Unknown,Medium,1,3,2005
10413,2005-05-05,22,100.0,3387.78,Shipped,Classic Cars,S12_3891,Gift Depot Inc.,USA,Unknown,Medium,2,5,2005
10108,2003-03-03,39,89.38,3485.82,Shipped,Classic Cars,S12_3990,Cruz & Sons Co.,Philippines,Japan,Medium,1,3,2003
10122,2003-05-08,32,63.84,2042.88,Shipped,Classic Cars,S12_3990,Marseille Mini Autos,France,EMEA,Small,2,5,2003
10135,2003-07-02,24,75.01,1800.24,Shipped,Classic Cars,S12_3990,Mini Gifts Distributors Ltd.,USA,Unknown,Small,3,7,2003
10147,2003-09-05,21,63.84,1340.64,Shipped,Classic Cars,S12_3990,Collectables For Less Inc.,USA,Unknown,Small,3,9,2003
10159,2003-10-10,24,73.42,1762.08,Shipped,Classic Cars,S12_3990,Corporate Gift Ideas Co.,USA,Unknown,Small,4,10,2003
10169,2003-11-04,36,63.84,2298.24,Shipped,Classic Cars,S12_3990,"Anna's Decorations, Ltd",Australia,APAC,Small,4,11,2003
10181,2003-11-12,20,81.4,1628.0,Shipped,Classic Cars,S12_3990,Herkku Gifts,Norway,EMEA,Small,4,11,2003
10191,2003-11-20,30,64.64,1939.2,Shipped,Classic Cars,S12_3990,"Toms Spezialitten, Ltd",Germany,EMEA,Small,4,11,2003
10203,2003-12-02,44,82.99,3651.56,Shipped,Classic Cars,S12_3990,Euro Shopping Channel,Spain,EMEA,Medium,4,12,2003
10211,2004-01-15,28,92.57,2591.96,Shipped,Classic Cars,S12_3990,Auto Canal Petit,France,EMEA,Small,1,1,2004
10225,2004-02-22,37,77.41,2864.17,Shipped,Classic Cars,S12_3990,"Vida Sport, Ltd",Switzerland,EMEA,Small,1,2,2004
10238,2004-04-09,20,74.21,1484.2,Shipped,Classic Cars,S12_3990,Danish Wholesale Imports,Denmark,EMEA,Small,2,4,2004
10253,2004-06-01,25,90.17,2254.25,Cancelled,Classic Cars,S12_3990,"UK Collectables, Ltd.",UK,EMEA,Small,2,6,2004
10266,2004-07-06,35,76.61,2681.35,Shipped,Classic Cars,S12_3990,L'ordine Souveniers,Italy,EMEA,Small,3,7,2004
10276,2004-08-02,38,83.79,3184.02,Shipped,Classic Cars,S12_3990,Online Mini Collectables,USA,Unknown,Medium,3,8,2004
10287,2004-08-30,41,69.43,2846.63,Shipped,Classic Cars,S12_3990,"Vida Sport, Ltd",Switzerland,EMEA,Small,3,8,2004
10300,2003-10-04,22,76.61,1685.42,Shipped,Classic Cars,S12_3990,"Blauer See Auto, Co.",Germany,EMEA,Small,4,10,2003
10310,2004-10-16,49,81.4,3988.6,Shipped,Classic Cars,S12_3990,"Toms Spezialitten, Ltd",Germany,EMEA,Medium,4,10,2004
10320,2004-11-03,38,73.42,2789.96,Shipped,Classic Cars,S12_3990,"Volvo Model Replicas, Co",Sweden,EMEA,Small,4,11,2004
10329,2004-11-15,33,100.0,3607.56,Shipped,Classic Cars,S12_3990,Land of Toys Inc.,USA,Unknown,Medium,4,11,2004
10341,2004-11-24,36,93.56,3368.16,Shipped,Classic Cars,S12_3990,Salzburg Collectables,Austria,EMEA,Medium,4,11,2004
10363,2005-01-06,34,81.62,2775.08,Shipped,Classic Cars,S12_3990,Suominen Souveniers,Finland,EMEA,Small,1,1,2005
10377,2005-02-09,24,67.83,1627.92,Shipped,Classic Cars,S12_3990,"Toys of Finland, Co.",Finland,EMEA,Small,1,2,2005
10389,2005-03-03,36,70.26,2529.36,Shipped,Classic Cars,S12_3990,Scandinavian Gift Ideas,Sweden,EMEA,Small,1,3,2005
10419,2005-05-17,34,90.17,3065.78,Shipped,Classic Cars,S12_3990,Salzburg Collectables,Austria,EMEA,Medium,2,5,2005
10104,2003-01-31,41,100.0,4615.78,Shipped,Trucks and Buses,S12_4473,Euro Shopping Channel,Spain,EMEA,Medium,1,1,2003
10115,2003-04-04,46,100.0,5723.78,Shipped,Trucks and Buses,S12_4473,Classic Legends Inc.,USA,Unknown,Medium,2,4,2003
10127,2003-06-03,24,100.0,2559.6,Shipped,Trucks and Buses,S12_4473,Muscle Machine Inc,USA,Unknown,Small,2,6,2003
10141,2003-08-01,21,100.0,2140.11,Shipped,Trucks and Buses,S12_4473,Suominen Souveniers,Finland,EMEA,Small,3,8,2003
10151,2003-09-21,24,100.0,3327.6,Shipped,Trucks and Buses,S12_4473,"Oulu Toy Supplies, Inc.",Finland,EMEA,Medium,3,9,2003
10165,2003-10-22,48,100.0,6825.6,Shipped,Trucks and Buses,S12_4473,"Dragon Souveniers, Ltd.",Singapore,Japan,Medium,4,10,2003
10175,2003-11-06,26,100.0,3543.28,Shipped,Trucks and Buses,S12_4473,"Stylish Desk Decors, Co.",UK,EMEA,Medium,4,11,2003
10184,2003-11-14,37,100.0,4516.22,Shipped,Trucks and Buses,S12_4473,"Iberia Gift Imports, Corp.",Spain,EMEA,Medium,4,11,2003
10195,2003-11-25,49,100.0,6445.46,Shipped,Trucks and Buses,S12_4473,Mini Classics,USA,Unknown,Medium,4,11,2003
10207,2003-12-09,34,99.54,3384.36,Shipped,Trucks and Buses,S12_4473,Diecast Collectables,USA,Unknown,Medium,4,12,2003
10219,2004-02-10,48,100.0,4891.68,Shipped,Trucks and Buses,S12_4473,Signal Collectibles Ltd.,USA,Unknown,Medium,1,2,2004
10229,2004-03-11,36,100.0,4521.96,Shipped,Trucks and Buses,S12_4473,Mini Gifts Distributors Ltd.,USA,Unknown,Medium,1,3,2004
10246,2004-05-05,46,100.0,5069.66,Shipped,Trucks and Buses,S12_4473,Euro Shopping Channel,Spain,EMEA,Medium,2,5,2004
10259,2004-06-15,46,100.0,6541.2,Shipped,Trucks and Buses,S12_4473,Handji Gifts& Co,Singapore,APAC,Medium,2,6,2004
10271,2004-07-20,31,97.17,3012.27,Shipped,Trucks and Buses,S12_4473,Mini Gifts Distributors Ltd.,USA,Unknown,Medium,3,7,2004
10281,2004-08-19,41,100.0,5247.18,Shipped,Trucks and Buses,S12_4473,Diecast Classics Inc.,USA,Unknown,Medium,3,8,2004
10292,2004-09-08,21,100.0,2214.87,Shipped,Trucks and Buses,S12_4473,Land of Toys Inc.,USA,Unknown,Small,3,9,2004
10305,2004-10-13,38,100.0,4773.18,Shipped,Trucks and Buses,S12_4473,Marta's Replicas Co.,USA,Unknown,Medium,4,10,2004
10314,2004-10-22,45,100.0,6185.7,Shipped,Trucks and Buses,S12_4473,Heintze Collectables,Denmark,EMEA,Medium,4,10,2004
10324,2004-11-05,26,58.38,1517.88,Shipped,Trucks and Buses,S12_4473,Vitachrome Inc.,USA,Unknown,Small,4,11,2004
10336,2004-11-20,38,100.0,6372.6,Shipped,Trucks and Buses,S12_4473,"La Corne D'abondance, Co.",France,EMEA,Medium,4,11,2004
10349,2004-12-01,48,100.0,5232.96,Shipped,Trucks and Buses,S12_4473,Muscle Machine Inc,USA,Unknown,Medium,4,12,2004
10358,2004-12-10,42,64.16,2694.72,Shipped,Trucks and Buses,S12_4473,Euro Shopping Channel,Spain,EMEA,Small,4,12,2004
10371,2005-01-23,49,35.71,1749.79,Shipped,Trucks and Buses,S12_4473,Mini Gifts Distributors Ltd.,USA,Unknown,Small,1,1,2005
10382,2005-02-17,32,66.58,2130.56,Shipped,Trucks and Buses,S12_4473,Mini Gifts Distributors Ltd.,USA,Unknown,Small,1,2,2005
10412,2005-05-03,54,100.0,5951.34,Shipped,Trucks and Buses,S12_4473,Euro Shopping Channel,Spain,EMEA,Medium,2,5,2005
10425,2005-05-31,33,100.0,4692.6,In Process,Trucks and Buses,S12_4473,La Rochelle Gifts,France,EMEA,Medium,2,5,2005
10108,2003-03-03,36,100.0,3731.04,Shipped,Classic Cars,S12_4675,Cruz & Sons Co.,Philippines,Japan,Medium,1,3,2003
10122,2003-05-08,20,100.0,2142.0,Shipped,Classic Cars,S12_4675,Marseille Mini Autos,France,EMEA,Small,2,5,2003
10135,2003-07-02,29,97.89,2838.81,Shipped,Classic Cars,S12_4675,Mini Gifts Distributors Ltd.,USA,Unknown,Small,3,7,2003
10147,2003-09-05,33,97.89,3230.37,Shipped,Classic Cars,S12_4675,Collectables For Less Inc.,USA,Unknown,Medium,3,9,2003
10160,2003-10-11,50,100.0,5182.0,Shipped,Classic Cars,S12_4675,"Men 'R' US Retailers, Ltd.",USA,Unknown,Medium,4,10,2003
10170,2003-11-04,41,100.0,4391.1,Shipped,Classic Cars,S12_4675,Mini Auto Werke,Austria,EMEA,Medium,4,11,2003
10181,2003-11-12,36,100.0,4477.32,Shipped,Classic Cars,S12_4675,Herkku Gifts,Norway,EMEA,Medium,4,11,2003
10192,2003-11-20,27,100.0,3544.56,Shipped,Classic Cars,S12_4675,Online Diecast Creations Co.,USA,Unknown,Medium,4,11,2003
10203,2003-12-02,47,100.0,5195.85,Shipped,Classic Cars,S12_4675,Euro Shopping Channel,Spain,EMEA,Medium,4,12,2003
10212,2004-01-16,33,100.0,4180.44,Shipped,Classic Cars,S12_4675,Euro Shopping Channel,Spain,EMEA,Medium,1,1,2004
10225,2004-02-22,21,100.0,2684.43,Shipped,Classic Cars,S12_4675,"Vida Sport, Ltd",Switzerland,EMEA,Small,1,2,2004
10239,2004-04-12,21,93.28,1958.88,Shipped,Classic Cars,S12_4675,"Oulu Toy Supplies, Inc.",Finland,EMEA,Small,2,4,2004
10253,2004-06-01,41,100.0,4910.57,Cancelled,Classic Cars,S12_4675,"UK Collectables, Ltd.",UK,EMEA,Medium,2,6,2004
10266,2004-07-06,40,100.0,4468.4,Shipped,Classic Cars,S12_4675,L'ordine Souveniers,Italy,EMEA,Medium,3,7,2004
10277,2004-08-04,28,100.0,3127.88,Shipped,Classic Cars,S12_4675,"Dragon Souveniers, Ltd.",Singapore,Japan,Medium,3,8,2004
10287,2004-08-30,23,100.0,2675.13,Shipped,Classic Cars,S12_4675,"Vida Sport, Ltd",Switzerland,EMEA,Small,3,8,2004
10300,2003-10-04,23,100.0,2807.61,Shipped,Classic Cars,S12_4675,"Blauer See Auto, Co.",Germany,EMEA,Small,4,10,2003
10310,2004-10-16,25,100.0,2504.75,Shipped,Classic Cars,S12_4675,"Toms Spezialitten, Ltd",Germany,EMEA,Small,4,10,2004
10321,2004-11-04,24,100.0,2984.88,Shipped,Classic Cars,S12_4675,FunGiftIdeas.com,USA,Unknown,Small,4,11,2004
10329,2004-11-15,39,64.74,2524.86,Shipped,Classic Cars,S12_4675,Land of Toys Inc.,USA,Unknown,Small,4,11,2004
10341,2004-11-24,55,75.2,4136.0,Shipped,Classic Cars,S12_4675,Salzburg Collectables,Austria,EMEA,Medium,4,11,2004
10363,2005-01-06,46,88.45,4068.7,Shipped,Classic Cars,S12_4675,Suominen Souveniers,Finland,EMEA,Medium,1,1,2005
10377,2005-02-09,50,100.0,5182.0,Shipped,Classic Cars,S12_4675,"Toys of Finland, Co.",Finland,EMEA,Medium,1,2,2005
10389,2005-03-03,47,100.0,5243.79,Shipped,Classic Cars,S12_4675,Scandinavian Gift Ideas,Sweden,EMEA,Medium,1,3,2005
10405,2005-04-14,97,93.28,9048.16,Shipped,Classic Cars,S12_4675,Mini Caravy,France,EMEA,Large,2,4,2005
10419,2005-05-17,32,100.0,3832.64,Shipped,Classic Cars,S12_4675,Salzburg Collectables,Austria,EMEA,Medium,2,5,2005
10103,2003-01-29,35,100.0,3920.0,Shipped,Trucks and Buses,S18_1097,Baane Mini Imports,Norway,EMEA,Medium,1,1,2003
10113,2003-03-26,49,100.0,4916.66,Shipped,Trucks and Buses,S18_1097,Mini Gifts Distributors Ltd.,USA,Unknown,Medium,1,3,2003
10126,2003-05-28,38,100.0,3857.0,Shipped,Trucks and Buses,S18_1097,"Corrida Auto Replicas, Ltd",Spain,EMEA,Medium,2,5,2003
10140,2003-07-24,32,100.0,4181.44,Shipped,Trucks and Buses,S18_1097,Technics Stores Inc.,USA,Unknown,Medium,3,7,2003
10150,2003-09-19,34,100.0,4641.0,Shipped,Trucks and Buses,S18_1097,"Dragon Souveniers, Ltd.",Singapore,Japan,Medium,3,9,2003
10164,2003-10-21,36,99.17,3570.12,Resolved,Trucks and Buses,S18_1097,Mini Auto Werke,Austria,EMEA,Medium,4,10,2003
10174,2003-11-06,48,93.34,4480.32,Shipped,Trucks and Buses,S18_1097,"Australian Gift Network, Co",Australia,APAC,Medium,4,11,2003
10183,2003-11-13,21,96.84,2033.64,Shipped,Trucks and Buses,S18_1097,"Classic Gift Ideas, Inc",USA,Unknown,Small,4,11,2003
10194,2003-11-25,21,93.34,1960.14,Shipped,Trucks and Buses,S18_1097,"Saveley & Henriot, Co.",France,EMEA,Small,4,11,2003
10206,2003-12-05,34,100.0,3966.78,Shipped,Trucks and Buses,S18_1097,Canadian Gift Exchange Network,Canada,Unknown,Medium,4,12,2003
10215,2004-01-29,46,100.0,5152.0,Shipped,Trucks and Buses,S18_1097,West Coast Collectables Co.,USA,Unknown,Medium,1,1,2004
10228,2004-03-10,32,100.0,3360.0,Shipped,Trucks and Buses,S18_1097,Cambridge Collectables Co.,USA,Unknown,Medium,1,3,2004
10245,2004-05-04,29,100.0,3451.0,Shipped,Trucks and Buses,S18_1097,Super Scale Inc.,USA,Unknown,Medium,2,5,2004
10258,2004-06-15,41,100.0,5453.0,Shipped,Trucks and Buses,S18_1097,"Tokyo Collectables, Ltd",Japan,Japan,Medium,2,6,2004
10270,2004-07-19,43,96.84,4164.12,Shipped,Trucks and Buses,S18_1097,Souveniers And Things Co.,Australia,APAC,Medium,3,7,2004
10280,2004-08-17,24,100.0,2800.08,Shipped,Trucks and Buses,S18_1097,Amica Models & Co.,Italy,EMEA,Small,3,8,2004
10291,2004-09-08,41,100.0,4687.94,Shipped,Trucks and Buses,S18_1097,Scandinavian Gift Ideas,Sweden,EMEA,Medium,3,9,2004
10304,2004-10-11,46,98.0,4508.0,Shipped,Trucks and Buses,S18_1097,Auto Assoc. & Cie.,France,EMEA,Medium,4,10,2004
10312,2004-10-21,32,100.0,4181.44,Shipped,Trucks and Buses,S18_1097,Mini Gifts Distributors Ltd.,USA,Unknown,Medium,4,10,2004
10322,2004-11-04,22,100.0,2251.04,Shipped,Trucks and Buses,S18_1097,Online Diecast Creations Co.,USA,Unknown,Small,4,11,2004
10333,2004-11-18,29,40.25,1167.25,Shipped,Trucks and Buses,S18_1097,Mini Wheels Co.,USA,Unknown,Small,4,11,2004
10347,2004-11-29,42,49.6,2083.2,Shipped,Trucks and Buses,S18_1097,"Australian Collectors, Co.",Australia,APAC,Small,4,11,2004
10357,2004-12-10,39,98.0,3822.0,Shipped,Trucks and Buses,S18_1097,Mini Gifts Distributors Ltd.,USA,Unknown,Medium,4,12,2004
10370,2005-01-20,27,100.0,3911.49,Shipped,Trucks and Buses,S18_1097,"Anna's Decorations, Ltd",Australia,APAC,Medium,1,1,2005
10381,2005-02-17,48,98.0,4704.0,Shipped,Trucks and Buses,S18_1097,Corporate Gift Ideas Co.,USA,Unknown,Medium,1,2,2005
10391,2005-03-09,29,85.1,2467.9,Shipped,Trucks and Buses,S18_1097,"Anna's Decorations, Ltd",Australia,APAC,Small,1,3,2005
10411,2005-05-01,27,100.0,3213.0,Shipped,Trucks and Buses,S18_1097,Quebec Home Shopping Network,Canada,Unknown,Medium,2,5,2005
10424,2005-05-31,54,100.0,7182.0,In Process,Trucks and Buses,S18_1097,Euro Shopping Channel,Spain,EMEA,Large,2,5,2005
10109,2003-03-10,26,100.0,4379.18,Shipped,Classic Cars,S18_1129,Motor Mint Distributors Inc.,USA,Unknown,Medium,1,3,2003
10122,2003-05-08,34,100.0,5004.8,Shipped,Classic Cars,S18_1129,Marseille Mini Autos,France,EMEA,Medium,2,5,2003
10136,2003-07-04,25,100.0,3644.75,Shipped,Classic Cars,S18_1129,Alpha Cognac,France,EMEA,Medium,3,7,2003
10148,2003-09-11,23,100.0,2702.04,Shipped,Classic Cars,S18_1129,"Anna's Decorations, Ltd",Australia,APAC,Small,3,9,2003
10161,2003-10-17,28,100.0,3764.88,Shipped,Classic Cars,S18_1129,Heintze Collectables,Denmark,EMEA,Medium,4,10,2003
10171,2003-11-05,35,100.0,4508.0,Shipped,Classic Cars,S18_1129,Quebec Home Shopping Network,Canada,Unknown,Medium,4,11,2003
10181,2003-11-12,44,100.0,5418.16,Shipped,Classic Cars,S18_1129,Herkku Gifts,Norway,EMEA,Medium,4,11,2003
10192,2003-11-20,22,100.0,3300.66,Shipped,Classic Cars,S18_1129,Online Diecast Creations Co.,USA,Unknown,Medium,4,11,2003
10204,2003-12-02,42,100.0,6182.4,Shipped,Classic Cars,S18_1129,Muscle Machine Inc,USA,Unknown,Medium,4,12,2003
10212,2004-01-16,29,100.0,4186.73,Shipped,Classic Cars,S18_1129,Euro Shopping Channel,Spain,EMEA,Medium,1,1,2004
10225,2004-02-22,32,100.0,4529.28,Shipped,Classic Cars,S18_1129,"Vida Sport, Ltd",Switzerland,EMEA,Medium,1,2,2004
10240,2004-04-13,41,100.0,5628.89,Shipped,Classic Cars,S18_1129,Osaka Souveniers Co.,Japan,Japan,Medium,2,4,2004
10253,2004-06-01,26,100.0,3054.48,Cancelled,Classic Cars,S18_1129,"UK Collectables, Ltd.",UK,EMEA,Medium,2,6,2004
10266,2004-07-06,21,100.0,2526.51,Shipped,Classic Cars,S18_1129,L'ordine Souveniers,Italy,EMEA,Small,3,7,2004
10278,2004-08-06,34,100.0,4667.86,Shipped,Classic Cars,S18_1129,Signal Gift Stores,USA,Unknown,Medium,3,8,2004
10287,2004-08-30,41,100.0,6499.32,Shipped,Classic Cars,S18_1129,"Vida Sport, Ltd",Switzerland,EMEA,Medium,3,8,2004
10301,2003-10-05,37,100.0,5917.78,Shipped,Classic Cars,S18_1129,"Norway Gifts By Mail, Co.",Norway,EMEA,Medium,4,10,2003
10310,2004-10-16,37,100.0,6231.91,Shipped,Classic Cars,S18_1129,"Toms Spezialitten, Ltd",Germany,EMEA,Medium,4,10,2004
10321,2004-11-04,41,100.0,5803.14,Shipped,Classic Cars,S18_1129,FunGiftIdeas.com,USA,Unknown,Medium,4,11,2004
10331,2004-11-17,46,100.0,6434.02,Shipped,Classic Cars,S18_1129,Motor Mint Distributors Inc.,USA,Unknown,Medium,4,11,2004
10342,2004-11-24,40,100.0,6454.4,Shipped,Classic Cars,S18_1129,"Australian Collectors, Co.",Australia,APAC,Medium,4,11,2004
10356,2004-12-09,43,97.6,4196.8,Shipped,Classic Cars,S18_1129,Lyon Souveniers,France,EMEA,Medium,4,12,2004
10365,2005-01-07,30,87.06,2611.8,Shipped,Classic Cars,S18_1129,Mini Creations Ltd.,USA,Unknown,Small,1,1,2005
10377,2005-02-09,35,100.0,5895.05,Shipped,Classic Cars,S18_1129,"Toys of Finland, Co.",Finland,EMEA,Medium,1,2,2005
10390,2005-03-04,36,93.77,3375.72,Shipped,Classic Cars,S18_1129,Mini Gifts Distributors Ltd.,USA,Unknown,Medium,1,3,2005
10406,2005-04-15,61,100.0,8374.69,Disputed,Classic Cars,S18_1129,Danish Wholesale Imports,Denmark,EMEA,Large,2,4,2005
10419,2005-05-17,38,100.0,4464.24,Shipped,Classic Cars,S18_1129,Salzburg Collectables,Austria,EMEA,Medium,2,5,2005
10102,2003-01-10,39,100.0,4808.31,Shipped,Vintage Cars,S18_1342,Vitachrome Inc.,USA,Unknown,Medium,1,1,2003
10111,2003-03-25,33,99.66,3288.78,Shipped,Vintage Cars,S18_1342,Mini Wheels Co.,USA,Unknown,Medium,1,3,2003
10125,2003-05-21,32,100.0,3254.72,Shipped,Vintage Cars,S18_1342,"Australian Collectors, Co.",Australia,APAC,Medium,2,5,2003
10139,2003-07-16,31,100.0,3184.94,Shipped,Vintage Cars,S18_1342,Souveniers And Things Co.,Australia,APAC,Medium,3,7,2003
10149,2003-09-12,50,100.0,5907.5,Shipped,Vintage Cars,S18_1342,Signal Collectibles Ltd.,USA,Unknown,Medium,3,9,2003
10162,2003-10-18,48,91.44,4389.12,Shipped,Vintage Cars,S18_1342,Corporate Gift Ideas Co.,USA,Unknown,Medium,4,10,2003
10173,2003-11-05,43,100.0,5036.16,Shipped,Vintage Cars,S18_1342,Rovelli Gifts,Italy,EMEA,Medium,4,11,2003
10182,2003-11-12,25,87.33,2183.25,Shipped,Vintage Cars,S18_1342,Mini Gifts Distributors Ltd.,USA,Unknown,Small,4,11,2003
10193,2003-11-21,28,100.0,3106.88,Shipped,Vintage Cars,S18_1342,"Australian Collectables, Ltd",Australia,APAC,Medium,4,11,2003
10205,2003-12-03,36,100.0,3735.72,Shipped,Vintage Cars,S18_1342,Euro Shopping Channel,Spain,EMEA,Medium,4,12,2003
10215,2004-01-29,27,89.38,2413.26,Shipped,Vintage Cars,S18_1342,West Coast Collectables Co.,USA,Unknown,Small,1,1,2004
10227,2004-03-02,25,100.0,2953.75,Shipped,Vintage Cars,S18_1342,"Saveley & Henriot, Co.",France,EMEA,Small,1,3,2004
10244,2004-04-29,40,100.0,4684.8,Shipped,Vintage Cars,S18_1342,Euro Shopping Channel,Spain,EMEA,Medium,2,4,2004
10256,2004-06-08,34,95.55,3248.7,Shipped,Vintage Cars,S18_1342,Danish Wholesale Imports,Denmark,EMEA,Medium,2,6,2004
10280,2004-08-17,50,100.0,5239.5,Shipped,Vintage Cars,S18_1342,Amica Models & Co.,Italy,EMEA,Medium,3,8,2004
10289,2004-09-03,38,100.0,4567.98,Shipped,Vintage Cars,S18_1342,Herkku Gifts,Norway,EMEA,Medium,3,9,2004
10304,2004-10-11,37,95.55,3535.35,Shipped,Vintage Cars,S18_1342,Auto Assoc. & Cie.,France,EMEA,Medium,4,10,2004
10312,2004-10-21,43,89.38,3843.34,Shipped,Vintage Cars,S18_1342,Mini Gifts Distributors Ltd.,USA,Unknown,Medium,4,10,2004
10322,2004-11-04,43,86.3,3710.9,Shipped,Vintage Cars,S18_1342,Online Diecast Creations Co.,USA,Unknown,Medium,4,11,2004
10332,2004-11-17,46,95.13,4375.98,Shipped,Vintage Cars,S18_1342,"AV Stores, Co.",UK,EMEA,Medium,4,11,2004
10346,2004-11-29,42,36.11,1516.62,Shipped,Vintage Cars,S18_1342,Signal Gift Stores,USA,Unknown,Small,4,11,2004
10356,2004-12-09,50,50.18,2509.0,Shipped,Vintage Cars,S18_1342,Lyon Souveniers,France,EMEA,Small,4,12,2004
10369,2005-01-20,44,100.0,9240.44,Shipped,Vintage Cars,S18_1342,Collectables For Less Inc.,USA,Unknown,Large,1,1,2005
10380,2005-02-16,27,93.16,2515.32,Shipped,Vintage Cars,S18_1342,Euro Shopping Channel,Spain,EMEA,Small,1,2,2005
10391,2005-03-09,35,100.0,5548.9,Shipped,Vintage Cars,S18_1342,"Anna's Decorations, Ltd",Australia,APAC,Medium,1,3,2005
10422,2005-05-30,51,95.55,4873.05,In Process,Vintage Cars,S18_1342,Diecast Classics Inc.,USA,Unknown,Medium,2,5,2005
10102,2003-01-10,41,50.14,2055.74,Shipped,Vintage Cars,S18_1367,Vitachrome Inc.,USA,Unknown,Small,1,1,2003
10111,2003-03-25,48,49.06,2354.88,Shipped,Vintage Cars,S18_1367,Mini Wheels Co.,USA,Unknown,Small,1,3,2003
10126,2003-05-28,42,54.99,2309.58,Shipped,Vintage Cars,S18_1367,"Corrida Auto Replicas, Ltd",Spain,EMEA,Small,2,5,2003
10139,2003-07-16,49,43.13,2113.37,Shipped,Vintage Cars,S18_1367,Souveniers And Things Co.,Australia,APAC,Small,3,7,2003
10149,2003-09-12,30,58.22,1746.6,Shipped,Vintage Cars,S18_1367,Signal Collectibles Ltd.,USA,Unknown,Small,3,9,2003
10162,2003-10-18,45,51.21,2304.45,Shipped,Vintage Cars,S18_1367,Corporate Gift Ideas Co.,USA,Unknown,Small,4,10,2003
10173,2003-11-05,48,44.21,2122.08,Shipped,Vintage Cars,S18_1367,Rovelli Gifts,Italy,EMEA,Small,4,11,2003
10182,2003-11-12,32,54.45,1742.4,Shipped,Vintage Cars,S18_1367,Mini Gifts Distributors Ltd.,USA,Unknown,Small,4,11,2003
10193,2003-11-21,46,53.37,2455.02,Shipped,Vintage Cars,S18_1367,"Australian Collectables, Ltd",Australia,APAC,Small,4,11,2003
10205,2003-12-03,48,63.61,3053.28,Shipped,Vintage Cars,S18_1367,Euro Shopping Channel,Spain,EMEA,Medium,4,12,2003
10215,2004-01-29,33,43.13,1423.29,Shipped,Vintage Cars,S18_1367,West Coast Collectables Co.,USA,Unknown,Small,1,1,2004
10227,2004-03-02,31,48.52,1504.12,Shipped,Vintage Cars,S18_1367,"Saveley & Henriot, Co.",France,EMEA,Small,1,3,2004
10244,2004-04-29,20,58.22,1164.4,Shipped,Vintage Cars,S18_1367,Euro Shopping Channel,Spain,EMEA,Small,2,4,2004
10256,2004-06-08,29,51.75,1500.75,Shipped,Vintage Cars,S18_1367,Danish Wholesale Imports,Denmark,EMEA,Small,2,6,2004
10280,2004-08-17,27,57.68,1557.36,Shipped,Vintage Cars,S18_1367,Amica Models & Co.,Italy,EMEA,Small,3,8,2004
10289,2004-09-03,24,56.07,1345.68,Shipped,Vintage Cars,S18_1367,Herkku Gifts,Norway,EMEA,Small,3,9,2004
10304,2004-10-11,37,48.52,1795.24,Shipped,Vintage Cars,S18_1367,Auto Assoc. & Cie.,France,EMEA,Small,4,10,2004
10312,2004-10-21,25,44.21,1105.25,Shipped,Vintage Cars,S18_1367,Mini Gifts Distributors Ltd.,USA,Unknown,Small,4,10,2004
10322,2004-11-04,41,57.68,2364.88,Shipped,Vintage Cars,S18_1367,Online Diecast Creations Co.,USA,Unknown,Small,4,11,2004
10332,2004-11-17,27,89.89,2427.03,Shipped,Vintage Cars,S18_1367,"AV Stores, Co.",UK,EMEA,Small,4,11,2004
10347,2004-11-29,21,58.95,1237.95,Shipped,Vintage Cars,S18_1367,"Australian Collectors, Co.",Australia,APAC,Small,4,11,2004
10356,2004-12-09,22,72.41,1593.02,Shipped,Vintage Cars,S18_1367,Lyon Souveniers,France,EMEA,Small,4,12,2004
10369,2005-01-20,32,98.63,3156.16,Shipped,Vintage Cars,S18_1367,Collectables For Less Inc.,USA,Unknown,Medium,1,1,2005
10381,2005-02-17,25,52.83,1320.75,Shipped,Vintage Cars,S18_1367,Corporate Gift Ideas Co.,USA,Unknown,Small,1,2,2005
10391,2005-03-09,42,100.0,4998.0,Shipped,Vintage Cars,S18_1367,"Anna's Decorations, Ltd",Australia,APAC,Medium,1,3,2005
10422,2005-05-30,25,51.75,1293.75,In Process,Vintage Cars,S18_1367,Diecast Classics Inc.,USA,Unknown,Small,2,5,2005
10110,2003-03-18,37,100.0,5433.08,Shipped,Classic Cars,S18_1589,"AV Stores, Co.",UK,EMEA,Medium,1,3,2003
10123,2003-05-20,26,100.0,3073.72,Shipped,Classic Cars,S18_1589,Atelier graphique,France,EMEA,Medium,2,5,2003
10137,2003-07-10,44,99.55,4380.2,Shipped,Classic Cars,S18_1589,Reims Collectables,France,EMEA,Medium,3,7,2003
10148,2003-09-11,47,100.0,5848.68,Shipped,Classic Cars,S18_1589,"Anna's Decorations, Ltd",Australia,APAC,Medium,3,9,2003
10161,2003-10-17,43,100.0,6153.73,Shipped,Classic Cars,S18_1589,Heintze Collectables,Denmark,EMEA,Medium,4,10,2003
10172,2003-11-05,42,100.0,4965.24,Shipped,Classic Cars,S18_1589,Gift Depot Inc.,USA,Unknown,Medium,4,11,2003
10181,2003-11-12,42,100.0,5435.64,Shipped,Classic Cars,S18_1589,Herkku Gifts,Norway,EMEA,Medium,4,11,2003
10192,2003-11-20,29,100.0,4258.36,Shipped,Classic Cars,S18_1589,Online Diecast Creations Co.,USA,Unknown,Medium,4,11,2003
10204,2003-12-02,40,100.0,4032.0,Shipped,Classic Cars,S18_1589,Muscle Machine Inc,USA,Unknown,Medium,4,12,2003
10212,2004-01-16,38,100.0,4492.36,Shipped,Classic Cars,S18_1589,Euro Shopping Channel,Spain,EMEA,Medium,1,1,2004
10226,2004-02-26,38,100.0,4161.38,Shipped,Classic Cars,S18_1589,Collectable Mini Designs Co.,USA,Unknown,Medium,1,2,2004
10241,2004-04-13,21,100.0,2508.66,Shipped,Classic Cars,S18_1589,Mini Caravy,France,EMEA,Small,2,4,2004
10253,2004-06-01,24,100.0,3374.88,Cancelled,Classic Cars,S18_1589,"UK Collectables, Ltd.",UK,EMEA,Medium,2,6,2004
10266,2004-07-06,36,100.0,5196.6,Shipped,Classic Cars,S18_1589,L'ordine Souveniers,Italy,EMEA,Medium,3,7,2004
10278,2004-08-06,23,100.0,2604.52,Shipped,Classic Cars,S18_1589,Signal Gift Stores,USA,Unknown,Small,3,8,2004
10288,2004-09-01,20,100.0,2936.8,Shipped,Classic Cars,S18_1589,Handji Gifts& Co,Singapore,APAC,Small,3,9,2004
10301,2003-10-05,32,100.0,3424.64,Shipped,Classic Cars,S18_1589,"Norway Gifts By Mail, Co.",Norway,EMEA,Medium,4,10,2003
10311,2004-10-16,29,100.0,2923.2,Shipped,Classic Cars,S18_1589,Euro Shopping Channel,Spain,EMEA,Small,4,10,2004
10321,2004-11-04,44,100.0,4489.76,Shipped,Classic Cars,S18_1589,FunGiftIdeas.com,USA,Unknown,Medium,4,11,2004
10331,2004-11-17,44,100.0,4849.24,Shipped,Classic Cars,S18_1589,Motor Mint Distributors Inc.,USA,Unknown,Medium,4,11,2004
10343,2004-11-24,36,100.0,5848.92,Shipped,Classic Cars,S18_1589,Reims Collectables,France,EMEA,Medium,4,11,2004
10367,2005-01-12,49,56.3,2758.7,Resolved,Classic Cars,S18_1589,Toys4GrownUps.com,USA,Unknown,Small,1,1,2005
10378,2005-02-10,34,42.64,1449.76,Shipped,Classic Cars,S18_1589,Euro Shopping Channel,Spain,EMEA,Small,1,2,2005
10407,2005-04-22,59,100.0,7048.14,On Hold,Classic Cars,S18_1589,The Sharp Gifts Warehouse,USA,Unknown,Large,2,4,2005
10419,2005-05-17,37,100.0,5202.94,Shipped,Classic Cars,S18_1589,Salzburg Collectables,Austria,EMEA,Medium,2,5,2005
10106,2003-02-17,36,100.0,5279.4,Shipped,Planes,S18_1662,Rovelli Gifts,Italy,EMEA,Medium,1,2,2003
10119,2003-04-28,43,100.0,6916.12,Shipped,Planes,S18_1662,Salzburg Collectables,Austria,EMEA,Medium,2,4,2003
10131,2003-06-16,21,100.0,2781.66,Shipped,Planes,S18_1662,Gift Ideas Corp.,USA,Unknown,Small,2,6,2003
10143,2003-08-10,32,100.0,5248.0,Shipped,Planes,S18_1662,Mini Creations Ltd.,USA,Unknown,Medium,3,8,2003
10155,2003-10-06,38,100.0,6531.44,Shipped,Planes,S18_1662,"Toys of Finland, Co.",Finland,EMEA,Medium,4,10,2003
10167,2003-10-23,43,100.0,5763.72,Cancelled,Planes,S18_1662,Scandinavian Gift Ideas,Sweden,EMEA,Medium,4,10,2003
10178,2003-11-08,42,100.0,6490.68,Shipped,Planes,S18_1662,Alpha Cognac,France,EMEA,Medium,4,11,2003
10186,2003-11-14,32,100.0,6004.8,Shipped,Planes,S18_1662,"Double Decker Gift Stores, Ltd",UK,EMEA,Medium,4,11,2003
10198,2003-11-27,42,100.0,7483.98,Shipped,Planes,S18_1662,Cruz & Sons Co.,Philippines,Japan,Large,4,11,2003
10210,2004-01-12,31,100.0,5719.5,Shipped,Planes,S18_1662,Osaka Souveniers Co.,Japan,Japan,Medium,1,1,2004
10222,2004-02-19,49,100.0,6954.08,Shipped,Planes,S18_1662,Collectable Mini Designs Co.,USA,Unknown,Medium,1,2,2004
10250,2004-05-11,45,100.0,8160.3,Shipped,Planes,S18_1662,The Sharp Gifts Warehouse,USA,Unknown,Large,2,5,2004
10262,2004-06-24,49,100.0,6567.96,Cancelled,Planes,S18_1662,Euro Shopping Channel,Spain,EMEA,Medium,2,6,2004
10274,2004-07-21,41,100.0,6724.0,Shipped,Planes,S18_1662,Collectables For Less Inc.,USA,Unknown,Medium,3,7,2004
10284,2004-08-21,45,100.0,5747.85,Shipped,Planes,S18_1662,"Norway Gifts By Mail, Co.",Norway,EMEA,Medium,3,8,2004
10296,2004-09-15,36,100.0,5676.84,Shipped,Planes,S18_1662,"Bavarian Collectables Imports, Co.",Germany,EMEA,Medium,3,9,2004
10307,2004-10-14,39,100.0,7379.97,Shipped,Planes,S18_1662,"Classic Gift Ideas, Inc",USA,Unknown,Large,4,10,2004
10316,2004-11-01,27,100.0,3704.13,Shipped,Planes,S18_1662,giftsbymail.co.uk,UK,EMEA,Medium,4,11,2004
10327,2004-11-10,25,100.0,2804.75,Resolved,Planes,S18_1662,Danish Wholesale Imports,Denmark,EMEA,Small,4,11,2004
10338,2004-11-22,41,100.0,5624.79,Shipped,Planes,S18_1662,Royale Belge,Belgium,EMEA,Medium,4,11,2004
10351,2004-12-03,39,99.52,3881.28,Shipped,Planes,S18_1662,"Stylish Desk Decors, Co.",UK,EMEA,Medium,4,12,2004
10373,2005-01-31,28,57.55,1611.4,Shipped,Planes,S18_1662,"Oulu Toy Supplies, Inc.",Finland,EMEA,Small,1,1,2005
10386,2005-03-01,25,54.57,1364.25,Resolved,Planes,S18_1662,Euro Shopping Channel,Spain,EMEA,Small,1,3,2005
10398,2005-03-30,33,100.0,4215.09,Shipped,Planes,S18_1662,Reims Collectables,France,EMEA,Medium,1,3,2005
10400,2005-04-01,34,100.0,6433.82,Shipped,Planes,S18_1662,The Sharp Gifts Warehouse,USA,Unknown,Medium,2,4,2005
10416,2005-05-10,24,100.0,4352.16,Shipped,Planes,S18_1662,L'ordine Souveniers,Italy,EMEA,Medium,2,5,2005
10100,2003-01-06,30,100.0,5151.0,Shipped,Vintage Cars,S18_1749,Online Diecast Creations Co.,USA,Unknown,Medium,1,1,2003
10110,2003-03-18,42,100.0,6069.0,Shipped,Vintage Cars,S18_1749,"AV Stores, Co.",UK,EMEA,Medium,1,3,2003
10124,2003-05-21,21,100.0,2856.0,Shipped,Vintage Cars,S18_1749,Signal Gift Stores,USA,Unknown,Small,2,5,2003
10149,2003-09-12,34,100.0,5375.4,Shipped,Vintage Cars,S18_1749,Signal Collectibles Ltd.,USA,Unknown,Medium,3,9,2003
10162,2003-10-18,29,100.0,5176.5,Shipped,Vintage Cars,S18_1749,Corporate Gift Ideas Co.,USA,Unknown,Medium,4,10,2003
10173,2003-11-05,24,100.0,3508.8,Shipped,Vintage Cars,S18_1749,Rovelli Gifts,Italy,EMEA,Medium,4,11,2003
10182,2003-11-12,44,100.0,7554.8,Shipped,Vintage Cars,S18_1749,Mini Gifts Distributors Ltd.,USA,Unknown,Large,4,11,2003
10193,2003-11-21,21,100.0,3141.6,Shipped,Vintage Cars,S18_1749,"Australian Collectables, Ltd",Australia,APAC,Medium,4,11,2003
10204,2003-12-02,33,100.0,5890.5,Shipped,Vintage Cars,S18_1749,Muscle Machine Inc,USA,Unknown,Medium,4,12,2003
10214,2004-01-26,30,100.0,5967.0,Shipped,Vintage Cars,S18_1749,"Corrida Auto Replicas, Ltd",Spain,EMEA,Medium,1,1,2004
10227,2004-03-02,26,100.0,3712.8,Shipped,Vintage Cars,S18_1749,"Saveley & Henriot, Co.",France,EMEA,Medium,1,3,2004
10241,2004-04-13,41,100.0,7597.3,Shipped,Vintage Cars,S18_1749,Mini Caravy,France,EMEA,Large,2,4,2004
10280,2004-08-17,26,100.0,3668.6,Shipped,Vintage Cars,S18_1749,Amica Models & Co.,Italy,EMEA,Medium,3,8,2004
10288,2004-09-01,32,100.0,5875.2,Shipped,Vintage Cars,S18_1749,Handji Gifts& Co,Singapore,APAC,Medium,3,9,2004
10302,2003-10-06,43,100.0,7310.0,Shipped,Vintage Cars,S18_1749,"UK Collectables, Ltd.",UK,EMEA,Large,4,10,2003
10312,2004-10-21,48,100.0,8078.4,Shipped,Vintage Cars,S18_1749,Mini Gifts Distributors Ltd.,USA,Unknown,Large,4,10,2004
10331,2004-11-17,44,74.04,3257.76,Shipped,Vintage Cars,S18_1749,Motor Mint Distributors Inc.,USA,Unknown,Medium,4,11,2004
10344,2004-11-25,45,100.0,7650.0,Shipped,Vintage Cars,S18_1749,Marseille Mini Autos,France,EMEA,Large,4,11,2004
10367,2005-01-12,37,100.0,4703.81,Resolved,Vintage Cars,S18_1749,Toys4GrownUps.com,USA,Unknown,Medium,1,1,2005
10379,2005-02-10,39,100.0,5399.55,Shipped,Vintage Cars,S18_1749,Euro Shopping Channel,Spain,EMEA,Medium,1,2,2005
10407,2005-04-22,76,100.0,14082.8,On Hold,Vintage Cars,S18_1749,The Sharp Gifts Warehouse,USA,Unknown,Large,2,4,2005
10420,2005-05-29,37,100.0,5283.6,In Process,Vintage Cars,S18_1749,Souveniers And Things Co.,Australia,APAC,Medium,2,5,2005
10108,2003-03-03,38,82.39,3130.82,Shipped,Classic Cars,S18_1889,Cruz & Sons Co.,Philippines,Japan,Medium,1,3,2003
10122,2003-05-08,43,72.38,3112.34,Shipped,Classic Cars,S18_1889,Marseille Mini Autos,France,EMEA,Medium,2,5,2003
10135,2003-07-02,48,79.31,3806.88,Shipped,Classic Cars,S18_1889,Mini Gifts Distributors Ltd.,USA,Unknown,Medium,3,7,2003
10147,2003-09-05,26,82.39,2142.14,Shipped,Classic Cars,S18_1889,Collectables For Less Inc.,USA,Unknown,Small,3,9,2003
10160,2003-10-11,38,88.55,3364.9,Shipped,Classic Cars,S18_1889,"Men 'R' US Retailers, Ltd.",USA,Unknown,Medium,4,10,2003
10170,2003-11-04,20,63.14,1262.8,Shipped,Classic Cars,S18_1889,Mini Auto Werke,Austria,EMEA,Small,4,11,2003
10181,2003-11-12,22,73.92,1626.24,Shipped,Classic Cars,S18_1889,Herkku Gifts,Norway,EMEA,Small,4,11,2003
10192,2003-11-20,45,90.86,4088.7,Shipped,Classic Cars,S18_1889,Online Diecast Creations Co.,USA,Unknown,Medium,4,11,2003
10203,2003-12-02,45,85.47,3846.15,Shipped,Classic Cars,S18_1889,Euro Shopping Channel,Spain,EMEA,Medium,4,12,2003
10212,2004-01-16,20,66.99,1339.8,Shipped,Classic Cars,S18_1889,Euro Shopping Channel,Spain,EMEA,Small,1,1,2004
10225,2004-02-22,47,64.68,3039.96,Shipped,Classic Cars,S18_1889,"Vida Sport, Ltd",Switzerland,EMEA,Medium,1,2,2004
10239,2004-04-12,46,73.92,3400.32,Shipped,Classic Cars,S18_1889,"Oulu Toy Supplies, Inc.",Finland,EMEA,Medium,2,4,2004
10253,2004-06-01,23,83.93,1930.39,Cancelled,Classic Cars,S18_1889,"UK Collectables, Ltd.",UK,EMEA,Small,2,6,2004
10266,2004-07-06,33,74.69,2464.77,Shipped,Classic Cars,S18_1889,L'ordine Souveniers,Italy,EMEA,Small,3,7,2004
10278,2004-08-06,29,90.86,2634.94,Shipped,Classic Cars,S18_1889,Signal Gift Stores,USA,Unknown,Small,3,8,2004
10287,2004-08-30,44,82.39,3625.16,Shipped,Classic Cars,S18_1889,"Vida Sport, Ltd",Switzerland,EMEA,Medium,3,8,2004
10300,2003-10-04,41,92.4,3788.4,Shipped,Classic Cars,S18_1889,"Blauer See Auto, Co.",Germany,EMEA,Medium,4,10,2003
10310,2004-10-16,20,91.63,1832.6,Shipped,Classic Cars,S18_1889,"Toms Spezialitten, Ltd",Germany,EMEA,Small,4,10,2004
10321,2004-11-04,37,78.54,2905.98,Shipped,Classic Cars,S18_1889,FunGiftIdeas.com,USA,Unknown,Small,4,11,2004
10329,2004-11-15,29,100.0,2954.81,Shipped,Classic Cars,S18_1889,Land of Toys Inc.,USA,Unknown,Small,4,11,2004
10342,2004-11-24,55,65.45,3599.75,Shipped,Classic Cars,S18_1889,"Australian Collectors, Co.",Australia,APAC,Medium,4,11,2004
10363,2005-01-06,22,100.0,3686.54,Shipped,Classic Cars,S18_1889,Suominen Souveniers,Finland,EMEA,Medium,1,1,2005
10377,2005-02-09,31,67.76,2100.56,Shipped,Classic Cars,S18_1889,"Toys of Finland, Co.",Finland,EMEA,Small,1,2,2005
10389,2005-03-03,49,79.22,3881.78,Shipped,Classic Cars,S18_1889,Scandinavian Gift Ideas,Sweden,EMEA,Medium,1,3,2005
10405,2005-04-14,61,73.92,4509.12,Shipped,Classic Cars,S18_1889,Mini Caravy,France,EMEA,Medium,2,4,2005
10419,2005-05-17,39,83.93,3273.27,Shipped,Classic Cars,S18_1889,Salzburg Collectables,Austria,EMEA,Medium,2,5,2005
10109,2003-03-10,38,100.0,4432.7,Shipped,Classic Cars,S18_1984,Motor Mint Distributors Inc.,USA,Unknown,Medium,1,3,2003
10122,2003-05-08,31,100.0,4100.99,Shipped,Classic Cars,S18_1984,Marseille Mini Autos,France,EMEA,Medium,2,5,2003
10136,2003-07-04,36,100.0,5274.72,Shipped,Classic Cars,S18_1984,Alpha Cognac,France,EMEA,Medium,3,7,2003
10148,2003-09-11,25,100.0,4232.0,Shipped,Classic Cars,S18_1984,"Anna's Decorations, Ltd",Australia,APAC,Medium,3,9,2003
10161,2003-10-17,48,100.0,6145.44,Shipped,Classic Cars,S18_1984,Heintze Collectables,Denmark,EMEA,Medium,4,10,2003
10171,2003-11-05,35,100.0,4680.2,Shipped,Classic Cars,S18_1984,Quebec Home Shopping Network,Canada,Unknown,Medium,4,11,2003
10181,2003-11-12,21,100.0,3286.08,Shipped,Classic Cars,S18_1984,Herkku Gifts,Norway,EMEA,Medium,4,11,2003
10192,2003-11-20,47,100.0,7421.3,Shipped,Classic Cars,S18_1984,Online Diecast Creations Co.,USA,Unknown,Large,4,11,2003
10204,2003-12-02,38,100.0,6432.64,Shipped,Classic Cars,S18_1984,Muscle Machine Inc,USA,Unknown,Medium,4,12,2003
10212,2004-01-16,41,100.0,4840.87,Shipped,Classic Cars,S18_1984,Euro Shopping Channel,Spain,EMEA,Medium,1,1,2004
10226,2004-02-26,24,100.0,3892.08,Shipped,Classic Cars,S18_1984,Collectable Mini Designs Co.,USA,Unknown,Medium,1,2,2004
10240,2004-04-13,37,100.0,5526.32,Shipped,Classic Cars,S18_1984,Osaka Souveniers Co.,Japan,Japan,Medium,2,4,2004
10253,2004-06-01,33,100.0,4459.62,Cancelled,Classic Cars,S18_1984,"UK Collectables, Ltd.",UK,EMEA,Medium,2,6,2004
10266,2004-07-06,49,100.0,6203.4,Shipped,Classic Cars,S18_1984,L'ordine Souveniers,Italy,EMEA,Medium,3,7,2004
10278,2004-08-06,29,100.0,3754.05,Shipped,Classic Cars,S18_1984,Signal Gift Stores,USA,Unknown,Medium,3,8,2004
10287,2004-08-30,24,100.0,3516.48,Shipped,Classic Cars,S18_1984,"Vida Sport, Ltd",Switzerland,EMEA,Medium,3,8,2004
10301,2003-10-05,47,100.0,7488.04,Shipped,Classic Cars,S18_1984,"Norway Gifts By Mail, Co.",Norway,EMEA,Large,4,10,2003
10310,2004-10-16,24,100.0,3448.08,Shipped,Classic Cars,S18_1984,"Toms Spezialitten, Ltd",Germany,EMEA,Medium,4,10,2004
10321,2004-11-04,25,100.0,3734.0,Shipped,Classic Cars,S18_1984,FunGiftIdeas.com,USA,Unknown,Medium,4,11,2004
10331,2004-11-17,30,32.47,974.1,Shipped,Classic Cars,S18_1984,Motor Mint Distributors Inc.,USA,Unknown,Small,4,11,2004
10342,2004-11-24,22,100.0,3160.74,Shipped,Classic Cars,S18_1984,"Australian Collectors, Co.",Australia,APAC,Medium,4,11,2004
10356,2004-12-09,27,64.69,1746.63,Shipped,Classic Cars,S18_1984,Lyon Souveniers,France,EMEA,Small,4,12,2004
10366,2005-01-10,34,100.0,4207.84,Shipped,Classic Cars,S18_1984,Royale Belge,Belgium,EMEA,Medium,1,1,2005
10377,2005-02-09,36,100.0,4352.76,Shipped,Classic Cars,S18_1984,"Toys of Finland, Co.",Finland,EMEA,Medium,1,2,2005
10390,2005-03-04,34,43.05,1463.7,Shipped,Classic Cars,S18_1984,Mini Gifts Distributors Ltd.,USA,Unknown,Small,1,3,2005
10406,2005-04-15,48,100.0,7169.28,Disputed,Classic Cars,S18_1984,Danish Wholesale Imports,Denmark,EMEA,Large,2,4,2005
10419,2005-05-17,34,100.0,4594.76,Shipped,Classic Cars,S18_1984,Salzburg Collectables,Austria,EMEA,Medium,2,5,2005
10104,2003-01-31,24,100.0,3457.92,Shipped,Classic Cars,S18_2238,Euro Shopping Channel,Spain,EMEA,Medium,1,1,2003
10115,2003-04-04,46,100.0,7381.16,Shipped,Classic Cars,S18_2238,Classic Legends Inc.,USA,Unknown,Large,2,4,2003
10127,2003-06-03,45,100.0,7146.9,Shipped,Classic Cars,S18_2238,Muscle Machine Inc,USA,Unknown,Large,2,6,2003
10141,2003-08-01,39,100.0,5938.53,Shipped,Classic Cars,S18_2238,Suominen Souveniers,Finland,EMEA,Medium,3,8,2003
10151,2003-09-21,43,100.0,7110.91,Shipped,Classic Cars,S18_2238,"Oulu Toy Supplies, Inc.",Finland,EMEA,Large,3,9,2003
10165,2003-10-22,29,100.0,5032.95,Shipped,Classic Cars,S18_2238,"Dragon Souveniers, Ltd.",Singapore,Japan,Medium,4,10,2003
10176,2003-11-06,20,100.0,3667.6,Shipped,Classic Cars,S18_2238,L'ordine Souveniers,Italy,EMEA,Medium,4,11,2003
10184,2003-11-14,46,100.0,7381.16,Shipped,Classic Cars,S18_2238,"Iberia Gift Imports, Corp.",Spain,EMEA,Large,4,11,2003
10195,2003-11-25,27,100.0,5128.11,Shipped,Classic Cars,S18_2238,Mini Classics,USA,Unknown,Medium,4,11,2003
10207,2003-12-09,44,100.0,7060.24,Shipped,Classic Cars,S18_2238,Diecast Collectables,USA,Unknown,Large,4,12,2003
10219,2004-02-10,43,100.0,8448.64,Shipped,Classic Cars,S18_2238,Signal Collectibles Ltd.,USA,Unknown,Large,1,2,2004
10230,2004-03-15,49,100.0,7300.51,Shipped,Classic Cars,S18_2238,"Blauer See Auto, Co.",Germany,EMEA,Large,1,3,2004
10246,2004-05-05,40,100.0,6549.2,Shipped,Classic Cars,S18_2238,Euro Shopping Channel,Spain,EMEA,Medium,2,5,2004
10259,2004-06-15,30,100.0,5697.9,Shipped,Classic Cars,S18_2238,Handji Gifts& Co,Singapore,APAC,Medium,2,6,2004
10271,2004-07-20,50,100.0,9169.0,Shipped,Classic Cars,S18_2238,Mini Gifts Distributors Ltd.,USA,Unknown,Large,3,7,2004
10282,2004-08-20,23,100.0,3238.63,Shipped,Classic Cars,S18_2238,Mini Gifts Distributors Ltd.,USA,Unknown,Medium,3,8,2004
10292,2004-09-08,26,100.0,4554.94,Shipped,Classic Cars,S18_2238,Land of Toys Inc.,USA,Unknown,Medium,3,9,2004
10305,2004-10-13,27,100.0,3934.44,Shipped,Classic Cars,S18_2238,Marta's Replicas Co.,USA,Unknown,Medium,4,10,2004
10314,2004-10-22,42,100.0,5776.26,Shipped,Classic Cars,S18_2238,Heintze Collectables,Denmark,EMEA,Medium,4,10,2004
10324,2004-11-05,47,100.0,7207.45,Shipped,Classic Cars,S18_2238,Vitachrome Inc.,USA,Unknown,Large,4,11,2004
10336,2004-11-20,49,100.0,7460.74,Shipped,Classic Cars,S18_2238,"La Corne D'abondance, Co.",France,EMEA,Large,4,11,2004
10349,2004-12-01,38,100.0,6719.54,Shipped,Classic Cars,S18_2238,Muscle Machine Inc,USA,Unknown,Medium,4,12,2004
10358,2004-12-10,20,100.0,2428.0,Shipped,Classic Cars,S18_2238,Euro Shopping Channel,Spain,EMEA,Small,4,12,2004
10371,2005-01-23,25,100.0,2602.25,Shipped,Classic Cars,S18_2238,Mini Gifts Distributors Ltd.,USA,Unknown,Small,1,1,2005
10382,2005-02-17,25,88.0,2200.0,Shipped,Classic Cars,S18_2238,Mini Gifts Distributors Ltd.,USA,Unknown,Small,1,2,2005
10412,2005-05-03,41,100.0,6712.93,Shipped,Classic Cars,S18_2238,Euro Shopping Channel,Spain,EMEA,Medium,2,5,2005
10425,2005-05-31,28,100.0,5318.04,In Process,Classic Cars,S18_2238,La Rochelle Gifts,France,EMEA,Medium,2,5,2005
10100,2003-01-06,50,67.8,3390.0,Shipped,Vintage Cars,S18_2248,Online Diecast Creations Co.,USA,Unknown,Medium,1,1,2003
10110,2003-03-18,32,50.25,1608.0,Shipped,Vintage Cars,S18_2248,"AV Stores, Co.",UK,EMEA,Small,1,3,2003
10124,2003-05-21,42,53.88,2262.96,Shipped,Vintage Cars,S18_2248,Signal Gift Stores,USA,Unknown,Small,2,5,2003
10149,2003-09-12,24,62.36,1496.64,Shipped,Vintage Cars,S18_2248,Signal Collectibles Ltd.,USA,Unknown,Small,3,9,2003
10162,2003-10-18,27,69.62,1879.74,Shipped,Vintage Cars,S18_2248,Corporate Gift Ideas Co.,USA,Unknown,Small,4,10,2003
10173,2003-11-05,26,57.51,1495.26,Shipped,Vintage Cars,S18_2248,Rovelli Gifts,Italy,EMEA,Small,4,11,2003
10182,2003-11-12,38,61.15,2323.7,Shipped,Vintage Cars,S18_2248,Mini Gifts Distributors Ltd.,USA,Unknown,Small,4,11,2003
10193,2003-11-21,42,59.33,2491.86,Shipped,Vintage Cars,S18_2248,"Australian Collectables, Ltd",Australia,APAC,Small,4,11,2003
10204,2003-12-02,23,71.44,1643.12,Shipped,Vintage Cars,S18_2248,Muscle Machine Inc,USA,Unknown,Small,4,12,2003
10214,2004-01-26,21,62.96,1322.16,Shipped,Vintage Cars,S18_2248,"Corrida Auto Replicas, Ltd",Spain,EMEA,Small,1,1,2004
10227,2004-03-02,28,50.85,1423.8,Shipped,Vintage Cars,S18_2248,"Saveley & Henriot, Co.",France,EMEA,Small,1,3,2004
10241,2004-04-13,33,72.65,2397.45,Shipped,Vintage Cars,S18_2248,Mini Caravy,France,EMEA,Small,2,4,2004
10280,2004-08-17,25,62.96,1574.0,Shipped,Vintage Cars,S18_2248,Amica Models & Co.,Italy,EMEA,Small,3,8,2004
10288,2004-09-01,28,61.75,1729.0,Shipped,Vintage Cars,S18_2248,Handji Gifts& Co,Singapore,APAC,Small,3,9,2004
10303,2004-10-06,46,49.04,2255.84,Shipped,Vintage Cars,S18_2248,"Iberia Gift Imports, Corp.",Spain,EMEA,Small,4,10,2004
10312,2004-10-21,30,61.15,1834.5,Shipped,Vintage Cars,S18_2248,Mini Gifts Distributors Ltd.,USA,Unknown,Small,4,10,2004
10332,2004-11-17,38,84.25,3201.5,Shipped,Vintage Cars,S18_2248,"AV Stores, Co.",UK,EMEA,Medium,4,11,2004
10344,2004-11-25,40,56.91,2276.4,Shipped,Vintage Cars,S18_2248,Marseille Mini Autos,France,EMEA,Small,4,11,2004
10367,2005-01-12,45,100.0,8884.8,Resolved,Vintage Cars,S18_2248,Toys4GrownUps.com,USA,Unknown,Large,1,1,2005
10379,2005-02-10,27,49.3,1331.1,Shipped,Vintage Cars,S18_2248,Euro Shopping Channel,Spain,EMEA,Small,1,2,2005
10407,2005-04-22,42,72.65,3051.3,On Hold,Vintage Cars,S18_2248,The Sharp Gifts Warehouse,USA,Unknown,Medium,2,4,2005
10420,2005-05-29,36,63.57,2288.52,In Process,Vintage Cars,S18_2248,Souveniers And Things Co.,Australia,APAC,Small,2,5,2005
10104,2003-01-31,29,100.0,3772.61,Shipped,Trucks and Buses,S18_2319,Euro Shopping Channel,Spain,EMEA,Medium,1,1,2003
10114,2003-04-01,39,100.0,4164.42,Shipped,Trucks and Buses,S18_2319,"La Corne D'abondance, Co.",France,EMEA,Medium,2,4,2003
10127,2003-06-03,45,100.0,6295.95,Shipped,Trucks and Buses,S18_2319,Muscle Machine Inc,USA,Unknown,Medium,2,6,2003
10141,2003-08-01,47,100.0,6287.66,Shipped,Trucks and Buses,S18_2319,Suominen Souveniers,Finland,EMEA,Medium,3,8,2003
10151,2003-09-21,49,100.0,5412.54,Shipped,Trucks and Buses,S18_2319,"Oulu Toy Supplies, Inc.",Finland,EMEA,Medium,3,9,2003
10165,2003-10-22,46,100.0,5984.14,Shipped,Trucks and Buses,S18_2319,"Dragon Souveniers, Ltd.",Singapore,Japan,Medium,4,10,2003
10175,2003-11-06,48,100.0,5891.04,Shipped,Trucks and Buses,S18_2319,"Stylish Desk Decors, Co.",UK,EMEA,Medium,4,11,2003
10184,2003-11-14,46,100.0,5984.14,Shipped,Trucks and Buses,S18_2319,"Iberia Gift Imports, Corp.",Spain,EMEA,Medium,4,11,2003
10195,2003-11-25,35,100.0,3608.15,Shipped,Trucks and Buses,S18_2319,Mini Classics,USA,Unknown,Medium,4,11,2003
10207,2003-12-09,43,100.0,5752.54,Shipped,Trucks and Buses,S18_2319,Diecast Collectables,USA,Unknown,Medium,4,12,2003
10229,2004-03-11,26,100.0,3765.32,Shipped,Trucks and Buses,S18_2319,Mini Gifts Distributors Ltd.,USA,Unknown,Medium,1,3,2004
10246,2004-05-05,22,98.18,2159.96,Shipped,Trucks and Buses,S18_2319,Euro Shopping Channel,Spain,EMEA,Small,2,5,2004
10259,2004-06-15,34,99.41,3379.94,Shipped,Trucks and Buses,S18_2319,Handji Gifts& Co,Singapore,APAC,Medium,2,6,2004
10271,2004-07-20,50,100.0,5093.5,Shipped,Trucks and Buses,S18_2319,Mini Gifts Distributors Ltd.,USA,Unknown,Medium,3,7,2004
10281,2004-08-19,48,100.0,5773.44,Shipped,Trucks and Buses,S18_2319,Diecast Classics Inc.,USA,Unknown,Medium,3,8,2004
10292,2004-09-08,41,100.0,4528.86,Shipped,Trucks and Buses,S18_2319,Land of Toys Inc.,USA,Unknown,Medium,3,9,2004
10305,2004-10-13,36,100.0,4816.08,Shipped,Trucks and Buses,S18_2319,Marta's Replicas Co.,USA,Unknown,Medium,4,10,2004
10313,2004-10-22,29,100.0,3416.78,Shipped,Trucks and Buses,S18_2319,Canadian Gift Exchange Network,Canada,Unknown,Medium,4,10,2004
10324,2004-11-05,33,37.48,1236.84,Shipped,Trucks and Buses,S18_2319,Vitachrome Inc.,USA,Unknown,Small,4,11,2004
10334,2004-11-19,46,100.0,5814.86,On Hold,Trucks and Buses,S18_2319,"Volvo Model Replicas, Co",Sweden,EMEA,Medium,4,11,2004
10349,2004-12-01,38,100.0,5223.48,Shipped,Trucks and Buses,S18_2319,Muscle Machine Inc,USA,Unknown,Medium,4,12,2004
10358,2004-12-10,20,36.42,728.4,Shipped,Trucks and Buses,S18_2319,Euro Shopping Channel,Spain,EMEA,Small,4,12,2004
10370,2005-01-20,22,100.0,3949.0,Shipped,Trucks and Buses,S18_2319,"Anna's Decorations, Ltd",Australia,APAC,Medium,1,1,2005
10383,2005-02-22,27,100.0,3843.99,Shipped,Trucks and Buses,S18_2319,Euro Shopping Channel,Spain,EMEA,Medium,1,2,2005
10412,2005-05-03,56,98.18,5498.08,Shipped,Trucks and Buses,S18_2319,Euro Shopping Channel,Spain,EMEA,Medium,2,5,2005
10425,2005-05-31,38,99.41,3777.58,In Process,Trucks and Buses,S18_2319,La Rochelle Gifts,France,EMEA,Medium,2,5,2005
10101,2003-01-09,25,100.0,3782.0,Shipped,Vintage Cars,S18_2325,"Blauer See Auto, Co.",Germany,EMEA,Medium,1,1,2003
10110,2003-03-18,33,100.0,3859.68,Shipped,Vintage Cars,S18_2325,"AV Stores, Co.",UK,EMEA,Medium,1,3,2003
10124,2003-05-21,42,100.0,4431.84,Shipped,Vintage Cars,S18_2325,Signal Gift Stores,USA,Unknown,Medium,2,5,2003
10149,2003-09-12,33,100.0,4950.33,Shipped,Vintage Cars,S18_2325,Signal Collectibles Ltd.,USA,Unknown,Medium,3,9,2003
10162,2003-10-18,38,100.0,4299.7,Shipped,Vintage Cars,S18_2325,Corporate Gift Ideas Co.,USA,Unknown,Medium,4,10,2003
10173,2003-11-05,31,100.0,4492.83,Shipped,Vintage Cars,S18_2325,Rovelli Gifts,Italy,EMEA,Medium,4,11,2003
10182,2003-11-12,20,100.0,2212.0,Shipped,Vintage Cars,S18_2325,Mini Gifts Distributors Ltd.,USA,Unknown,Small,4,11,2003
10193,2003-11-21,44,100.0,4642.88,Shipped,Vintage Cars,S18_2325,"Australian Collectables, Ltd",Australia,APAC,Medium,4,11,2003
10204,2003-12-02,26,100.0,3206.32,Shipped,Vintage Cars,S18_2325,Muscle Machine Inc,USA,Unknown,Medium,4,12,2003
10214,2004-01-26,27,100.0,3604.23,Shipped,Vintage Cars,S18_2325,"Corrida Auto Replicas, Ltd",Spain,EMEA,Medium,1,1,2004
10227,2004-03-02,46,100.0,7017.76,Shipped,Vintage Cars,S18_2325,"Saveley & Henriot, Co.",France,EMEA,Large,1,3,2004
10243,2004-04-26,47,100.0,6154.18,Shipped,Vintage Cars,S18_2325,Diecast Collectables,USA,Unknown,Medium,2,4,2004
10280,2004-08-17,37,100.0,4750.8,Shipped,Vintage Cars,S18_2325,Amica Models & Co.,Italy,EMEA,Medium,3,8,2004
10288,2004-09-01,31,100.0,3822.92,Shipped,Vintage Cars,S18_2325,Handji Gifts& Co,Singapore,APAC,Medium,3,9,2004
10304,2004-10-11,24,100.0,2440.8,Shipped,Vintage Cars,S18_2325,Auto Assoc. & Cie.,France,EMEA,Small,4,10,2004
10312,2004-10-21,31,100.0,4729.36,Shipped,Vintage Cars,S18_2325,Mini Gifts Distributors Ltd.,USA,Unknown,Medium,4,10,2004
10322,2004-11-04,50,100.0,12536.5,Shipped,Vintage Cars,S18_2325,Online Diecast Creations Co.,USA,Unknown,Large,4,11,2004
10332,2004-11-17,35,64.69,2264.15,Shipped,Vintage Cars,S18_2325,"AV Stores, Co.",UK,EMEA,Small,4,11,2004
10344,2004-11-25,30,100.0,3928.2,Shipped,Vintage Cars,S18_2325,Marseille Mini Autos,France,EMEA,Medium,4,11,2004
10356,2004-12-09,29,100.0,3630.22,Shipped,Vintage Cars,S18_2325,Lyon Souveniers,France,EMEA,Medium,4,12,2004
10367,2005-01-12,27,100.0,4196.07,Resolved,Vintage Cars,S18_2325,Toys4GrownUps.com,USA,Unknown,Medium,1,1,2005
10380,2005-02-16,40,100.0,4931.6,Shipped,Vintage Cars,S18_2325,Euro Shopping Channel,Spain,EMEA,Medium,1,2,2005
10390,2005-03-04,31,98.99,3068.69,Shipped,Vintage Cars,S18_2325,Mini Gifts Distributors Ltd.,USA,Unknown,Medium,1,3,2005
10409,2005-04-23,6,100.0,785.64,Shipped,Vintage Cars,S18_2325,Handji Gifts& Co,Singapore,APAC,Small,2,4,2005
10420,2005-05-29,45,100.0,4977.0,In Process,Vintage Cars,S18_2325,Souveniers And Things Co.,Australia,APAC,Medium,2,5,2005
10103,2003-01-29,22,54.09,1189.98,Shipped,Trucks and Buses,S18_2432,Baane Mini Imports,Norway,EMEA,Small,1,1,2003
10114,2003-04-01,45,68.67,3090.15,Shipped,Trucks and Buses,S18_2432,"La Corne D'abondance, Co.",France,EMEA,Medium,2,4,2003
10126,2003-05-28,43,65.02,2795.86,Shipped,Trucks and Buses,S18_2432,"Corrida Auto Replicas, Ltd",Spain,EMEA,Small,2,5,2003
10140,2003-07-24,46,61.99,2851.54,Shipped,Trucks and Buses,S18_2432,Technics Stores Inc.,USA,Unknown,Small,3,7,2003
10151,2003-09-21,39,69.28,2701.92,Shipped,Trucks and Buses,S18_2432,"Oulu Toy Supplies, Inc.",Finland,EMEA,Small,3,9,2003
10165,2003-10-22,31,71.1,2204.1,Shipped,Trucks and Buses,S18_2432,"Dragon Souveniers, Ltd.",Singapore,Japan,Small,4,10,2003
10175,2003-11-06,41,69.28,2840.48,Shipped,Trucks and Buses,S18_2432,"Stylish Desk Decors, Co.",UK,EMEA,Small,4,11,2003
10184,2003-11-14,44,60.16,2647.04,Shipped,Trucks and Buses,S18_2432,"Iberia Gift Imports, Corp.",Spain,EMEA,Small,4,11,2003
10194,2003-11-25,45,70.49,3172.05,Shipped,Trucks and Buses,S18_2432,"Saveley & Henriot, Co.",France,EMEA,Medium,4,11,2003
10207,2003-12-09,37,69.89,2585.93,Shipped,Trucks and Buses,S18_2432,Diecast Collectables,USA,Unknown,Small,4,12,2003
10217,2004-02-04,35,61.38,2148.3,Shipped,Trucks and Buses,S18_2432,Handji Gifts& Co,Singapore,APAC,Small,1,2,2004
10229,2004-03-11,28,59.55,1667.4,Shipped,Trucks and Buses,S18_2432,Mini Gifts Distributors Ltd.,USA,Unknown,Small,1,3,2004
10246,2004-05-05,30,61.99,1859.7,Shipped,Trucks and Buses,S18_2432,Euro Shopping Channel,Spain,EMEA,Small,2,5,2004
10259,2004-06-15,30,49.22,1476.6,Shipped,Trucks and Buses,S18_2432,Handji Gifts& Co,Singapore,APAC,Small,2,6,2004
10271,2004-07-20,25,69.28,1732.0,Shipped,Trucks and Buses,S18_2432,Mini Gifts Distributors Ltd.,USA,Unknown,Small,3,7,2004
10281,2004-08-19,29,57.73,1674.17,Shipped,Trucks and Buses,S18_2432,Diecast Classics Inc.,USA,Unknown,Small,3,8,2004
10291,2004-09-08,26,57.73,1500.98,Shipped,Trucks and Buses,S18_2432,Scandinavian Gift Ideas,Sweden,EMEA,Small,3,9,2004
10305,2004-10-13,41,53.48,2192.68,Shipped,Trucks and Buses,S18_2432,Marta's Replicas Co.,USA,Unknown,Small,4,10,2004
10313,2004-10-22,34,52.87,1797.58,Shipped,Trucks and Buses,S18_2432,Canadian Gift Exchange Network,Canada,Unknown,Small,4,10,2004
10322,2004-11-04,35,61.21,2142.35,Shipped,Trucks and Buses,S18_2432,Online Diecast Creations Co.,USA,Unknown,Small,4,11,2004
10334,2004-11-19,34,61.38,2086.92,On Hold,Trucks and Buses,S18_2432,"Volvo Model Replicas, Co",Sweden,EMEA,Small,4,11,2004
10347,2004-11-29,50,100.0,6834.5,Shipped,Trucks and Buses,S18_2432,"Australian Collectors, Co.",Australia,APAC,Medium,4,11,2004
10357,2004-12-10,41,61.99,2541.59,Shipped,Trucks and Buses,S18_2432,Mini Gifts Distributors Ltd.,USA,Unknown,Small,4,12,2004
10370,2005-01-20,22,96.86,2130.92,Shipped,Trucks and Buses,S18_2432,"Anna's Decorations, Ltd",Australia,APAC,Small,1,1,2005
10381,2005-02-17,35,48.62,1701.7,Shipped,Trucks and Buses,S18_2432,Corporate Gift Ideas Co.,USA,Unknown,Small,1,2,2005
10391,2005-03-09,44,38.5,1694.0,Shipped,Trucks and Buses,S18_2432,"Anna's Decorations, Ltd",Australia,APAC,Small,1,3,2005
10412,2005-05-03,47,61.99,2913.53,Shipped,Trucks and Buses,S18_2432,Euro Shopping Channel,Spain,EMEA,Small,2,5,2005
10425,2005-05-31,19,49.22,935.18,In Process,Trucks and Buses,S18_2432,La Rochelle Gifts,France,EMEA,Small,2,5,2005
10106,2003-02-17,34,90.39,3073.26,Shipped,Planes,S18_2581,Rovelli Gifts,Italy,EMEA,Medium,1,2,2003
10120,2003-04-29,29,71.81,2082.49,Shipped,Planes,S18_2581,"Australian Collectors, Co.",Australia,APAC,Small,2,4,2003
10133,2003-06-27,49,69.27,3394.23,Shipped,Planes,S18_2581,Euro Shopping Channel,Spain,EMEA,Medium,2,6,2003
10145,2003-08-25,30,85.32,2559.6,Shipped,Planes,S18_2581,Toys4GrownUps.com,USA,Unknown,Small,3,8,2003
10168,2003-10-28,21,70.96,1490.16,Shipped,Planes,S18_2581,Technics Stores Inc.,USA,Unknown,Small,4,10,2003
10210,2004-01-12,50,76.88,3844.0,Shipped,Planes,S18_2581,Osaka Souveniers Co.,Japan,Japan,Medium,1,1,2004
10223,2004-02-20,47,100.0,4724.91,Shipped,Planes,S18_2581,"Australian Collectors, Co.",Australia,APAC,Medium,1,2,2004
10235,2004-04-02,24,76.03,1824.72,Shipped,Planes,S18_2581,"Royal Canadian Collectables, Ltd.",Canada,Unknown,Small,2,4,2004
10250,2004-05-11,27,98.84,2668.68,Shipped,Planes,S18_2581,The Sharp Gifts Warehouse,USA,Unknown,Small,2,5,2004
10263,2004-06-28,33,86.17,2843.61,Shipped,Planes,S18_2581,Gift Depot Inc.,USA,Unknown,Small,2,6,2004
10275,2004-07-23,35,90.39,3163.65,Shipped,Planes,S18_2581,La Rochelle Gifts,France,EMEA,Medium,3,7,2004
10284,2004-08-21,31,71.81,2226.11,Shipped,Planes,S18_2581,"Norway Gifts By Mail, Co.",Norway,EMEA,Small,3,8,2004
10297,2004-09-16,25,82.79,2069.75,Shipped,Planes,S18_2581,"Clover Collections, Co.",Ireland,EMEA,Small,3,9,2004
10308,2004-10-15,27,82.79,2235.33,Shipped,Planes,S18_2581,Mini Classics,USA,Unknown,Small,4,10,2004
10318,2004-11-02,31,100.0,3116.43,Shipped,Planes,S18_2581,Diecast Classics Inc.,USA,Unknown,Medium,4,11,2004
10327,2004-11-10,45,100.0,4781.7,Resolved,Planes,S18_2581,Danish Wholesale Imports,Denmark,EMEA,Medium,4,11,2004
10339,2004-11-23,27,100.0,2810.7,Shipped,Planes,S18_2581,"Tokyo Collectables, Ltd",Japan,Japan,Small,4,11,2004
10353,2004-12-04,27,100.0,3515.67,Shipped,Planes,S18_2581,Gift Ideas Corp.,USA,Unknown,Medium,4,12,2004
10374,2005-02-02,42,69.27,2909.34,Shipped,Planes,S18_2581,"Australian Gift Network, Co",Australia,APAC,Small,1,2,2005
10386,2005-03-01,21,74.77,1570.17,Resolved,Planes,S18_2581,Euro Shopping Channel,Spain,EMEA,Small,1,3,2005
10398,2005-03-30,34,76.88,2613.92,Shipped,Planes,S18_2581,Reims Collectables,France,EMEA,Small,1,3,2005
10401,2005-04-03,42,76.03,3193.26,On Hold,Planes,S18_2581,Tekni Collectables Inc.,USA,Unknown,Medium,2,4,2005
10416,2005-05-10,15,98.84,1482.6,Shipped,Planes,S18_2581,L'ordine Souveniers,Italy,EMEA,Small,2,5,2005
10107,2003-02-24,29,70.87,2055.23,Shipped,Motorcycles,S18_2625,Land of Toys Inc.,USA,Unknown,Small,1,2,2003
10120,2003-04-29,46,58.15,2674.9,Shipped,Motorcycles,S18_2625,"Australian Collectors, Co.",Australia,APAC,Small,2,4,2003
10134,2003-07-01,30,61.78,1853.4,Shipped,Motorcycles,S18_2625,Lyon Souveniers,France,EMEA,Small,3,7,2003
10145,2003-08-25,30,49.67,1490.1,Shipped,Motorcycles,S18_2625,Toys4GrownUps.com,USA,Unknown,Small,3,8,2003
10159,2003-10-10,42,51.48,2162.16,Shipped,Motorcycles,S18_2625,Corporate Gift Ideas Co.,USA,Unknown,Small,4,10,2003
10168,2003-10-28,46,61.18,2814.28,Shipped,Motorcycles,S18_2625,Technics Stores Inc.,USA,Unknown,Small,4,10,2003
10180,2003-11-11,25,64.2,1605.0,Shipped,Motorcycles,S18_2625,Daedalus Designs Imports,France,EMEA,Small,4,11,2003
10188,2003-11-18,32,65.42,2093.44,Shipped,Motorcycles,S18_2625,Herkku Gifts,Norway,EMEA,Small,4,11,2003
10201,2003-12-01,30,64.81,1944.3,Shipped,Motorcycles,S18_2625,Mini Wheels Co.,USA,Unknown,Small,4,12,2003
10210,2004-01-12,40,49.67,1986.8,Shipped,Motorcycles,S18_2625,Osaka Souveniers Co.,Japan,Japan,Small,1,1,2004
10223,2004-02-20,28,60.57,1695.96,Shipped,Motorcycles,S18_2625,"Australian Collectors, Co.",Australia,APAC,Small,1,2,2004
10236,2004-04-03,23,55.72,1281.56,Shipped,Motorcycles,S18_2625,Motor Mint Distributors Inc.,USA,Unknown,Small,2,4,2004
10251,2004-05-18,29,61.18,1774.22,Shipped,Motorcycles,S18_2625,Tekni Collectables Inc.,USA,Unknown,Small,2,5,2004
10263,2004-06-28,34,58.75,1997.5,Shipped,Motorcycles,S18_2625,Gift Depot Inc.,USA,Unknown,Small,2,6,2004
10275,2004-07-23,37,63.6,2353.2,Shipped,Motorcycles,S18_2625,La Rochelle Gifts,France,EMEA,Small,3,7,2004
10285,2004-08-27,20,49.06,981.2,Shipped,Motorcycles,S18_2625,Marta's Replicas Co.,USA,Unknown,Small,3,8,2004
10298,2004-09-27,32,48.46,1550.72,Shipped,Motorcycles,S18_2625,Atelier graphique,France,EMEA,Small,3,9,2004
10308,2004-10-15,34,52.09,1771.06,Shipped,Motorcycles,S18_2625,Mini Classics,USA,Unknown,Small,4,10,2004
10318,2004-11-02,42,52.7,2213.4,Shipped,Motorcycles,S18_2625,Diecast Classics Inc.,USA,Unknown,Small,4,11,2004
10329,2004-11-15,38,100.0,5266.04,Shipped,Motorcycles,S18_2625,Land of Toys Inc.,USA,Unknown,Medium,4,11,2004
10339,2004-11-23,30,62.16,1864.8,Shipped,Motorcycles,S18_2625,"Tokyo Collectables, Ltd",Japan,Japan,Small,4,11,2004
10362,2005-01-05,23,49.67,1142.41,Shipped,Motorcycles,S18_2625,Technics Stores Inc.,USA,Unknown,Small,1,1,2005
10374,2005-02-02,22,53.3,1172.6,Shipped,Motorcycles,S18_2625,"Australian Gift Network, Co",Australia,APAC,Small,1,2,2005
10389,2005-03-03,39,100.0,6981.0,Shipped,Motorcycles,S18_2625,Scandinavian Gift Ideas,Sweden,EMEA,Medium,1,3,2005
10402,2005-04-07,55,55.72,3064.6,Shipped,Motorcycles,S18_2625,Auto Canal Petit,France,EMEA,Medium,2,4,2005
10417,2005-05-13,36,61.18,2202.48,Disputed,Motorcycles,S18_2625,Euro Shopping Channel,Spain,EMEA,Small,2,5,2005
10101,2003-01-09,26,100.0,3773.38,Shipped,Vintage Cars,S18_2795,"Blauer See Auto, Co.",Germany,EMEA,Medium,1,1,2003
10110,2003-03-18,31,100.0,5074.39,Shipped,Vintage Cars,S18_2795,"AV Stores, Co.",UK,EMEA,Medium,1,3,2003
10125,2003-05-21,34,100.0,6483.46,Shipped,Vintage Cars,S18_2795,"Australian Collectors, Co.",Australia,APAC,Medium,2,5,2003
10139,2003-07-16,41,100.0,7956.46,Shipped,Vintage Cars,S18_2795,Souveniers And Things Co.,Australia,APAC,Large,3,7,2003
10149,2003-09-12,23,100.0,4230.62,Shipped,Vintage Cars,S18_2795,Signal Collectibles Ltd.,USA,Unknown,Medium,3,9,2003
10162,2003-10-18,48,100.0,7209.12,Shipped,Vintage Cars,S18_2795,Corporate Gift Ideas Co.,USA,Unknown,Large,4,10,2003
10173,2003-11-05,22,100.0,3452.68,Shipped,Vintage Cars,S18_2795,Rovelli Gifts,Italy,EMEA,Medium,4,11,2003
10182,2003-11-12,21,100.0,3047.73,Shipped,Vintage Cars,S18_2795,Mini Gifts Distributors Ltd.,USA,Unknown,Medium,4,11,2003
10193,2003-11-21,22,100.0,3675.32,Shipped,Vintage Cars,S18_2795,"Australian Collectables, Ltd",Australia,APAC,Medium,4,11,2003
10205,2003-12-03,40,100.0,7492.4,Shipped,Vintage Cars,S18_2795,Euro Shopping Channel,Spain,EMEA,Large,4,12,2003
10214,2004-01-26,50,100.0,9534.5,Shipped,Vintage Cars,S18_2795,"Corrida Auto Replicas, Ltd",Spain,EMEA,Large,1,1,2004
10227,2004-03-02,29,100.0,5579.02,Shipped,Vintage Cars,S18_2795,"Saveley & Henriot, Co.",France,EMEA,Medium,1,3,2004
10244,2004-04-29,43,100.0,5950.34,Shipped,Vintage Cars,S18_2795,Euro Shopping Channel,Spain,EMEA,Medium,2,4,2004
10255,2004-06-04,24,100.0,3726.0,Shipped,Vintage Cars,S18_2795,Mini Caravy,France,EMEA,Medium,2,6,2004
10280,2004-08-17,22,100.0,4455.0,Shipped,Vintage Cars,S18_2795,Amica Models & Co.,Italy,EMEA,Medium,3,8,2004
10289,2004-09-03,43,100.0,8272.34,Shipped,Vintage Cars,S18_2795,Herkku Gifts,Norway,EMEA,Large,3,9,2004
10304,2004-10-11,20,100.0,3577.6,Shipped,Vintage Cars,S18_2795,Auto Assoc. & Cie.,France,EMEA,Medium,4,10,2004
10312,2004-10-21,25,100.0,3881.25,Shipped,Vintage Cars,S18_2795,Mini Gifts Distributors Ltd.,USA,Unknown,Medium,4,10,2004
10322,2004-11-04,36,100.0,5797.44,Shipped,Vintage Cars,S18_2795,Online Diecast Creations Co.,USA,Unknown,Medium,4,11,2004
10332,2004-11-17,24,52.67,1264.08,Shipped,Vintage Cars,S18_2795,"AV Stores, Co.",UK,EMEA,Small,4,11,2004
10347,2004-11-29,21,100.0,4815.3,Shipped,Vintage Cars,S18_2795,"Australian Collectors, Co.",Australia,APAC,Medium,4,11,2004
10356,2004-12-09,30,100.0,4462.2,Shipped,Vintage Cars,S18_2795,Lyon Souveniers,France,EMEA,Medium,4,12,2004
10367,2005-01-12,32,94.79,3033.28,Resolved,Vintage Cars,S18_2795,Toys4GrownUps.com,USA,Unknown,Medium,1,1,2005
10380,2005-02-16,21,47.18,990.78,Shipped,Vintage Cars,S18_2795,Euro Shopping Channel,Spain,EMEA,Small,1,2,2005
10390,2005-03-04,26,78.11,2030.86,Shipped,Vintage Cars,S18_2795,Mini Gifts Distributors Ltd.,USA,Unknown,Small,1,3,2005
10421,2005-05-29,35,100.0,5433.75,In Process,Vintage Cars,S18_2795,Mini Gifts Distributors Ltd.,USA,Unknown,Medium,2,5,2005
10109,2003-03-10,26,100.0,3157.44,Shipped,Classic Cars,S18_2870,Motor Mint Distributors Inc.,USA,Unknown,Medium,1,3,2003
10123,2003-05-20,46,100.0,5161.2,Shipped,Classic Cars,S18_2870,Atelier graphique,France,EMEA,Medium,2,5,2003
10137,2003-07-10,37,100.0,4346.76,Shipped,Classic Cars,S18_2870,Reims Collectables,France,EMEA,Medium,3,7,2003
10148,2003-09-11,27,100.0,3528.36,Shipped,Classic Cars,S18_2870,"Anna's Decorations, Ltd",Australia,APAC,Medium,3,9,2003
10161,2003-10-17,23,100.0,3187.8,Shipped,Classic Cars,S18_2870,Heintze Collectables,Denmark,EMEA,Medium,4,10,2003
10172,2003-11-05,39,100.0,6023.16,Shipped,Classic Cars,S18_2870,Gift Depot Inc.,USA,Unknown,Medium,4,11,2003
10181,2003-11-12,27,100.0,3884.76,Shipped,Classic Cars,S18_2870,Herkku Gifts,Norway,EMEA,Medium,4,11,2003
10192,2003-11-20,38,100.0,4965.84,Shipped,Classic Cars,S18_2870,Online Diecast Creations Co.,USA,Unknown,Medium,4,11,2003
10204,2003-12-02,27,100.0,4169.88,Shipped,Classic Cars,S18_2870,Muscle Machine Inc,USA,Unknown,Medium,4,12,2003
10212,2004-01-16,40,100.0,4910.4,Shipped,Classic Cars,S18_2870,Euro Shopping Channel,Spain,EMEA,Medium,1,1,2004
10226,2004-02-26,24,100.0,3231.36,Shipped,Classic Cars,S18_2870,Collectable Mini Designs Co.,USA,Unknown,Medium,1,2,2004
10241,2004-04-13,44,100.0,6853.44,Shipped,Classic Cars,S18_2870,Mini Caravy,France,EMEA,Medium,2,4,2004
10253,2004-06-01,37,100.0,5177.04,Cancelled,Classic Cars,S18_2870,"UK Collectables, Ltd.",UK,EMEA,Medium,2,6,2004
10266,2004-07-06,20,100.0,2824.8,Shipped,Classic Cars,S18_2870,L'ordine Souveniers,Italy,EMEA,Small,3,7,2004
10278,2004-08-06,39,100.0,4324.32,Shipped,Classic Cars,S18_2870,Signal Gift Stores,USA,Unknown,Medium,3,8,2004
10287,2004-08-30,44,100.0,5052.96,Shipped,Classic Cars,S18_2870,"Vida Sport, Ltd",Switzerland,EMEA,Medium,3,8,2004
10301,2003-10-05,22,100.0,3223.44,Shipped,Classic Cars,S18_2870,"Norway Gifts By Mail, Co.",Norway,EMEA,Medium,4,10,2003
10311,2004-10-16,43,100.0,5278.68,Shipped,Classic Cars,S18_2870,Euro Shopping Channel,Spain,EMEA,Medium,4,10,2004
10321,2004-11-04,27,100.0,2851.2,Shipped,Classic Cars,S18_2870,FunGiftIdeas.com,USA,Unknown,Small,4,11,2004
10331,2004-11-17,26,64.9,1687.4,Shipped,Classic Cars,S18_2870,Motor Mint Distributors Inc.,USA,Unknown,Small,4,11,2004
10343,2004-11-24,25,52.32,1308.0,Shipped,Classic Cars,S18_2870,Reims Collectables,France,EMEA,Small,4,11,2004
10366,2005-01-10,49,100.0,6144.6,Shipped,Classic Cars,S18_2870,Royale Belge,Belgium,EMEA,Medium,1,1,2005
10379,2005-02-10,29,100.0,5127.2,Shipped,Classic Cars,S18_2870,Euro Shopping Channel,Spain,EMEA,Medium,1,2,2005
10407,2005-04-22,41,100.0,6386.16,On Hold,Classic Cars,S18_2870,The Sharp Gifts Warehouse,USA,Unknown,Medium,2,4,2005
10419,2005-05-17,55,100.0,7695.6,Shipped,Classic Cars,S18_2870,Salzburg Collectables,Austria,EMEA,Large,2,5,2005
10103,2003-01-29,27,83.07,2242.89,Shipped,Vintage Cars,S18_2949,Baane Mini Imports,Norway,EMEA,Small,1,1,2003
10112,2003-03-24,23,100.0,2539.89,Shipped,Vintage Cars,S18_2949,"Volvo Model Replicas, Co",Sweden,EMEA,Small,1,3,2003
10126,2003-05-28,31,90.17,2795.27,Shipped,Vintage Cars,S18_2949,"Corrida Auto Replicas, Ltd",Spain,EMEA,Small,2,5,2003
10139,2003-07-16,46,100.0,5545.76,Shipped,Vintage Cars,S18_2949,Souveniers And Things Co.,Australia,APAC,Medium,3,7,2003
10150,2003-09-19,47,91.18,4285.46,Shipped,Vintage Cars,S18_2949,"Dragon Souveniers, Ltd.",Singapore,Japan,Medium,3,9,2003
10163,2003-10-20,31,100.0,3329.09,Shipped,Vintage Cars,S18_2949,Classic Legends Inc.,USA,Unknown,Medium,4,10,2003
10174,2003-11-06,46,100.0,5592.22,Shipped,Vintage Cars,S18_2949,"Australian Gift Network, Co",Australia,APAC,Medium,4,11,2003
10183,2003-11-13,37,89.15,3298.55,Shipped,Vintage Cars,S18_2949,"Classic Gift Ideas, Inc",USA,Unknown,Medium,4,11,2003
10193,2003-11-21,28,93.21,2609.88,Shipped,Vintage Cars,S18_2949,"Australian Collectables, Ltd",Australia,APAC,Small,4,11,2003
10206,2003-12-05,37,90.17,3336.29,Shipped,Vintage Cars,S18_2949,Canadian Gift Exchange Network,Canada,Unknown,Medium,4,12,2003
10215,2004-01-29,49,100.0,5510.05,Shipped,Vintage Cars,S18_2949,West Coast Collectables Co.,USA,Unknown,Medium,1,1,2004
10228,2004-03-10,24,100.0,2504.4,Shipped,Vintage Cars,S18_2949,Cambridge Collectables Co.,USA,Unknown,Small,1,3,2004
10244,2004-04-29,30,100.0,3525.6,Shipped,Vintage Cars,S18_2949,Euro Shopping Channel,Spain,EMEA,Medium,2,4,2004
10257,2004-06-14,50,88.14,4407.0,Shipped,Vintage Cars,S18_2949,The Sharp Gifts Warehouse,USA,Unknown,Medium,2,6,2004
10270,2004-07-19,31,96.24,2983.44,Shipped,Vintage Cars,S18_2949,Souveniers And Things Co.,Australia,APAC,Small,3,7,2004
10280,2004-08-17,46,100.0,5126.24,Shipped,Vintage Cars,S18_2949,Amica Models & Co.,Italy,EMEA,Medium,3,8,2004
10291,2004-09-08,47,100.0,5713.79,Shipped,Vintage Cars,S18_2949,Scandinavian Gift Ideas,Sweden,EMEA,Medium,3,9,2004
10304,2004-10-11,46,100.0,4613.8,Shipped,Vintage Cars,S18_2949,Auto Assoc. & Cie.,France,EMEA,Medium,4,10,2004
10312,2004-10-21,37,100.0,3711.1,Shipped,Vintage Cars,S18_2949,Mini Gifts Distributors Ltd.,USA,Unknown,Medium,4,10,2004
10322,2004-11-04,33,100.0,3524.73,Shipped,Vintage Cars,S18_2949,Online Diecast Creations Co.,USA,Unknown,Medium,4,11,2004
10333,2004-11-18,31,90.17,2795.27,Shipped,Vintage Cars,S18_2949,Mini Wheels Co.,USA,Unknown,Small,4,11,2004
10347,2004-11-29,48,100.0,4814.4,Shipped,Vintage Cars,S18_2949,"Australian Collectors, Co.",Australia,APAC,Medium,4,11,2004
10357,2004-12-10,41,87.13,3572.33,Shipped,Vintage Cars,S18_2949,Mini Gifts Distributors Ltd.,USA,Unknown,Medium,4,12,2004
10369,2005-01-20,42,100.0,4581.36,Shipped,Vintage Cars,S18_2949,Collectables For Less Inc.,USA,Unknown,Medium,1,1,2005
10381,2005-02-17,41,100.0,4319.76,Shipped,Vintage Cars,S18_2949,Corporate Gift Ideas Co.,USA,Unknown,Medium,1,2,2005
10391,2005-03-09,32,45.25,1448.0,Shipped,Vintage Cars,S18_2949,"Anna's Decorations, Ltd",Australia,APAC,Small,1,3,2005
10423,2005-05-30,10,88.14,881.4,In Process,Vintage Cars,S18_2949,Petit Auto,Belgium,EMEA,Small,2,5,2005
10103,2003-01-29,35,57.46,2011.1,Shipped,Vintage Cars,S18_2957,Baane Mini Imports,Norway,EMEA,Small,1,1,2003
10111,2003-03-25,28,64.33,1801.24,Shipped,Vintage Cars,S18_2957,Mini Wheels Co.,USA,Unknown,Small,1,3,2003
10126,2003-05-28,46,73.7,3390.2,Shipped,Vintage Cars,S18_2957,"Corrida Auto Replicas, Ltd",Spain,EMEA,Medium,2,5,2003
10139,2003-07-16,20,71.2,1424.0,Shipped,Vintage Cars,S18_2957,Souveniers And Things Co.,Australia,APAC,Small,3,7,2003
10150,2003-09-19,30,49.97,1499.1,Shipped,Vintage Cars,S18_2957,"Dragon Souveniers, Ltd.",Singapore,Japan,Small,3,9,2003
10163,2003-10-20,48,69.96,3358.08,Shipped,Vintage Cars,S18_2957,Classic Legends Inc.,USA,Unknown,Medium,4,10,2003
10173,2003-11-05,28,53.72,1504.16,Shipped,Vintage Cars,S18_2957,Rovelli Gifts,Italy,EMEA,Small,4,11,2003
10183,2003-11-13,39,68.08,2655.12,Shipped,Vintage Cars,S18_2957,"Classic Gift Ideas, Inc",USA,Unknown,Small,4,11,2003
10193,2003-11-21,24,51.84,1244.16,Shipped,Vintage Cars,S18_2957,"Australian Collectables, Ltd",Australia,APAC,Small,4,11,2003
10206,2003-12-05,28,67.46,1888.88,Shipped,Vintage Cars,S18_2957,Canadian Gift Exchange Network,Canada,Unknown,Small,4,12,2003
10215,2004-01-29,31,58.71,1820.01,Shipped,Vintage Cars,S18_2957,West Coast Collectables Co.,USA,Unknown,Small,1,1,2004
10228,2004-03-10,45,63.71,2866.95,Shipped,Vintage Cars,S18_2957,Cambridge Collectables Co.,USA,Unknown,Small,1,3,2004
10244,2004-04-29,24,58.09,1394.16,Shipped,Vintage Cars,S18_2957,Euro Shopping Channel,Spain,EMEA,Small,2,4,2004
10257,2004-06-14,49,53.72,2632.28,Shipped,Vintage Cars,S18_2957,The Sharp Gifts Warehouse,USA,Unknown,Small,2,6,2004
10269,2004-07-16,32,63.08,2018.56,Shipped,Vintage Cars,S18_2957,Salzburg Collectables,Austria,EMEA,Small,3,7,2004
10280,2004-08-17,43,68.71,2954.53,Shipped,Vintage Cars,S18_2957,Amica Models & Co.,Italy,EMEA,Small,3,8,2004
10291,2004-09-08,37,50.59,1871.83,Shipped,Vintage Cars,S18_2957,Scandinavian Gift Ideas,Sweden,EMEA,Small,3,9,2004
10304,2004-10-11,24,64.96,1559.04,Shipped,Vintage Cars,S18_2957,Auto Assoc. & Cie.,France,EMEA,Small,4,10,2004
10312,2004-10-21,35,53.72,1880.2,Shipped,Vintage Cars,S18_2957,Mini Gifts Distributors Ltd.,USA,Unknown,Small,4,10,2004
10322,2004-11-04,41,29.87,1224.67,Shipped,Vintage Cars,S18_2957,Online Diecast Creations Co.,USA,Unknown,Small,4,11,2004
10332,2004-11-17,26,100.0,2979.08,Shipped,Vintage Cars,S18_2957,"AV Stores, Co.",UK,EMEA,Small,4,11,2004
10347,2004-11-29,34,64.96,2208.64,Shipped,Vintage Cars,S18_2957,"Australian Collectors, Co.",Australia,APAC,Small,4,11,2004
10357,2004-12-10,49,70.58,3458.42,Shipped,Vintage Cars,S18_2957,Mini Gifts Distributors Ltd.,USA,Unknown,Medium,4,12,2004
10369,2005-01-20,28,44.21,1237.88,Shipped,Vintage Cars,S18_2957,Collectables For Less Inc.,USA,Unknown,Small,1,1,2005
10381,2005-02-17,40,68.08,2723.2,Shipped,Vintage Cars,S18_2957,Corporate Gift Ideas Co.,USA,Unknown,Small,1,2,2005
10392,2005-03-10,37,59.96,2218.52,Shipped,Vintage Cars,S18_2957,Mini Auto Werke,Austria,EMEA,Small,1,3,2005
10423,2005-05-30,31,53.72,1665.32,In Process,Vintage Cars,S18_2957,Petit Auto,Belgium,EMEA,Small,2,5,2005
10106,2003-02-17,41,83.44,3421.04,Shipped,Ships,S18_3029,Rovelli Gifts,Italy,EMEA,Medium,1,2,2003
10119,2003-04-28,21,89.46,1878.66,Shipped,Ships,S18_3029,Salzburg Collectables,Austria,EMEA,Small,2,4,2003
10130,2003-06-16,40,96.34,3853.6,Shipped,Ships,S18_3029,Auto-Moto Classics Inc.,USA,Unknown,Medium,2,6,2003
10143,2003-08-10,46,74.84,3442.64,Shipped,Ships,S18_3029,Mini Creations Ltd.,USA,Unknown,Medium,3,8,2003
10155,2003-10-06,44,79.14,3482.16,Shipped,Ships,S18_3029,"Toys of Finland, Co.",Finland,EMEA,Medium,4,10,2003
10167,2003-10-23,46,73.12,3363.52,Cancelled,Ships,S18_3029,Scandinavian Gift Ideas,Sweden,EMEA,Medium,4,10,2003
10178,2003-11-08,41,81.72,3350.52,Shipped,Ships,S18_3029,Alpha Cognac,France,EMEA,Medium,4,11,2003
10186,2003-11-14,32,89.46,2862.72,Shipped,Ships,S18_3029,"Double Decker Gift Stores, Ltd",UK,EMEA,Small,4,11,2003
10197,2003-11-26,46,87.74,4036.04,Shipped,Ships,S18_3029,Enaco Distributors,Spain,EMEA,Medium,4,11,2003
10209,2004-01-09,28,100.0,2817.92,Shipped,Ships,S18_3029,"Men 'R' US Retailers, Ltd.",USA,Unknown,Small,1,1,2004
10222,2004-02-19,49,94.62,4636.38,Shipped,Ships,S18_3029,Collectable Mini Designs Co.,USA,Unknown,Medium,1,2,2004
10248,2004-05-07,21,73.98,1553.58,Cancelled,Ships,S18_3029,Land of Toys Inc.,USA,Unknown,Small,2,5,2004
10262,2004-06-24,32,84.3,2697.6,Cancelled,Ships,S18_3029,Euro Shopping Channel,Spain,EMEA,Small,2,6,2004
10273,2004-07-21,34,98.06,3334.04,Shipped,Ships,S18_3029,Petit Auto,Belgium,EMEA,Medium,3,7,2004
10283,2004-08-20,21,98.06,2059.26,Shipped,Ships,S18_3029,"Royal Canadian Collectables, Ltd.",Canada,Unknown,Small,3,8,2004
10296,2004-09-15,21,96.34,2023.14,Shipped,Ships,S18_3029,"Bavarian Collectables Imports, Co.",Germany,EMEA,Small,3,9,2004
10307,2004-10-14,31,83.44,2586.64,Shipped,Ships,S18_3029,"Classic Gift Ideas, Inc",USA,Unknown,Small,4,10,2004
10316,2004-11-01,21,94.62,1987.02,Shipped,Ships,S18_3029,giftsbymail.co.uk,UK,EMEA,Small,4,11,2004
10327,2004-11-10,25,45.86,1146.5,Resolved,Ships,S18_3029,Danish Wholesale Imports,Denmark,EMEA,Small,4,11,2004
10338,2004-11-22,28,82.58,2312.24,Shipped,Ships,S18_3029,Royale Belge,Belgium,EMEA,Small,4,11,2004
10350,2004-12-02,43,64.97,2793.71,Shipped,Ships,S18_3029,Euro Shopping Channel,Spain,EMEA,Small,4,12,2004
10373,2005-01-31,22,86.74,1908.28,Shipped,Ships,S18_3029,"Oulu Toy Supplies, Inc.",Finland,EMEA,Small,1,1,2005
10386,2005-03-01,37,93.01,3441.37,Resolved,Ships,S18_3029,Euro Shopping Channel,Spain,EMEA,Medium,1,3,2005
10398,2005-03-30,28,72.26,2023.28,Shipped,Ships,S18_3029,Reims Collectables,France,EMEA,Small,1,3,2005
10400,2005-04-01,30,74.84,2245.2,Shipped,Ships,S18_3029,The Sharp Gifts Warehouse,USA,Unknown,Small,2,4,2005
10414,2005-05-06,44,73.98,3255.12,On Hold,Ships,S18_3029,Gifts4AllAges.com,USA,Unknown,Medium,2,5,2005
10103,2003-01-29,25,100.0,2539.5,Shipped,Vintage Cars,S18_3136,Baane Mini Imports,Norway,EMEA,Small,1,1,2003
10111,2003-03-25,43,100.0,4818.15,Shipped,Vintage Cars,S18_3136,Mini Wheels Co.,USA,Unknown,Medium,1,3,2003
10126,2003-05-28,30,97.39,2921.7,Shipped,Vintage Cars,S18_3136,"Corrida Auto Replicas, Ltd",Spain,EMEA,Small,2,5,2003
10139,2003-07-16,20,90.06,1801.2,Shipped,Vintage Cars,S18_3136,Souveniers And Things Co.,Australia,APAC,Small,3,7,2003
10150,2003-09-19,26,100.0,2804.36,Shipped,Vintage Cars,S18_3136,"Dragon Souveniers, Ltd.",Singapore,Japan,Small,3,9,2003
10163,2003-10-20,40,100.0,4900.8,Shipped,Vintage Cars,S18_3136,Classic Legends Inc.,USA,Unknown,Medium,4,10,2003
10173,2003-11-05,31,89.01,2759.31,Shipped,Vintage Cars,S18_3136,Rovelli Gifts,Italy,EMEA,Small,4,11,2003
10183,2003-11-13,22,100.0,2488.2,Shipped,Vintage Cars,S18_3136,"Classic Gift Ideas, Inc",USA,Unknown,Small,4,11,2003
10193,2003-11-21,23,100.0,2769.89,Shipped,Vintage Cars,S18_3136,"Australian Collectables, Ltd",Australia,APAC,Small,4,11,2003
10206,2003-12-05,30,100.0,3581.4,Shipped,Vintage Cars,S18_3136,Canadian Gift Exchange Network,Canada,Unknown,Medium,4,12,2003
10215,2004-01-29,49,100.0,5285.14,Shipped,Vintage Cars,S18_3136,West Coast Collectables Co.,USA,Unknown,Medium,1,1,2004
10228,2004-03-10,31,100.0,3181.53,Shipped,Vintage Cars,S18_3136,Cambridge Collectables Co.,USA,Unknown,Medium,1,3,2004
10244,2004-04-29,29,100.0,3340.51,Shipped,Vintage Cars,S18_3136,Euro Shopping Channel,Spain,EMEA,Medium,2,4,2004
10257,2004-06-14,37,84.82,3138.34,Shipped,Vintage Cars,S18_3136,The Sharp Gifts Warehouse,USA,Unknown,Medium,2,6,2004
10270,2004-07-19,38,100.0,4775.08,Shipped,Vintage Cars,S18_3136,Souveniers And Things Co.,Australia,APAC,Medium,3,7,2004
10280,2004-08-17,29,100.0,3006.43,Shipped,Vintage Cars,S18_3136,Amica Models & Co.,Italy,EMEA,Medium,3,8,2004
10291,2004-09-08,23,100.0,2866.26,Shipped,Vintage Cars,S18_3136,Scandinavian Gift Ideas,Sweden,EMEA,Small,3,9,2004
10304,2004-10-11,26,85.87,2232.62,Shipped,Vintage Cars,S18_3136,Auto Assoc. & Cie.,France,EMEA,Small,4,10,2004
10312,2004-10-21,38,100.0,4457.02,Shipped,Vintage Cars,S18_3136,Mini Gifts Distributors Ltd.,USA,Unknown,Medium,4,10,2004
10322,2004-11-04,48,47.04,2257.92,Shipped,Vintage Cars,S18_3136,Online Diecast Creations Co.,USA,Unknown,Small,4,11,2004
10332,2004-11-17,40,39.8,1592.0,Shipped,Vintage Cars,S18_3136,"AV Stores, Co.",UK,EMEA,Small,4,11,2004
10347,2004-11-29,45,100.0,4948.2,Shipped,Vintage Cars,S18_3136,"Australian Collectors, Co.",Australia,APAC,Medium,4,11,2004
10357,2004-12-10,44,100.0,5160.76,Shipped,Vintage Cars,S18_3136,Mini Gifts Distributors Ltd.,USA,Unknown,Medium,4,12,2004
10369,2005-01-20,21,94.22,1978.62,Shipped,Vintage Cars,S18_3136,Collectables For Less Inc.,USA,Unknown,Small,1,1,2005
10381,2005-02-17,35,100.0,4288.2,Shipped,Vintage Cars,S18_3136,Corporate Gift Ideas Co.,USA,Unknown,Medium,1,2,2005
10392,2005-03-10,29,86.92,2520.68,Shipped,Vintage Cars,S18_3136,Mini Auto Werke,Austria,EMEA,Small,1,3,2005
10423,2005-05-30,21,84.82,1781.22,In Process,Vintage Cars,S18_3136,Petit Auto,Belgium,EMEA,Small,2,5,2005
10105,2003-02-11,22,100.0,3065.04,Shipped,Vintage Cars,S18_3140,Danish Wholesale Imports,Denmark,EMEA,Medium,1,2,2003
10117,2003-04-16,26,100.0,3551.34,Shipped,Vintage Cars,S18_3140,"Dragon Souveniers, Ltd.",Singapore,Japan,Medium,2,4,2003
10128,2003-06-06,41,100.0,5544.02,Shipped,Vintage Cars,S18_3140,Euro Shopping Channel,Spain,EMEA,Medium,2,6,2003
10142,2003-08-08,47,100.0,6034.33,Shipped,Vintage Cars,S18_3140,Mini Gifts Distributors Ltd.,USA,Unknown,Medium,3,8,2003
10153,2003-09-28,31,100.0,3641.57,Shipped,Vintage Cars,S18_3140,Euro Shopping Channel,Spain,EMEA,Medium,3,9,2003
10166,2003-10-21,43,100.0,6930.74,Shipped,Vintage Cars,S18_3140,FunGiftIdeas.com,USA,Unknown,Medium,4,10,2003
10177,2003-11-07,23,100.0,3675.63,Shipped,Vintage Cars,S18_3140,CAF Imports,Spain,EMEA,Medium,4,11,2003
10185,2003-11-14,28,100.0,3442.04,Shipped,Vintage Cars,S18_3140,Mini Creations Ltd.,USA,Unknown,Medium,4,11,2003
10196,2003-11-26,49,100.0,6893.81,Shipped,Vintage Cars,S18_3140,Super Scale Inc.,USA,Unknown,Medium,4,11,2003
10208,2004-01-02,24,100.0,2622.48,Shipped,Vintage Cars,S18_3140,"Saveley & Henriot, Co.",France,EMEA,Small,1,1,2004
10221,2004-02-18,33,100.0,4417.38,Shipped,Vintage Cars,S18_3140,Petit Auto,Belgium,EMEA,Medium,1,2,2004
10232,2004-03-20,22,100.0,3606.02,Shipped,Vintage Cars,S18_3140,giftsbymail.co.uk,UK,EMEA,Medium,1,3,2004
10248,2004-05-07,32,100.0,3802.56,Cancelled,Vintage Cars,S18_3140,Land of Toys Inc.,USA,Unknown,Medium,2,5,2004
10273,2004-07-21,40,100.0,5026.4,Shipped,Vintage Cars,S18_3140,Petit Auto,Belgium,EMEA,Medium,3,7,2004
10282,2004-08-20,43,100.0,6695.53,Shipped,Vintage Cars,S18_3140,Mini Gifts Distributors Ltd.,USA,Unknown,Medium,3,8,2004
10293,2004-09-09,24,100.0,2819.28,Shipped,Vintage Cars,S18_3140,Amica Models & Co.,Italy,EMEA,Small,3,9,2004
10306,2004-10-14,32,100.0,3759.04,Shipped,Vintage Cars,S18_3140,"AV Stores, Co.",UK,EMEA,Medium,4,10,2004
10314,2004-10-22,20,100.0,2731.8,Shipped,Vintage Cars,S18_3140,Heintze Collectables,Denmark,EMEA,Small,4,10,2004
10325,2004-11-05,24,69.12,1658.88,Shipped,Vintage Cars,S18_3140,Baane Mini Imports,Norway,EMEA,Small,4,11,2004
10336,2004-11-20,48,100.0,5778.24,Shipped,Vintage Cars,S18_3140,"La Corne D'abondance, Co.",France,EMEA,Medium,4,11,2004
10350,2004-12-02,44,100.0,5191.12,Shipped,Vintage Cars,S18_3140,Euro Shopping Channel,Spain,EMEA,Medium,4,12,2004
10372,2005-01-26,28,100.0,3862.88,Shipped,Vintage Cars,S18_3140,"Tokyo Collectables, Ltd",Japan,Japan,Medium,1,1,2005
10383,2005-02-22,24,61.52,1476.48,Shipped,Vintage Cars,S18_3140,Euro Shopping Channel,Spain,EMEA,Small,1,2,2005
10396,2005-03-23,33,100.0,5273.73,Shipped,Vintage Cars,S18_3140,Mini Gifts Distributors Ltd.,USA,Unknown,Medium,1,3,2005
10414,2005-05-06,41,100.0,4872.03,On Hold,Vintage Cars,S18_3140,Gifts4AllAges.com,USA,Unknown,Medium,2,5,2005
10104,2003-01-31,23,100.0,4556.99,Shipped,Classic Cars,S18_3232,Euro Shopping Channel,Spain,EMEA,Medium,1,1,2003
10109,2003-03-10,46,100.0,8257.0,Shipped,Classic Cars,S18_3232,Motor Mint Distributors Inc.,USA,Unknown,Large,1,3,2003
10114,2003-04-01,48,100.0,8209.44,Shipped,Classic Cars,S18_3232,"La Corne D'abondance, Co.",France,EMEA,Large,2,4,2003
10122,2003-05-08,25,100.0,3598.5,Shipped,Classic Cars,S18_3232,Marseille Mini Autos,France,EMEA,Medium,2,5,2003
10127,2003-06-03,22,100.0,3837.24,Shipped,Classic Cars,S18_3232,Muscle Machine Inc,USA,Unknown,Medium,2,6,2003
10136,2003-07-04,41,100.0,8331.61,Shipped,Classic Cars,S18_3232,Alpha Cognac,France,EMEA,Large,3,7,2003
10141,2003-08-01,34,100.0,4836.5,Shipped,Classic Cars,S18_3232,Suominen Souveniers,Finland,EMEA,Medium,3,8,2003
10148,2003-09-11,32,100.0,5418.88,Shipped,Classic Cars,S18_3232,"Anna's Decorations, Ltd",Australia,APAC,Medium,3,9,2003
10151,2003-09-21,21,100.0,3734.01,Shipped,Classic Cars,S18_3232,"Oulu Toy Supplies, Inc.",Finland,EMEA,Medium,3,9,2003
10160,2003-10-11,20,100.0,3996.4,Shipped,Classic Cars,S18_3232,"Men 'R' US Retailers, Ltd.",USA,Unknown,Medium,4,10,2003
10165,2003-10-22,47,100.0,8754.69,Shipped,Classic Cars,S18_3232,"Dragon Souveniers, Ltd.",Singapore,Japan,Large,4,10,2003
10171,2003-11-05,39,100.0,5481.45,Shipped,Classic Cars,S18_3232,Quebec Home Shopping Network,Canada,Unknown,Medium,4,11,2003
10175,2003-11-06,29,100.0,4419.89,Shipped,Classic Cars,S18_3232,"Stylish Desk Decors, Co.",UK,EMEA,Medium,4,11,2003
10181,2003-11-12,45,100.0,6324.75,Shipped,Classic Cars,S18_3232,Herkku Gifts,Norway,EMEA,Medium,4,11,2003
10184,2003-11-14,28,100.0,4409.72,Shipped,Classic Cars,S18_3232,"Iberia Gift Imports, Corp.",Spain,EMEA,Medium,4,11,2003
10192,2003-11-20,26,100.0,3918.46,Shipped,Classic Cars,S18_3232,Online Diecast Creations Co.,USA,Unknown,Medium,4,11,2003
10195,2003-11-25,50,100.0,7620.5,Shipped,Classic Cars,S18_3232,Mini Classics,USA,Unknown,Large,4,11,2003
10203,2003-12-02,48,100.0,8291.04,Shipped,Classic Cars,S18_3232,Euro Shopping Channel,Spain,EMEA,Large,4,12,2003
10207,2003-12-09,25,100.0,3937.25,Shipped,Classic Cars,S18_3232,Diecast Collectables,USA,Unknown,Medium,4,12,2003
10212,2004-01-16,40,100.0,5554.4,Shipped,Classic Cars,S18_3232,Euro Shopping Channel,Spain,EMEA,Medium,1,1,2004
10225,2004-02-22,43,100.0,6407.86,Shipped,Classic Cars,S18_3232,"Vida Sport, Ltd",Switzerland,EMEA,Medium,1,2,2004
10229,2004-03-11,22,100.0,4172.52,Shipped,Classic Cars,S18_3232,Mini Gifts Distributors Ltd.,USA,Unknown,Medium,1,3,2004
10239,2004-04-12,47,100.0,7083.37,Shipped,Classic Cars,S18_3232,"Oulu Toy Supplies, Inc.",Finland,EMEA,Large,2,4,2004
10246,2004-05-05,36,100.0,7132.68,Shipped,Classic Cars,S18_3232,Euro Shopping Channel,Spain,EMEA,Large,2,5,2004
10253,2004-06-01,40,100.0,6773.6,Cancelled,Classic Cars,S18_3232,"UK Collectables, Ltd.",UK,EMEA,Medium,2,6,2004
10259,2004-06-15,27,100.0,3657.69,Shipped,Classic Cars,S18_3232,Handji Gifts& Co,Singapore,APAC,Medium,2,6,2004
10266,2004-07-06,29,100.0,4812.55,Shipped,Classic Cars,S18_3232,L'ordine Souveniers,Italy,EMEA,Medium,3,7,2004
10271,2004-07-20,20,100.0,3928.6,Shipped,Classic Cars,S18_3232,Mini Gifts Distributors Ltd.,USA,Unknown,Medium,3,7,2004
10278,2004-08-06,42,100.0,6401.22,Shipped,Classic Cars,S18_3232,Signal Gift Stores,USA,Unknown,Medium,3,8,2004
10281,2004-08-19,25,100.0,4191.25,Shipped,Classic Cars,S18_3232,Diecast Classics Inc.,USA,Unknown,Medium,3,8,2004
10287,2004-08-30,36,100.0,5852.52,Shipped,Classic Cars,S18_3232,"Vida Sport, Ltd",Switzerland,EMEA,Medium,3,8,2004
10292,2004-09-08,21,100.0,2844.87,Shipped,Classic Cars,S18_3232,Land of Toys Inc.,USA,Unknown,Small,3,9,2004
10301,2003-10-05,23,100.0,4011.66,Shipped,Classic Cars,S18_3232,"Norway Gifts By Mail, Co.",Norway,EMEA,Medium,4,10,2003
10305,2004-10-13,37,100.0,7455.87,Shipped,Classic Cars,S18_3232,Marta's Replicas Co.,USA,Unknown,Large,4,10,2004
10310,2004-10-16,48,100.0,8940.96,Shipped,Classic Cars,S18_3232,"Toms Spezialitten, Ltd",Germany,EMEA,Large,4,10,2004
10313,2004-10-22,25,100.0,4572.25,Shipped,Classic Cars,S18_3232,Canadian Gift Exchange Network,Canada,Unknown,Medium,4,10,2004
10321,2004-11-04,33,100.0,5700.09,Shipped,Classic Cars,S18_3232,FunGiftIdeas.com,USA,Unknown,Medium,4,11,2004
10324,2004-11-05,27,100.0,3155.49,Shipped,Classic Cars,S18_3232,Vitachrome Inc.,USA,Unknown,Medium,4,11,2004
10331,2004-11-17,27,100.0,4170.69,Shipped,Classic Cars,S18_3232,Motor Mint Distributors Inc.,USA,Unknown,Medium,4,11,2004
10334,2004-11-19,20,100.0,2878.8,On Hold,Classic Cars,S18_3232,"Volvo Model Replicas, Co",Sweden,EMEA,Small,4,11,2004
10342,2004-11-24,30,100.0,5029.5,Shipped,Classic Cars,S18_3232,"Australian Collectors, Co.",Australia,APAC,Medium,4,11,2004
10349,2004-12-01,48,100.0,7396.8,Shipped,Classic Cars,S18_3232,Muscle Machine Inc,USA,Unknown,Large,4,12,2004
10358,2004-12-10,32,93.49,2991.68,Shipped,Classic Cars,S18_3232,Euro Shopping Channel,Spain,EMEA,Small,4,12,2004
10366,2005-01-10,34,100.0,6275.72,Shipped,Classic Cars,S18_3232,Royale Belge,Belgium,EMEA,Medium,1,1,2005
10370,2005-01-20,27,56.85,1534.95,Shipped,Classic Cars,S18_3232,"Anna's Decorations, Ltd",Australia,APAC,Small,1,1,2005
10377,2005-02-09,39,100.0,7264.53,Shipped,Classic Cars,S18_3232,"Toys of Finland, Co.",Finland,EMEA,Large,1,2,2005
10383,2005-02-22,47,100.0,6869.05,Shipped,Classic Cars,S18_3232,Euro Shopping Channel,Spain,EMEA,Medium,1,2,2005
10394,2005-03-15,22,100.0,3353.02,Shipped,Classic Cars,S18_3232,Euro Shopping Channel,Spain,EMEA,Medium,1,3,2005
10405,2005-04-14,55,100.0,8289.05,Shipped,Classic Cars,S18_3232,Mini Caravy,France,EMEA,Large,2,4,2005
10412,2005-05-03,60,100.0,11887.8,Shipped,Classic Cars,S18_3232,Euro Shopping Channel,Spain,EMEA,Large,2,5,2005
10419,2005-05-17,35,100.0,5926.9,Shipped,Classic Cars,S18_3232,Salzburg Collectables,Austria,EMEA,Medium,2,5,2005
10425,2005-05-31,28,100.0,3793.16,In Process,Classic Cars,S18_3232,La Rochelle Gifts,France,EMEA,Medium,2,5,2005
10105,2003-02-11,38,100.0,4330.1,Shipped,Trains,S18_3259,Danish Wholesale Imports,Denmark,EMEA,Medium,1,2,2003
10117,2003-04-16,21,95.8,2011.8,Shipped,Trains,S18_3259,"Dragon Souveniers, Ltd.",Singapore,Japan,Small,2,4,2003
10128,2003-06-06,41,100.0,4837.18,Shipped,Trains,S18_3259,Euro Shopping Channel,Spain,EMEA,Medium,2,6,2003
10142,2003-08-08,22,97.81,2151.82,Shipped,Trains,S18_3259,Mini Gifts Distributors Ltd.,USA,Unknown,Small,3,8,2003
10153,2003-09-28,29,88.74,2573.46,Shipped,Trains,S18_3259,Euro Shopping Channel,Spain,EMEA,Small,3,9,2003
10165,2003-10-22,50,100.0,5344.5,Shipped,Trains,S18_3259,"Dragon Souveniers, Ltd.",Singapore,Japan,Medium,4,10,2003
10177,2003-11-07,29,100.0,3070.52,Shipped,Trains,S18_3259,CAF Imports,Spain,EMEA,Medium,4,11,2003
10185,2003-11-14,49,80.67,3952.83,Shipped,Trains,S18_3259,Mini Creations Ltd.,USA,Unknown,Medium,4,11,2003
10196,2003-11-26,35,100.0,3564.75,Shipped,Trains,S18_3259,Super Scale Inc.,USA,Unknown,Medium,4,11,2003
10208,2004-01-02,48,100.0,5614.56,Shipped,Trains,S18_3259,"Saveley & Henriot, Co.",France,EMEA,Medium,1,1,2004
10221,2004-02-18,23,80.67,1855.41,Shipped,Trains,S18_3259,Petit Auto,Belgium,EMEA,Small,1,2,2004
10232,2004-03-20,48,95.8,4598.4,Shipped,Trains,S18_3259,giftsbymail.co.uk,UK,EMEA,Medium,1,3,2004
10248,2004-05-07,42,100.0,5082.42,Cancelled,Trains,S18_3259,Land of Toys Inc.,USA,Unknown,Medium,2,5,2004
10273,2004-07-21,47,100.0,5450.59,Shipped,Trains,S18_3259,Petit Auto,Belgium,EMEA,Medium,3,7,2004
10282,2004-08-20,36,100.0,4174.92,Shipped,Trains,S18_3259,Mini Gifts Distributors Ltd.,USA,Unknown,Medium,3,8,2004
10293,2004-09-09,22,100.0,2418.24,Shipped,Trains,S18_3259,Amica Models & Co.,Italy,EMEA,Small,3,9,2004
10306,2004-10-14,40,91.76,3670.4,Shipped,Trains,S18_3259,"AV Stores, Co.",UK,EMEA,Medium,4,10,2004
10314,2004-10-22,23,100.0,2481.7,Shipped,Trains,S18_3259,Heintze Collectables,Denmark,EMEA,Small,4,10,2004
10326,2004-11-09,32,100.0,3807.68,Shipped,Trains,S18_3259,"Volvo Model Replicas, Co",Sweden,EMEA,Medium,4,11,2004
10336,2004-11-20,21,100.0,2230.41,Shipped,Trains,S18_3259,"La Corne D'abondance, Co.",France,EMEA,Small,4,11,2004
10350,2004-12-02,41,93.04,3814.64,Shipped,Trains,S18_3259,Euro Shopping Channel,Spain,EMEA,Medium,4,12,2004
10372,2005-01-26,25,84.71,2117.75,Shipped,Trains,S18_3259,"Tokyo Collectables, Ltd",Japan,Japan,Small,1,1,2005
10383,2005-02-22,26,100.0,3340.48,Shipped,Trains,S18_3259,Euro Shopping Channel,Spain,EMEA,Medium,1,2,2005
10396,2005-03-23,24,89.75,2154.0,Shipped,Trains,S18_3259,Mini Gifts Distributors Ltd.,USA,Unknown,Small,1,3,2005
10414,2005-05-06,48,100.0,5808.48,On Hold,Trains,S18_3259,Gifts4AllAges.com,USA,Unknown,Medium,2,5,2005
10108,2003-03-03,26,68.35,1777.1,Shipped,Classic Cars,S18_3278,Cruz & Sons Co.,Philippines,Japan,Small,1,3,2003
10122,2003-05-08,21,73.17,1536.57,Shipped,Classic Cars,S18_3278,Marseille Mini Autos,France,EMEA,Small,2,5,2003
10135,2003-07-02,45,78.0,3510.0,Shipped,Classic Cars,S18_3278,Mini Gifts Distributors Ltd.,USA,Unknown,Medium,3,7,2003
10147,2003-09-05,36,86.04,3097.44,Shipped,Classic Cars,S18_3278,Collectables For Less Inc.,USA,Unknown,Medium,3,9,2003
10159,2003-10-10,21,81.21,1705.41,Shipped,Classic Cars,S18_3278,Corporate Gift Ideas Co.,USA,Unknown,Small,4,10,2003
10169,2003-11-04,32,70.76,2264.32,Shipped,Classic Cars,S18_3278,"Anna's Decorations, Ltd",Australia,APAC,Small,4,11,2003
10181,2003-11-12,30,82.82,2484.6,Shipped,Classic Cars,S18_3278,Herkku Gifts,Norway,EMEA,Small,4,11,2003
10191,2003-11-20,36,94.88,3415.68,Shipped,Classic Cars,S18_3278,"Toms Spezialitten, Ltd",Germany,EMEA,Medium,4,11,2003
10203,2003-12-02,33,86.04,2839.32,Shipped,Classic Cars,S18_3278,Euro Shopping Channel,Spain,EMEA,Small,4,12,2003
10211,2004-01-15,35,78.0,2730.0,Shipped,Classic Cars,S18_3278,Auto Canal Petit,France,EMEA,Small,1,1,2004
10225,2004-02-22,37,95.69,3540.53,Shipped,Classic Cars,S18_3278,"Vida Sport, Ltd",Switzerland,EMEA,Medium,1,2,2004
10238,2004-04-09,41,73.17,2999.97,Shipped,Classic Cars,S18_3278,Danish Wholesale Imports,Denmark,EMEA,Small,2,4,2004
10252,2004-05-26,20,76.39,1527.8,Shipped,Classic Cars,S18_3278,Auto Canal Petit,France,EMEA,Small,2,5,2004
10265,2004-07-02,45,86.84,3907.8,Shipped,Classic Cars,S18_3278,"Australian Collectables, Ltd",Australia,APAC,Medium,3,7,2004
10276,2004-08-02,38,69.96,2658.48,Shipped,Classic Cars,S18_3278,Online Mini Collectables,USA,Unknown,Small,3,8,2004
10287,2004-08-30,43,70.76,3042.68,Shipped,Classic Cars,S18_3278,"Vida Sport, Ltd",Switzerland,EMEA,Medium,3,8,2004
10300,2003-10-04,49,78.8,3861.2,Shipped,Classic Cars,S18_3278,"Blauer See Auto, Co.",Germany,EMEA,Medium,4,10,2003
10310,2004-10-16,27,80.41,2171.07,Shipped,Classic Cars,S18_3278,"Toms Spezialitten, Ltd",Germany,EMEA,Small,4,10,2004
10319,2004-11-03,46,73.98,3403.08,Shipped,Classic Cars,S18_3278,Microscale Inc.,USA,Unknown,Medium,4,11,2004
10329,2004-11-15,38,59.1,2245.8,Shipped,Classic Cars,S18_3278,Land of Toys Inc.,USA,Unknown,Small,4,11,2004
10342,2004-11-24,25,66.74,1668.5,Shipped,Classic Cars,S18_3278,"Australian Collectors, Co.",Australia,APAC,Small,4,11,2004
10363,2005-01-06,46,60.3,2773.8,Shipped,Classic Cars,S18_3278,Suominen Souveniers,Finland,EMEA,Small,1,1,2005
10378,2005-02-10,22,100.0,2464.0,Shipped,Classic Cars,S18_3278,Euro Shopping Channel,Spain,EMEA,Small,1,2,2005
10390,2005-03-04,40,100.0,5491.6,Shipped,Classic Cars,S18_3278,Mini Gifts Distributors Ltd.,USA,Unknown,Medium,1,3,2005
10103,2003-01-29,46,100.0,4791.82,Shipped,Vintage Cars,S18_3320,Baane Mini Imports,Norway,EMEA,Medium,1,1,2003
10111,2003-03-25,39,100.0,4178.85,Shipped,Vintage Cars,S18_3320,Mini Wheels Co.,USA,Unknown,Medium,1,3,2003
10126,2003-05-28,38,82.34,3128.92,Shipped,Vintage Cars,S18_3320,"Corrida Auto Replicas, Ltd",Spain,EMEA,Medium,2,5,2003
10139,2003-07-16,30,100.0,3095.4,Shipped,Vintage Cars,S18_3320,Souveniers And Things Co.,Australia,APAC,Medium,3,7,2003
10149,2003-09-12,42,94.25,3958.5,Shipped,Vintage Cars,S18_3320,Signal Collectibles Ltd.,USA,Unknown,Medium,3,9,2003
10163,2003-10-20,43,100.0,4991.44,Shipped,Vintage Cars,S18_3320,Classic Legends Inc.,USA,Unknown,Medium,4,10,2003
10173,2003-11-05,29,95.24,2761.96,Shipped,Vintage Cars,S18_3320,Rovelli Gifts,Italy,EMEA,Small,4,11,2003
10182,2003-11-12,33,86.31,2848.23,Shipped,Vintage Cars,S18_3320,Mini Gifts Distributors Ltd.,USA,Unknown,Small,4,11,2003
10193,2003-11-21,32,79.37,2539.84,Shipped,Vintage Cars,S18_3320,"Australian Collectables, Ltd",Australia,APAC,Small,4,11,2003
10206,2003-12-05,28,87.3,2444.4,Shipped,Vintage Cars,S18_3320,Canadian Gift Exchange Network,Canada,Unknown,Small,4,12,2003
10215,2004-01-29,41,100.0,4555.92,Shipped,Vintage Cars,S18_3320,West Coast Collectables Co.,USA,Unknown,Medium,1,1,2004
10227,2004-03-02,33,100.0,3666.96,Shipped,Vintage Cars,S18_3320,"Saveley & Henriot, Co.",France,EMEA,Medium,1,3,2004
10244,2004-04-29,36,84.33,3035.88,Shipped,Vintage Cars,S18_3320,Euro Shopping Channel,Spain,EMEA,Medium,2,4,2004
10257,2004-06-14,26,89.29,2321.54,Shipped,Vintage Cars,S18_3320,The Sharp Gifts Warehouse,USA,Unknown,Small,2,6,2004
10280,2004-08-17,34,100.0,3474.46,Shipped,Vintage Cars,S18_3320,Amica Models & Co.,Italy,EMEA,Medium,3,8,2004
10290,2004-09-07,26,96.23,2501.98,Shipped,Vintage Cars,S18_3320,Auto-Moto Classics Inc.,USA,Unknown,Small,3,9,2004
10304,2004-10-11,38,100.0,3958.46,Shipped,Vintage Cars,S18_3320,Auto Assoc. & Cie.,France,EMEA,Medium,4,10,2004
10312,2004-10-21,33,100.0,3535.95,Shipped,Vintage Cars,S18_3320,Mini Gifts Distributors Ltd.,USA,Unknown,Medium,4,10,2004
10323,2004-11-05,33,91.27,3011.91,Shipped,Vintage Cars,S18_3320,"Blauer See Auto, Co.",Germany,EMEA,Medium,4,11,2004
10333,2004-11-18,46,100.0,11336.7,Shipped,Vintage Cars,S18_3320,Mini Wheels Co.,USA,Unknown,Large,4,11,2004
10347,2004-11-29,26,100.0,2656.94,Shipped,Vintage Cars,S18_3320,"Australian Collectors, Co.",Australia,APAC,Small,4,11,2004
10357,2004-12-10,25,100.0,2604.25,Shipped,Vintage Cars,S18_3320,Mini Gifts Distributors Ltd.,USA,Unknown,Small,4,12,2004
10369,2005-01-20,45,73.08,3288.6,Shipped,Vintage Cars,S18_3320,Collectables For Less Inc.,USA,Unknown,Medium,1,1,2005
10382,2005-02-17,50,100.0,8935.5,Shipped,Vintage Cars,S18_3320,Mini Gifts Distributors Ltd.,USA,Unknown,Large,1,2,2005
10392,2005-03-10,36,100.0,4035.96,Shipped,Vintage Cars,S18_3320,Mini Auto Werke,Austria,EMEA,Medium,1,3,2005
10423,2005-05-30,21,89.29,1875.09,In Process,Vintage Cars,S18_3320,Petit Auto,Belgium,EMEA,Small,2,5,2005
10108,2003-03-03,29,100.0,4049.56,Shipped,Classic Cars,S18_3482,Cruz & Sons Co.,Philippines,Japan,Medium,1,3,2003
10122,2003-05-08,21,100.0,2469.39,Shipped,Classic Cars,S18_3482,Marseille Mini Autos,France,EMEA,Small,2,5,2003
10135,2003-07-02,42,100.0,5432.7,Shipped,Classic Cars,S18_3482,Mini Gifts Distributors Ltd.,USA,Unknown,Medium,3,7,2003
10147,2003-09-05,37,100.0,4405.22,Shipped,Classic Cars,S18_3482,Collectables For Less Inc.,USA,Unknown,Medium,3,9,2003
10159,2003-10-10,25,100.0,3638.0,Shipped,Classic Cars,S18_3482,Corporate Gift Ideas Co.,USA,Unknown,Medium,4,10,2003
10169,2003-11-04,36,100.0,4444.92,Shipped,Classic Cars,S18_3482,"Anna's Decorations, Ltd",Australia,APAC,Medium,4,11,2003
10181,2003-11-12,22,100.0,3395.48,Shipped,Classic Cars,S18_3482,Herkku Gifts,Norway,EMEA,Medium,4,11,2003
10191,2003-11-20,23,100.0,3414.58,Shipped,Classic Cars,S18_3482,"Toms Spezialitten, Ltd",Germany,EMEA,Medium,4,11,2003
10203,2003-12-02,32,100.0,5127.04,Shipped,Classic Cars,S18_3482,Euro Shopping Channel,Spain,EMEA,Medium,4,12,2003
10211,2004-01-15,28,100.0,3745.28,Shipped,Classic Cars,S18_3482,Auto Canal Petit,France,EMEA,Medium,1,1,2004
10225,2004-02-22,27,100.0,4564.08,Shipped,Classic Cars,S18_3482,"Vida Sport, Ltd",Switzerland,EMEA,Medium,1,2,2004
10238,2004-04-09,49,100.0,6554.24,Shipped,Classic Cars,S18_3482,Danish Wholesale Imports,Denmark,EMEA,Medium,2,4,2004
10252,2004-05-26,41,100.0,6749.83,Shipped,Classic Cars,S18_3482,Auto Canal Petit,France,EMEA,Medium,2,5,2004
10265,2004-07-02,49,100.0,8427.02,Shipped,Classic Cars,S18_3482,"Australian Collectables, Ltd",Australia,APAC,Large,3,7,2004
10276,2004-08-02,30,100.0,3924.6,Shipped,Classic Cars,S18_3482,Online Mini Collectables,USA,Unknown,Medium,3,8,2004
10287,2004-08-30,40,100.0,6761.6,Shipped,Classic Cars,S18_3482,"Vida Sport, Ltd",Switzerland,EMEA,Medium,3,8,2004
10300,2003-10-04,23,100.0,3786.49,Shipped,Classic Cars,S18_3482,"Blauer See Auto, Co.",Germany,EMEA,Medium,4,10,2003
10310,2004-10-16,49,100.0,6266.12,Shipped,Classic Cars,S18_3482,"Toms Spezialitten, Ltd",Germany,EMEA,Medium,4,10,2004
10320,2004-11-03,25,100.0,3491.0,Shipped,Classic Cars,S18_3482,"Volvo Model Replicas, Co",Sweden,EMEA,Medium,4,11,2004
10330,2004-11-16,37,100.0,4405.22,Shipped,Classic Cars,S18_3482,Cruz & Sons Co.,Philippines,Japan,Medium,4,11,2004
10342,2004-11-24,55,100.0,6548.3,Shipped,Classic Cars,S18_3482,"Australian Collectors, Co.",Australia,APAC,Medium,4,11,2004
10355,2004-12-07,23,100.0,3177.91,Shipped,Classic Cars,S18_3482,Euro Shopping Channel,Spain,EMEA,Medium,4,12,2004
10363,2005-01-06,24,100.0,4142.64,Shipped,Classic Cars,S18_3482,Suominen Souveniers,Finland,EMEA,Medium,1,1,2005
10378,2005-02-10,43,96.49,4149.07,Shipped,Classic Cars,S18_3482,Euro Shopping Channel,Spain,EMEA,Medium,1,2,2005
10390,2005-03-04,50,100.0,7397.0,Shipped,Classic Cars,S18_3482,Mini Gifts Distributors Ltd.,USA,Unknown,Large,1,3,2005
10109,2003-03-10,47,100.0,6241.6,Shipped,Classic Cars,S18_3685,Motor Mint Distributors Inc.,USA,Unknown,Medium,1,3,2003
10123,2003-05-20,34,100.0,5331.88,Shipped,Classic Cars,S18_3685,Atelier graphique,France,EMEA,Medium,2,5,2003
10137,2003-07-10,31,100.0,5124.3,Shipped,Classic Cars,S18_3685,Reims Collectables,France,EMEA,Medium,3,7,2003
10148,2003-09-11,28,100.0,3639.44,Shipped,Classic Cars,S18_3685,"Anna's Decorations, Ltd",Australia,APAC,Medium,3,9,2003
10161,2003-10-17,36,100.0,5544.0,Shipped,Classic Cars,S18_3685,Heintze Collectables,Denmark,EMEA,Medium,4,10,2003
10172,2003-11-05,48,100.0,5493.12,Shipped,Classic Cars,S18_3685,Gift Depot Inc.,USA,Unknown,Medium,4,11,2003
10181,2003-11-12,39,100.0,5785.26,Shipped,Classic Cars,S18_3685,Herkku Gifts,Norway,EMEA,Medium,4,11,2003
10192,2003-11-20,45,100.0,5340.6,Shipped,Classic Cars,S18_3685,Online Diecast Creations Co.,USA,Unknown,Medium,4,11,2003
10204,2003-12-02,35,100.0,5735.8,Shipped,Classic Cars,S18_3685,Muscle Machine Inc,USA,Unknown,Medium,4,12,2003
10212,2004-01-16,45,100.0,6357.6,Shipped,Classic Cars,S18_3685,Euro Shopping Channel,Spain,EMEA,Medium,1,1,2004
10226,2004-02-26,46,100.0,7343.9,Shipped,Classic Cars,S18_3685,Collectable Mini Designs Co.,USA,Unknown,Large,1,2,2004
10240,2004-04-13,37,100.0,5959.22,Shipped,Classic Cars,S18_3685,Osaka Souveniers Co.,Japan,Japan,Medium,2,4,2004
10253,2004-06-01,31,100.0,4029.38,Cancelled,Classic Cars,S18_3685,"UK Collectables, Ltd.",UK,EMEA,Medium,2,6,2004
10266,2004-07-06,33,100.0,5035.14,Shipped,Classic Cars,S18_3685,L'ordine Souveniers,Italy,EMEA,Medium,3,7,2004
10278,2004-08-06,31,100.0,4116.8,Shipped,Classic Cars,S18_3685,Signal Gift Stores,USA,Unknown,Medium,3,8,2004
10287,2004-08-30,27,100.0,4310.55,Shipped,Classic Cars,S18_3685,"Vida Sport, Ltd",Switzerland,EMEA,Medium,3,8,2004
10301,2003-10-05,39,100.0,6446.7,Shipped,Classic Cars,S18_3685,"Norway Gifts By Mail, Co.",Norway,EMEA,Medium,4,10,2003
10311,2004-10-16,32,100.0,3616.64,Shipped,Classic Cars,S18_3685,Euro Shopping Channel,Spain,EMEA,Medium,4,10,2004
10321,2004-11-04,28,100.0,4232.76,Shipped,Classic Cars,S18_3685,FunGiftIdeas.com,USA,Unknown,Medium,4,11,2004
10331,2004-11-17,26,67.91,1765.66,Shipped,Classic Cars,S18_3685,Motor Mint Distributors Inc.,USA,Unknown,Small,4,11,2004
10343,2004-11-24,44,84.88,3734.72,Shipped,Classic Cars,S18_3685,Reims Collectables,France,EMEA,Medium,4,11,2004
10367,2005-01-12,46,100.0,4808.38,Resolved,Classic Cars,S18_3685,Toys4GrownUps.com,USA,Unknown,Medium,1,1,2005
10379,2005-02-10,32,70.83,2266.56,Shipped,Classic Cars,S18_3685,Euro Shopping Channel,Spain,EMEA,Small,1,2,2005
10406,2005-04-15,65,100.0,10468.9,Disputed,Classic Cars,S18_3685,Danish Wholesale Imports,Denmark,EMEA,Large,2,4,2005
10419,2005-05-17,43,100.0,5589.14,Shipped,Classic Cars,S18_3685,Salzburg Collectables,Austria,EMEA,Medium,2,5,2005
10108,2003-03-03,43,67.77,2914.11,Shipped,Motorcycles,S18_3782,Cruz & Sons Co.,Philippines,Japan,Small,1,3,2003
10122,2003-05-08,35,49.74,1740.9,Shipped,Motorcycles,S18_3782,Marseille Mini Autos,France,EMEA,Small,2,5,2003
10135,2003-07-02,45,50.36,2266.2,Shipped,Motorcycles,S18_3782,Mini Gifts Distributors Ltd.,USA,Unknown,Small,3,7,2003
10146,2003-09-03,47,67.14,3155.58,Shipped,Motorcycles,S18_3782,Gift Ideas Corp.,USA,Unknown,Medium,3,9,2003
10159,2003-10-10,21,64.66,1357.86,Shipped,Motorcycles,S18_3782,Corporate Gift Ideas Co.,USA,Unknown,Small,4,10,2003
10169,2003-11-04,38,68.39,2598.82,Shipped,Motorcycles,S18_3782,"Anna's Decorations, Ltd",Australia,APAC,Small,4,11,2003
10180,2003-11-11,21,50.36,1057.56,Shipped,Motorcycles,S18_3782,Daedalus Designs Imports,France,EMEA,Small,4,11,2003
10191,2003-11-20,43,72.74,3127.82,Shipped,Motorcycles,S18_3782,"Toms Spezialitten, Ltd",Germany,EMEA,Medium,4,11,2003
10211,2004-01-15,46,54.09,2488.14,Shipped,Motorcycles,S18_3782,Auto Canal Petit,France,EMEA,Small,1,1,2004
10224,2004-02-21,38,58.44,2220.72,Shipped,Motorcycles,S18_3782,Daedalus Designs Imports,France,EMEA,Small,1,2,2004
10237,2004-04-05,26,52.22,1357.72,Shipped,Motorcycles,S18_3782,Vitachrome Inc.,USA,Unknown,Small,2,4,2004
10252,2004-05-26,31,52.84,1638.04,Shipped,Motorcycles,S18_3782,Auto Canal Petit,France,EMEA,Small,2,5,2004
10264,2004-06-30,48,54.71,2626.08,Shipped,Motorcycles,S18_3782,Gifts4AllAges.com,USA,Unknown,Small,2,6,2004
10276,2004-08-02,33,50.36,1661.88,Shipped,Motorcycles,S18_3782,Online Mini Collectables,USA,Unknown,Small,3,8,2004
10286,2004-08-28,38,57.2,2173.6,Shipped,Motorcycles,S18_3782,"La Corne D'abondance, Co.",France,EMEA,Small,3,8,2004
10299,2004-09-30,39,55.95,2182.05,Shipped,Motorcycles,S18_3782,"Toys of Finland, Co.",Finland,EMEA,Small,3,9,2004
10310,2004-10-16,42,67.14,2819.88,Shipped,Motorcycles,S18_3782,"Toms Spezialitten, Ltd",Germany,EMEA,Small,4,10,2004
10319,2004-11-03,44,59.06,2598.64,Shipped,Motorcycles,S18_3782,Microscale Inc.,USA,Unknown,Small,4,11,2004
10330,2004-11-16,29,69.63,2019.27,Shipped,Motorcycles,S18_3782,Cruz & Sons Co.,Philippines,Japan,Small,4,11,2004
10342,2004-11-24,26,55.95,1454.7,Shipped,Motorcycles,S18_3782,"Australian Collectors, Co.",Australia,APAC,Small,4,11,2004
10355,2004-12-07,31,53.47,1657.57,Shipped,Motorcycles,S18_3782,Euro Shopping Channel,Spain,EMEA,Small,4,12,2004
10363,2005-01-06,32,89.12,2851.84,Shipped,Motorcycles,S18_3782,Suominen Souveniers,Finland,EMEA,Small,1,1,2005
10378,2005-02-10,28,100.0,4609.64,Shipped,Motorcycles,S18_3782,Euro Shopping Channel,Spain,EMEA,Medium,1,2,2005
10390,2005-03-04,36,100.0,5079.96,Shipped,Motorcycles,S18_3782,Mini Gifts Distributors Ltd.,USA,Unknown,Medium,1,3,2005
10403,2005-04-08,36,52.22,1879.92,Shipped,Motorcycles,S18_3782,"UK Collectables, Ltd.",UK,EMEA,Small,2,4,2005
10106,2003-02-17,41,100.0,4774.86,Shipped,Vintage Cars,S18_3856,Rovelli Gifts,Italy,EMEA,Medium,1,2,2003
10119,2003-04-28,27,99.52,2687.04,Shipped,Vintage Cars,S18_3856,Salzburg Collectables,Austria,EMEA,Small,2,4,2003
10130,2003-06-16,33,100.0,3423.75,Shipped,Vintage Cars,S18_3856,Auto-Moto Classics Inc.,USA,Unknown,Medium,2,6,2003
10143,2003-08-10,34,100.0,3455.76,Shipped,Vintage Cars,S18_3856,Mini Creations Ltd.,USA,Unknown,Medium,3,8,2003
10155,2003-10-06,29,100.0,3622.97,Shipped,Vintage Cars,S18_3856,"Toys of Finland, Co.",Finland,EMEA,Medium,4,10,2003
10167,2003-10-23,34,100.0,3599.58,Cancelled,Vintage Cars,S18_3856,Scandinavian Gift Ideas,Sweden,EMEA,Medium,4,10,2003
10178,2003-11-08,48,100.0,5386.56,Shipped,Vintage Cars,S18_3856,Alpha Cognac,France,EMEA,Medium,4,11,2003
10186,2003-11-14,46,100.0,4918.78,Shipped,Vintage Cars,S18_3856,"Double Decker Gift Stores, Ltd",UK,EMEA,Medium,4,11,2003
10197,2003-11-26,22,100.0,2538.8,Shipped,Vintage Cars,S18_3856,Enaco Distributors,Spain,EMEA,Small,4,11,2003
10209,2004-01-09,20,100.0,2498.6,Shipped,Vintage Cars,S18_3856,"Men 'R' US Retailers, Ltd.",USA,Unknown,Small,1,1,2004
10222,2004-02-19,45,85.75,3858.75,Shipped,Vintage Cars,S18_3856,Collectable Mini Designs Co.,USA,Unknown,Medium,1,2,2004
10249,2004-05-08,46,100.0,5600.5,Shipped,Vintage Cars,S18_3856,Cambridge Collectables Co.,USA,Unknown,Medium,2,5,2004
10262,2004-06-24,34,100.0,4103.46,Cancelled,Vintage Cars,S18_3856,Euro Shopping Channel,Spain,EMEA,Medium,2,6,2004
10273,2004-07-21,50,85.75,4287.5,Shipped,Vintage Cars,S18_3856,Petit Auto,Belgium,EMEA,Medium,3,7,2004
10283,2004-08-20,46,100.0,5795.54,Shipped,Vintage Cars,S18_3856,"Royal Canadian Collectables, Ltd.",Canada,Unknown,Medium,3,8,2004
10296,2004-09-15,22,84.7,1863.4,Shipped,Vintage Cars,S18_3856,"Bavarian Collectables Imports, Co.",Germany,EMEA,Small,3,9,2004
10307,2004-10-14,48,86.81,4166.88,Shipped,Vintage Cars,S18_3856,"Classic Gift Ideas, Inc",USA,Unknown,Medium,4,10,2004
10316,2004-11-01,47,86.81,4080.07,Shipped,Vintage Cars,S18_3856,giftsbymail.co.uk,UK,EMEA,Medium,4,11,2004
10328,2004-11-12,34,100.0,3815.48,Shipped,Vintage Cars,S18_3856,Rovelli Gifts,Italy,EMEA,Medium,4,11,2004
10338,2004-11-22,45,100.0,5526.45,Shipped,Vintage Cars,S18_3856,Royale Belge,Belgium,EMEA,Medium,4,11,2004
10351,2004-12-03,20,100.0,3374.6,Shipped,Vintage Cars,S18_3856,"Stylish Desk Decors, Co.",UK,EMEA,Medium,4,12,2004
10373,2005-01-31,50,60.49,3024.5,Shipped,Vintage Cars,S18_3856,"Oulu Toy Supplies, Inc.",Finland,EMEA,Medium,1,1,2005
10386,2005-03-01,22,57.55,1266.1,Resolved,Vintage Cars,S18_3856,Euro Shopping Channel,Spain,EMEA,Small,1,3,2005
10398,2005-03-30,45,100.0,4811.85,Shipped,Vintage Cars,S18_3856,Reims Collectables,France,EMEA,Medium,1,3,2005
10400,2005-04-01,58,100.0,7307.42,Shipped,Vintage Cars,S18_3856,The Sharp Gifts Warehouse,USA,Unknown,Large,2,4,2005
10415,2005-05-09,51,100.0,6209.25,Disputed,Vintage Cars,S18_3856,"Australian Collectables, Ltd",Australia,APAC,Medium,2,5,2005
10104,2003-01-31,38,100.0,5348.5,Shipped,Classic Cars,S18_4027,Euro Shopping Channel,Spain,EMEA,Medium,1,1,2003
10117,2003-04-16,22,100.0,2780.58,Shipped,Classic Cars,S18_4027,"Dragon Souveniers, Ltd.",Singapore,Japan,Small,2,4,2003
10127,2003-06-03,25,100.0,3447.0,Shipped,Classic Cars,S18_4027,Muscle Machine Inc,USA,Unknown,Medium,2,6,2003
10142,2003-08-08,24,100.0,3791.52,Shipped,Classic Cars,S18_4027,Mini Gifts Distributors Ltd.,USA,Unknown,Medium,3,8,2003
10152,2003-09-25,35,100.0,4524.1,Shipped,Classic Cars,S18_4027,"Australian Gift Network, Co",Australia,APAC,Medium,3,9,2003
10165,2003-10-22,28,100.0,3337.6,Shipped,Classic Cars,S18_4027,"Dragon Souveniers, Ltd.",Singapore,Japan,Medium,4,10,2003
10176,2003-11-06,36,100.0,5532.12,Shipped,Classic Cars,S18_4027,L'ordine Souveniers,Italy,EMEA,Medium,4,11,2003
10185,2003-11-14,39,100.0,5096.91,Shipped,Classic Cars,S18_4027,Mini Creations Ltd.,USA,Unknown,Medium,4,11,2003
10196,2003-11-26,27,100.0,4537.08,Shipped,Classic Cars,S18_4027,Super Scale Inc.,USA,Unknown,Medium,4,11,2003
10207,2003-12-09,40,100.0,6146.8,Shipped,Classic Cars,S18_4027,Diecast Collectables,USA,Unknown,Medium,4,12,2003
10220,2004-02-12,50,100.0,8258.0,Shipped,Classic Cars,S18_4027,"Clover Collections, Co.",Ireland,EMEA,Large,1,2,2004
10230,2004-03-15,42,100.0,7238.28,Shipped,Classic Cars,S18_4027,"Blauer See Auto, Co.",Germany,EMEA,Large,1,3,2004
10247,2004-05-05,48,100.0,6756.0,Shipped,Classic Cars,S18_4027,Suominen Souveniers,Finland,EMEA,Medium,2,5,2004
10272,2004-07-20,25,100.0,3734.0,Shipped,Classic Cars,S18_4027,Diecast Classics Inc.,USA,Unknown,Medium,3,7,2004
10282,2004-08-20,31,100.0,4674.8,Shipped,Classic Cars,S18_4027,Mini Gifts Distributors Ltd.,USA,Unknown,Medium,3,8,2004
10292,2004-09-08,44,100.0,7140.76,Shipped,Classic Cars,S18_4027,Land of Toys Inc.,USA,Unknown,Large,3,9,2004
10306,2004-10-14,23,100.0,3600.65,Shipped,Classic Cars,S18_4027,"AV Stores, Co.",UK,EMEA,Medium,4,10,2004
10314,2004-10-22,29,100.0,4206.74,Shipped,Classic Cars,S18_4027,Heintze Collectables,Denmark,EMEA,Medium,4,10,2004
10324,2004-11-05,49,100.0,5379.71,Shipped,Classic Cars,S18_4027,Vitachrome Inc.,USA,Unknown,Medium,4,11,2004
10337,2004-11-21,36,100.0,5679.36,Shipped,Classic Cars,S18_4027,Classic Legends Inc.,USA,Unknown,Medium,4,11,2004
10349,2004-12-01,34,100.0,4394.84,Shipped,Classic Cars,S18_4027,Muscle Machine Inc,USA,Unknown,Medium,4,12,2004
10358,2004-12-10,25,100.0,2528.25,Shipped,Classic Cars,S18_4027,Euro Shopping Channel,Spain,EMEA,Small,4,12,2004
10372,2005-01-26,48,100.0,7031.52,Shipped,Classic Cars,S18_4027,"Tokyo Collectables, Ltd",Japan,Japan,Large,1,1,2005
10383,2005-02-22,38,100.0,5340.9,Shipped,Classic Cars,S18_4027,Euro Shopping Channel,Spain,EMEA,Medium,1,2,2005
10394,2005-03-15,37,100.0,6376.58,Shipped,Classic Cars,S18_4027,Euro Shopping Channel,Spain,EMEA,Medium,1,3,2005
10413,2005-05-05,49,100.0,6896.75,Shipped,Classic Cars,S18_4027,Gift Depot Inc.,USA,Unknown,Medium,2,5,2005
10100,2003-01-06,22,86.51,1903.22,Shipped,Vintage Cars,S18_4409,Online Diecast Creations Co.,USA,Unknown,Small,1,1,2003
10110,2003-03-18,28,89.27,2499.56,Shipped,Vintage Cars,S18_4409,"AV Stores, Co.",UK,EMEA,Small,1,3,2003
10124,2003-05-21,36,85.59,3081.24,Shipped,Vintage Cars,S18_4409,Signal Gift Stores,USA,Unknown,Medium,2,5,2003
10148,2003-09-11,34,100.0,3598.22,Shipped,Vintage Cars,S18_4409,"Anna's Decorations, Ltd",Australia,APAC,Medium,3,9,2003
10162,2003-10-18,39,100.0,3912.09,Shipped,Vintage Cars,S18_4409,Corporate Gift Ideas Co.,USA,Unknown,Medium,4,10,2003
10173,2003-11-05,21,75.46,1584.66,Shipped,Vintage Cars,S18_4409,Rovelli Gifts,Italy,EMEA,Small,4,11,2003
10182,2003-11-12,36,100.0,3942.72,Shipped,Vintage Cars,S18_4409,Mini Gifts Distributors Ltd.,USA,Unknown,Medium,4,11,2003
10193,2003-11-21,24,97.55,2341.2,Shipped,Vintage Cars,S18_4409,"Australian Collectables, Ltd",Australia,APAC,Small,4,11,2003
10204,2003-12-02,29,85.59,2482.11,Shipped,Vintage Cars,S18_4409,Muscle Machine Inc,USA,Unknown,Small,4,12,2003
10213,2004-01-22,38,94.79,3602.02,Shipped,Vintage Cars,S18_4409,"Double Decker Gift Stores, Ltd",UK,EMEA,Medium,1,1,2004
10227,2004-03-02,34,100.0,3566.94,Shipped,Vintage Cars,S18_4409,"Saveley & Henriot, Co.",France,EMEA,Medium,1,3,2004
10241,2004-04-13,42,90.19,3787.98,Shipped,Vintage Cars,S18_4409,Mini Caravy,France,EMEA,Medium,2,4,2004
10280,2004-08-17,35,100.0,3704.05,Shipped,Vintage Cars,S18_4409,Amica Models & Co.,Italy,EMEA,Medium,3,8,2004
10288,2004-09-01,35,80.99,2834.65,Shipped,Vintage Cars,S18_4409,Handji Gifts& Co,Singapore,APAC,Small,3,9,2004
10302,2003-10-06,38,89.27,3392.26,Shipped,Vintage Cars,S18_4409,"UK Collectables, Ltd.",UK,EMEA,Medium,4,10,2003
10311,2004-10-16,41,81.91,3358.31,Shipped,Vintage Cars,S18_4409,Euro Shopping Channel,Spain,EMEA,Medium,4,10,2004
10332,2004-11-17,50,100.0,7310.0,Shipped,Vintage Cars,S18_4409,"AV Stores, Co.",UK,EMEA,Large,4,11,2004
10344,2004-11-25,21,100.0,2203.11,Shipped,Vintage Cars,S18_4409,Marseille Mini Autos,France,EMEA,Small,4,11,2004
10367,2005-01-12,43,62.72,2696.96,Resolved,Vintage Cars,S18_4409,Toys4GrownUps.com,USA,Unknown,Small,1,1,2005
10380,2005-02-16,32,100.0,3376.64,Shipped,Vintage Cars,S18_4409,Euro Shopping Channel,Spain,EMEA,Medium,1,2,2005
10407,2005-04-22,6,90.19,541.14,On Hold,Vintage Cars,S18_4409,The Sharp Gifts Warehouse,USA,Unknown,Small,2,4,2005
10420,2005-05-29,66,92.95,6134.7,In Process,Vintage Cars,S18_4409,Souveniers And Things Co.,Australia,APAC,Medium,2,5,2005
10105,2003-02-11,41,82.5,3382.5,Shipped,Vintage Cars,S18_4522,Danish Wholesale Imports,Denmark,EMEA,Medium,1,2,2003
10117,2003-04-16,23,97.42,2240.66,Shipped,Vintage Cars,S18_4522,"Dragon Souveniers, Ltd.",Singapore,Japan,Small,2,4,2003
10128,2003-06-06,43,92.16,3962.88,Shipped,Vintage Cars,S18_4522,Euro Shopping Channel,Spain,EMEA,Medium,2,6,2003
10142,2003-08-08,24,70.22,1685.28,Shipped,Vintage Cars,S18_4522,Mini Gifts Distributors Ltd.,USA,Unknown,Small,3,8,2003
10153,2003-09-28,22,83.38,1834.36,Shipped,Vintage Cars,S18_4522,Euro Shopping Channel,Spain,EMEA,Small,3,9,2003
10166,2003-10-21,26,73.73,1916.98,Shipped,Vintage Cars,S18_4522,FunGiftIdeas.com,USA,Unknown,Small,4,10,2003
10177,2003-11-07,35,74.6,2611.0,Shipped,Vintage Cars,S18_4522,CAF Imports,Spain,EMEA,Small,4,11,2003
10185,2003-11-14,47,77.24,3630.28,Shipped,Vintage Cars,S18_4522,Mini Creations Ltd.,USA,Unknown,Medium,4,11,2003
10197,2003-11-26,50,100.0,5090.5,Shipped,Vintage Cars,S18_4522,Enaco Distributors,Spain,EMEA,Medium,4,11,2003
10208,2004-01-02,45,87.77,3949.65,Shipped,Vintage Cars,S18_4522,"Saveley & Henriot, Co.",France,EMEA,Medium,1,1,2004
10221,2004-02-18,39,89.53,3491.67,Shipped,Vintage Cars,S18_4522,Petit Auto,Belgium,EMEA,Medium,1,2,2004
10232,2004-03-20,23,89.53,2059.19,Shipped,Vintage Cars,S18_4522,giftsbymail.co.uk,UK,EMEA,Small,1,3,2004
10248,2004-05-07,42,75.48,3170.16,Cancelled,Vintage Cars,S18_4522,Land of Toys Inc.,USA,Unknown,Medium,2,5,2004
10261,2004-06-17,20,89.53,1790.6,Shipped,Vintage Cars,S18_4522,Quebec Home Shopping Network,Canada,Unknown,Small,2,6,2004
10273,2004-07-21,33,71.09,2345.97,Shipped,Vintage Cars,S18_4522,Petit Auto,Belgium,EMEA,Small,3,7,2004
10283,2004-08-20,34,100.0,3580.88,Shipped,Vintage Cars,S18_4522,"Royal Canadian Collectables, Ltd.",Canada,Unknown,Medium,3,8,2004
10293,2004-09-09,49,100.0,4946.06,Shipped,Vintage Cars,S18_4522,Amica Models & Co.,Italy,EMEA,Medium,3,9,2004
10306,2004-10-14,39,90.4,3525.6,Shipped,Vintage Cars,S18_4522,"AV Stores, Co.",UK,EMEA,Medium,4,10,2004
10315,2004-10-29,36,100.0,3602.16,Shipped,Vintage Cars,S18_4522,La Rochelle Gifts,France,EMEA,Medium,4,10,2004
10326,2004-11-09,50,86.01,4300.5,Shipped,Vintage Cars,S18_4522,"Volvo Model Replicas, Co",Sweden,EMEA,Medium,4,11,2004
10337,2004-11-21,29,100.0,4498.19,Shipped,Vintage Cars,S18_4522,Classic Legends Inc.,USA,Unknown,Medium,4,11,2004
10350,2004-12-02,30,100.0,3023.1,Shipped,Vintage Cars,S18_4522,Euro Shopping Channel,Spain,EMEA,Medium,4,12,2004
10372,2005-01-26,41,86.89,3562.49,Shipped,Vintage Cars,S18_4522,"Tokyo Collectables, Ltd",Japan,Japan,Medium,1,1,2005
10383,2005-02-22,28,58.58,1640.24,Shipped,Vintage Cars,S18_4522,Euro Shopping Channel,Spain,EMEA,Small,1,2,2005
10396,2005-03-23,45,100.0,4739.4,Shipped,Vintage Cars,S18_4522,Mini Gifts Distributors Ltd.,USA,Unknown,Medium,1,3,2005
10414,2005-05-06,16,75.48,1207.68,On Hold,Vintage Cars,S18_4522,Gifts4AllAges.com,USA,Unknown,Small,2,5,2005
10103,2003-01-29,36,100.0,4228.2,Shipped,Trucks and Buses,S18_4600,Baane Mini Imports,Norway,EMEA,Medium,1,1,2003
10114,2003-04-01,41,100.0,4815.45,Shipped,Trucks and Buses,S18_4600,"La Corne D'abondance, Co.",France,EMEA,Medium,2,4,2003
10126,2003-05-28,50,100.0,7083.0,Shipped,Trucks and Buses,S18_4600,"Corrida Auto Replicas, Ltd",Spain,EMEA,Large,2,5,2003
10140,2003-07-24,40,100.0,4601.2,Shipped,Trucks and Buses,S18_4600,Technics Stores Inc.,USA,Unknown,Medium,3,7,2003
10150,2003-09-19,49,100.0,6467.02,Shipped,Trucks and Buses,S18_4600,"Dragon Souveniers, Ltd.",Singapore,Japan,Medium,3,9,2003
10164,2003-10-21,45,100.0,5012.55,Resolved,Trucks and Buses,S18_4600,Mini Auto Werke,Austria,EMEA,Medium,4,10,2003
10175,2003-11-06,47,100.0,5121.59,Shipped,Trucks and Buses,S18_4600,"Stylish Desk Decors, Co.",UK,EMEA,Medium,4,11,2003
10183,2003-11-13,21,100.0,2441.04,Shipped,Trucks and Buses,S18_4600,"Classic Gift Ideas, Inc",USA,Unknown,Small,4,11,2003
10194,2003-11-25,32,100.0,4262.08,Shipped,Trucks and Buses,S18_4600,"Saveley & Henriot, Co.",France,EMEA,Medium,4,11,2003
10207,2003-12-09,47,100.0,6658.02,Shipped,Trucks and Buses,S18_4600,Diecast Collectables,USA,Unknown,Medium,4,12,2003
10217,2004-02-04,38,100.0,4509.08,Shipped,Trucks and Buses,S18_4600,Handji Gifts& Co,Singapore,APAC,Medium,1,2,2004
10229,2004-03-11,41,100.0,4716.23,Shipped,Trucks and Buses,S18_4600,Mini Gifts Distributors Ltd.,USA,Unknown,Medium,1,3,2004
10245,2004-05-04,21,100.0,2390.22,Shipped,Trucks and Buses,S18_4600,Super Scale Inc.,USA,Unknown,Small,2,5,2004
10259,2004-06-15,41,100.0,4666.62,Shipped,Trucks and Buses,S18_4600,Handji Gifts& Co,Singapore,APAC,Medium,2,6,2004
10270,2004-07-19,38,100.0,5383.08,Shipped,Trucks and Buses,S18_4600,Souveniers And Things Co.,Australia,APAC,Medium,3,7,2004
10281,2004-08-19,25,99.29,2482.25,Shipped,Trucks and Buses,S18_4600,Diecast Classics Inc.,USA,Unknown,Small,3,8,2004
10291,2004-09-08,48,100.0,5288.64,Shipped,Trucks and Buses,S18_4600,Scandinavian Gift Ideas,Sweden,EMEA,Medium,3,9,2004
10305,2004-10-13,22,99.29,2184.38,Shipped,Trucks and Buses,S18_4600,Marta's Replicas Co.,USA,Unknown,Small,4,10,2004
10313,2004-10-22,28,100.0,2881.76,Shipped,Trucks and Buses,S18_4600,Canadian Gift Exchange Network,Canada,Unknown,Small,4,10,2004
10323,2004-11-05,47,100.0,6203.06,Shipped,Trucks and Buses,S18_4600,"Blauer See Auto, Co.",Germany,EMEA,Medium,4,11,2004
10334,2004-11-19,49,100.0,6763.47,On Hold,Trucks and Buses,S18_4600,"Volvo Model Replicas, Co",Sweden,EMEA,Medium,4,11,2004
10347,2004-11-29,45,100.0,5884.65,Shipped,Trucks and Buses,S18_4600,"Australian Collectors, Co.",Australia,APAC,Medium,4,11,2004
10357,2004-12-10,28,100.0,3559.64,Shipped,Trucks and Buses,S18_4600,Mini Gifts Distributors Ltd.,USA,Unknown,Medium,4,12,2004
10370,2005-01-20,29,57.53,1668.37,Shipped,Trucks and Buses,S18_4600,"Anna's Decorations, Ltd",Australia,APAC,Small,1,1,2005
10382,2005-02-17,39,100.0,4890.6,Shipped,Trucks and Buses,S18_4600,Mini Gifts Distributors Ltd.,USA,Unknown,Medium,1,2,2005
10411,2005-05-01,46,100.0,5235.72,Shipped,Trucks and Buses,S18_4600,Quebec Home Shopping Network,Canada,Unknown,Medium,2,5,2005
10425,2005-05-31,38,100.0,4325.16,In Process,Trucks and Buses,S18_4600,La Rochelle Gifts,France,EMEA,Medium,2,5,2005
10103,2003-01-29,41,47.29,1938.89,Shipped,Vintage Cars,S18_4668,Baane Mini Imports,Norway,EMEA,Small,1,1,2003
10113,2003-03-26,50,49.81,2490.5,Shipped,Vintage Cars,S18_4668,Mini Gifts Distributors Ltd.,USA,Unknown,Small,1,3,2003
10126,2003-05-28,43,53.83,2314.69,Shipped,Vintage Cars,S18_4668,"Corrida Auto Replicas, Ltd",Spain,EMEA,Small,2,5,2003
10140,2003-07-24,29,43.27,1254.83,Shipped,Vintage Cars,S18_4668,Technics Stores Inc.,USA,Unknown,Small,3,7,2003
10150,2003-09-19,30,42.76,1282.8,Shipped,Vintage Cars,S18_4668,"Dragon Souveniers, Ltd.",Singapore,Japan,Small,3,9,2003
10164,2003-10-21,25,53.83,1345.75,Resolved,Vintage Cars,S18_4668,Mini Auto Werke,Austria,EMEA,Small,4,10,2003
10174,2003-11-06,49,44.78,2194.22,Shipped,Vintage Cars,S18_4668,"Australian Gift Network, Co",Australia,APAC,Small,4,11,2003
10183,2003-11-13,40,49.3,1972.0,Shipped,Vintage Cars,S18_4668,"Classic Gift Ideas, Inc",USA,Unknown,Small,4,11,2003
10194,2003-11-25,41,44.78,1835.98,Shipped,Vintage Cars,S18_4668,"Saveley & Henriot, Co.",France,EMEA,Small,4,11,2003
10206,2003-12-05,21,53.33,1119.93,Shipped,Vintage Cars,S18_4668,Canadian Gift Exchange Network,Canada,Unknown,Small,4,12,2003
10215,2004-01-29,46,45.28,2082.88,Shipped,Vintage Cars,S18_4668,West Coast Collectables Co.,USA,Unknown,Small,1,1,2004
10229,2004-03-11,39,40.25,1569.75,Shipped,Vintage Cars,S18_4668,Mini Gifts Distributors Ltd.,USA,Unknown,Small,1,3,2004
10245,2004-05-04,45,59.87,2694.15,Shipped,Vintage Cars,S18_4668,Super Scale Inc.,USA,Unknown,Small,2,5,2004
10258,2004-06-15,21,59.87,1257.27,Shipped,Vintage Cars,S18_4668,"Tokyo Collectables, Ltd",Japan,Japan,Small,2,6,2004
10270,2004-07-19,44,58.36,2567.84,Shipped,Vintage Cars,S18_4668,Souveniers And Things Co.,Australia,APAC,Small,3,7,2004
10281,2004-08-19,44,59.87,2634.28,Shipped,Vintage Cars,S18_4668,Diecast Classics Inc.,USA,Unknown,Small,3,8,2004
10291,2004-09-08,29,51.82,1502.78,Shipped,Vintage Cars,S18_4668,Scandinavian Gift Ideas,Sweden,EMEA,Small,3,9,2004
10304,2004-10-11,34,49.3,1676.2,Shipped,Vintage Cars,S18_4668,Auto Assoc. & Cie.,France,EMEA,Small,4,10,2004
10312,2004-10-21,39,56.85,2217.15,Shipped,Vintage Cars,S18_4668,Mini Gifts Distributors Ltd.,USA,Unknown,Small,4,10,2004
10324,2004-11-05,38,100.0,6832.02,Shipped,Vintage Cars,S18_4668,Vitachrome Inc.,USA,Unknown,Medium,4,11,2004
10333,2004-11-18,24,79.86,1916.64,Shipped,Vintage Cars,S18_4668,Mini Wheels Co.,USA,Unknown,Small,4,11,2004
10348,2004-11-01,29,100.0,7110.8,Shipped,Vintage Cars,S18_4668,"Corrida Auto Replicas, Ltd",Spain,EMEA,Large,4,11,2004
10358,2004-12-10,30,100.0,5302.8,Shipped,Vintage Cars,S18_4668,Euro Shopping Channel,Spain,EMEA,Medium,4,12,2004
10370,2005-01-20,20,100.0,2730.0,Shipped,Vintage Cars,S18_4668,"Anna's Decorations, Ltd",Australia,APAC,Small,1,1,2005
10382,2005-02-17,39,100.0,7827.3,Shipped,Vintage Cars,S18_4668,Mini Gifts Distributors Ltd.,USA,Unknown,Large,1,2,2005
10411,2005-05-01,35,59.87,2095.45,Shipped,Vintage Cars,S18_4668,Quebec Home Shopping Network,Canada,Unknown,Small,2,5,2005
10424,2005-05-31,26,59.87,1556.62,In Process,Vintage Cars,S18_4668,Euro Shopping Channel,Spain,EMEA,Small,2,5,2005
10108,2003-03-03,44,100.0,5565.12,Shipped,Classic Cars,S18_4721,Cruz & Sons Co.,Philippines,Japan,Medium,1,3,2003
10122,2003-05-08,28,100.0,3583.16,Shipped,Classic Cars,S18_4721,Marseille Mini Autos,France,EMEA,Medium,2,5,2003
10135,2003-07-02,31,100.0,4705.18,Shipped,Classic Cars,S18_4721,Mini Gifts Distributors Ltd.,USA,Unknown,Medium,3,7,2003
10146,2003-09-03,29,100.0,4444.54,Shipped,Classic Cars,S18_4721,Gift Ideas Corp.,USA,Unknown,Medium,3,9,2003
10159,2003-10-10,32,100.0,4618.88,Shipped,Classic Cars,S18_4721,Corporate Gift Ideas Co.,USA,Unknown,Medium,4,10,2003
10169,2003-11-04,33,100.0,4910.4,Shipped,Classic Cars,S18_4721,"Anna's Decorations, Ltd",Australia,APAC,Medium,4,11,2003
10180,2003-11-11,44,100.0,5565.12,Shipped,Classic Cars,S18_4721,Daedalus Designs Imports,France,EMEA,Medium,4,11,2003
10191,2003-11-20,32,100.0,4237.76,Shipped,Classic Cars,S18_4721,"Toms Spezialitten, Ltd",Germany,EMEA,Medium,4,11,2003
10211,2004-01-15,41,100.0,5673.58,Shipped,Classic Cars,S18_4721,Auto Canal Petit,France,EMEA,Medium,1,1,2004
10225,2004-02-22,35,100.0,5260.15,Shipped,Classic Cars,S18_4721,"Vida Sport, Ltd",Switzerland,EMEA,Medium,1,2,2004
10238,2004-04-09,44,100.0,6350.96,Shipped,Classic Cars,S18_4721,Danish Wholesale Imports,Denmark,EMEA,Medium,2,4,2004
10252,2004-05-26,26,100.0,3559.4,Shipped,Classic Cars,S18_4721,Auto Canal Petit,France,EMEA,Medium,2,5,2004
10264,2004-06-30,20,100.0,2410.6,Shipped,Classic Cars,S18_4721,Gifts4AllAges.com,USA,Unknown,Small,2,6,2004
10276,2004-08-02,48,100.0,5713.92,Shipped,Classic Cars,S18_4721,Online Mini Collectables,USA,Unknown,Medium,3,8,2004
10287,2004-08-30,34,100.0,4300.32,Shipped,Classic Cars,S18_4721,"Vida Sport, Ltd",Switzerland,EMEA,Medium,3,8,2004
10299,2004-09-30,49,100.0,7947.31,Shipped,Classic Cars,S18_4721,"Toys of Finland, Co.",Finland,EMEA,Large,3,9,2004
10310,2004-10-16,40,100.0,5356.8,Shipped,Classic Cars,S18_4721,"Toms Spezialitten, Ltd",Germany,EMEA,Medium,4,10,2004
10319,2004-11-03,45,100.0,7901.1,Shipped,Classic Cars,S18_4721,Microscale Inc.,USA,Unknown,Large,4,11,2004
10330,2004-11-16,50,100.0,6101.0,Shipped,Classic Cars,S18_4721,Cruz & Sons Co.,Philippines,Japan,Medium,4,11,2004
10342,2004-11-24,38,100.0,6276.46,Shipped,Classic Cars,S18_4721,"Australian Collectors, Co.",Australia,APAC,Medium,4,11,2004
10355,2004-12-07,25,100.0,4203.5,Shipped,Classic Cars,S18_4721,Euro Shopping Channel,Spain,EMEA,Medium,4,12,2004
10363,2005-01-06,28,58.18,1629.04,Shipped,Classic Cars,S18_4721,Suominen Souveniers,Finland,EMEA,Small,1,1,2005
10378,2005-02-10,49,67.14,3289.86,Shipped,Classic Cars,S18_4721,Euro Shopping Channel,Spain,EMEA,Medium,1,2,2005
10390,2005-03-04,49,100.0,6862.94,Shipped,Classic Cars,S18_4721,Mini Gifts Distributors Ltd.,USA,Unknown,Medium,1,3,2005
10110,2003-03-18,42,61.29,2574.18,Shipped,Classic Cars,S18_4933,"AV Stores, Co.",UK,EMEA,Small,1,3,2003
10124,2003-05-21,23,57.73,1327.79,Shipped,Classic Cars,S18_4933,Signal Gift Stores,USA,Unknown,Small,2,5,2003
10148,2003-09-11,29,81.25,2356.25,Shipped,Classic Cars,S18_4933,"Anna's Decorations, Ltd",Australia,APAC,Small,3,9,2003
10161,2003-10-17,25,80.54,2013.5,Shipped,Classic Cars,S18_4933,Heintze Collectables,Denmark,EMEA,Small,4,10,2003
10173,2003-11-05,39,71.98,2807.22,Shipped,Classic Cars,S18_4933,Rovelli Gifts,Italy,EMEA,Small,4,11,2003
10182,2003-11-12,44,69.84,3072.96,Shipped,Classic Cars,S18_4933,Mini Gifts Distributors Ltd.,USA,Unknown,Medium,4,11,2003
10193,2003-11-21,25,76.26,1906.5,Shipped,Classic Cars,S18_4933,"Australian Collectables, Ltd",Australia,APAC,Small,4,11,2003
10204,2003-12-02,45,76.26,3431.7,Shipped,Classic Cars,S18_4933,Muscle Machine Inc,USA,Unknown,Medium,4,12,2003
10213,2004-01-22,25,83.39,2084.75,Shipped,Classic Cars,S18_4933,"Double Decker Gift Stores, Ltd",UK,EMEA,Small,1,1,2004
10227,2004-03-02,37,57.73,2136.01,Shipped,Classic Cars,S18_4933,"Saveley & Henriot, Co.",France,EMEA,Small,1,3,2004
10241,2004-04-13,30,66.99,2009.7,Shipped,Classic Cars,S18_4933,Mini Caravy,France,EMEA,Small,2,4,2004
10267,2004-07-07,36,75.55,2719.8,Shipped,Classic Cars,S18_4933,Muscle Machine Inc,USA,Unknown,Small,3,7,2004
10279,2004-08-09,26,60.58,1575.08,Shipped,Classic Cars,S18_4933,Euro Shopping Channel,Spain,EMEA,Small,3,8,2004
10288,2004-09-01,23,73.41,1688.43,Shipped,Classic Cars,S18_4933,Handji Gifts& Co,Singapore,APAC,Small,3,9,2004
10302,2003-10-06,23,72.7,1672.1,Shipped,Classic Cars,S18_4933,"UK Collectables, Ltd.",UK,EMEA,Small,4,10,2003
10311,2004-10-16,25,66.99,1674.75,Shipped,Classic Cars,S18_4933,Euro Shopping Channel,Spain,EMEA,Small,4,10,2004
10332,2004-11-17,21,100.0,3472.98,Shipped,Classic Cars,S18_4933,"AV Stores, Co.",UK,EMEA,Medium,4,11,2004
10344,2004-11-25,26,63.43,1649.18,Shipped,Classic Cars,S18_4933,Marseille Mini Autos,France,EMEA,Small,4,11,2004
10367,2005-01-12,44,85.25,3751.0,Resolved,Classic Cars,S18_4933,Toys4GrownUps.com,USA,Unknown,Medium,1,1,2005
10380,2005-02-16,24,100.0,4536.0,Shipped,Classic Cars,S18_4933,Euro Shopping Channel,Spain,EMEA,Medium,1,2,2005
10407,2005-04-22,66,66.99,4421.34,On Hold,Classic Cars,S18_4933,The Sharp Gifts Warehouse,USA,Unknown,Medium,2,4,2005
10420,2005-05-29,36,57.73,2078.28,In Process,Classic Cars,S18_4933,Souveniers And Things Co.,Australia,APAC,Small,2,5,2005
10110,2003-03-18,36,85.25,3069.0,Shipped,Classic Cars,S24_1046,"AV Stores, Co.",UK,EMEA,Medium,1,3,2003
10124,2003-05-21,22,77.9,1713.8,Shipped,Classic Cars,S24_1046,Signal Gift Stores,USA,Unknown,Small,2,5,2003
10148,2003-09-11,25,60.26,1506.5,Shipped,Classic Cars,S24_1046,"Anna's Decorations, Ltd",Australia,APAC,Small,3,9,2003
10161,2003-10-17,37,72.76,2692.12,Shipped,Classic Cars,S24_1046,Heintze Collectables,Denmark,EMEA,Small,4,10,2003
10172,2003-11-05,32,75.69,2422.08,Shipped,Classic Cars,S24_1046,Gift Depot Inc.,USA,Unknown,Small,4,11,2003
10182,2003-11-12,47,74.22,3488.34,Shipped,Classic Cars,S24_1046,Mini Gifts Distributors Ltd.,USA,Unknown,Medium,4,11,2003
10192,2003-11-20,37,69.82,2583.34,Shipped,Classic Cars,S24_1046,Online Diecast Creations Co.,USA,Unknown,Small,4,11,2003
10204,2003-12-02,20,62.47,1249.4,Shipped,Classic Cars,S24_1046,Muscle Machine Inc,USA,Unknown,Small,4,12,2003
10212,2004-01-16,41,82.31,3374.71,Shipped,Classic Cars,S24_1046,Euro Shopping Channel,Spain,EMEA,Medium,1,1,2004
10226,2004-02-26,21,60.26,1265.46,Shipped,Classic Cars,S24_1046,Collectable Mini Designs Co.,USA,Unknown,Small,1,2,2004
10241,2004-04-13,22,76.43,1681.46,Shipped,Classic Cars,S24_1046,Mini Caravy,France,EMEA,Small,2,4,2004
10267,2004-07-07,40,80.1,3204.0,Shipped,Classic Cars,S24_1046,Muscle Machine Inc,USA,Unknown,Medium,3,7,2004
10279,2004-08-09,32,74.96,2398.72,Shipped,Classic Cars,S24_1046,Euro Shopping Channel,Spain,EMEA,Small,3,8,2004
10288,2004-09-01,36,66.14,2381.04,Shipped,Classic Cars,S24_1046,Handji Gifts& Co,Singapore,APAC,Small,3,9,2004
10301,2003-10-05,27,72.02,1944.54,Shipped,Classic Cars,S24_1046,"Norway Gifts By Mail, Co.",Norway,EMEA,Small,4,10,2003
10311,2004-10-16,26,87.45,2273.7,Shipped,Classic Cars,S24_1046,Euro Shopping Channel,Spain,EMEA,Small,4,10,2004
10321,2004-11-04,30,70.55,2116.5,Shipped,Classic Cars,S24_1046,FunGiftIdeas.com,USA,Unknown,Small,4,11,2004
10332,2004-11-17,23,56.84,1307.32,Shipped,Classic Cars,S24_1046,"AV Stores, Co.",UK,EMEA,Small,4,11,2004
10344,2004-11-25,29,59.53,1726.37,Shipped,Classic Cars,S24_1046,Marseille Mini Autos,France,EMEA,Small,4,11,2004
10367,2005-01-12,21,60.37,1267.77,Resolved,Classic Cars,S24_1046,Toys4GrownUps.com,USA,Unknown,Small,1,1,2005
10380,2005-02-16,34,100.0,3441.82,Shipped,Classic Cars,S24_1046,Euro Shopping Channel,Spain,EMEA,Medium,1,2,2005
10407,2005-04-22,26,76.43,1987.18,On Hold,Classic Cars,S24_1046,The Sharp Gifts Warehouse,USA,Unknown,Small,2,4,2005
10420,2005-05-29,60,64.67,3880.2,In Process,Classic Cars,S24_1046,Souveniers And Things Co.,Australia,APAC,Medium,2,5,2005
10104,2003-01-31,35,55.49,1942.15,Shipped,Classic Cars,S24_1444,Euro Shopping Channel,Spain,EMEA,Small,1,1,2003
10115,2003-04-04,47,69.36,3259.92,Shipped,Classic Cars,S24_1444,Classic Legends Inc.,USA,Unknown,Medium,2,4,2003
10127,2003-06-03,20,60.69,1213.8,Shipped,Classic Cars,S24_1444,Muscle Machine Inc,USA,Unknown,Small,2,6,2003
10141,2003-08-01,20,54.33,1086.6,Shipped,Classic Cars,S24_1444,Suominen Souveniers,Finland,EMEA,Small,3,8,2003
10152,2003-09-25,25,65.31,1632.75,Shipped,Classic Cars,S24_1444,"Australian Gift Network, Co",Australia,APAC,Small,3,9,2003
10165,2003-10-22,25,69.36,1734.0,Shipped,Classic Cars,S24_1444,"Dragon Souveniers, Ltd.",Singapore,Japan,Small,4,10,2003
10176,2003-11-06,27,68.78,1857.06,Shipped,Classic Cars,S24_1444,L'ordine Souveniers,Italy,EMEA,Small,4,11,2003
10184,2003-11-14,31,60.11,1863.41,Shipped,Classic Cars,S24_1444,"Iberia Gift Imports, Corp.",Spain,EMEA,Small,4,11,2003
10195,2003-11-25,44,66.47,2924.68,Shipped,Classic Cars,S24_1444,Mini Classics,USA,Unknown,Small,4,11,2003
10207,2003-12-09,49,46.82,2294.18,Shipped,Classic Cars,S24_1444,Diecast Collectables,USA,Unknown,Small,4,12,2003
10220,2004-02-12,26,56.07,1457.82,Shipped,Classic Cars,S24_1444,"Clover Collections, Co.",Ireland,EMEA,Small,1,2,2004
10230,2004-03-15,36,54.33,1955.88,Shipped,Classic Cars,S24_1444,"Blauer See Auto, Co.",Germany,EMEA,Small,1,3,2004
10246,2004-05-05,44,52.6,2314.4,Shipped,Classic Cars,S24_1444,Euro Shopping Channel,Spain,EMEA,Small,2,5,2004
10259,2004-06-15,28,46.82,1310.96,Shipped,Classic Cars,S24_1444,Handji Gifts& Co,Singapore,APAC,Small,2,6,2004
10271,2004-07-20,45,64.74,2913.3,Shipped,Classic Cars,S24_1444,Mini Gifts Distributors Ltd.,USA,Unknown,Small,3,7,2004
10282,2004-08-20,29,46.82,1357.78,Shipped,Classic Cars,S24_1444,Mini Gifts Distributors Ltd.,USA,Unknown,Small,3,8,2004
10292,2004-09-08,40,53.75,2150.0,Shipped,Classic Cars,S24_1444,Land of Toys Inc.,USA,Unknown,Small,3,9,2004
10305,2004-10-13,45,61.85,2783.25,Shipped,Classic Cars,S24_1444,Marta's Replicas Co.,USA,Unknown,Small,4,10,2004
10314,2004-10-22,44,53.18,2339.92,Shipped,Classic Cars,S24_1444,Heintze Collectables,Denmark,EMEA,Small,4,10,2004
10324,2004-11-05,25,69.16,1729.0,Shipped,Classic Cars,S24_1444,Vitachrome Inc.,USA,Unknown,Small,4,11,2004
10336,2004-11-20,45,100.0,5972.4,Shipped,Classic Cars,S24_1444,"La Corne D'abondance, Co.",France,EMEA,Medium,4,11,2004
10349,2004-12-01,48,47.4,2275.2,Shipped,Classic Cars,S24_1444,Muscle Machine Inc,USA,Unknown,Small,4,12,2004
10358,2004-12-10,44,60.76,2673.44,Shipped,Classic Cars,S24_1444,Euro Shopping Channel,Spain,EMEA,Small,4,12,2004
10371,2005-01-23,25,97.27,2431.75,Shipped,Classic Cars,S24_1444,Mini Gifts Distributors Ltd.,USA,Unknown,Small,1,1,2005
10383,2005-02-22,22,91.76,2018.72,Shipped,Classic Cars,S24_1444,Euro Shopping Channel,Spain,EMEA,Small,1,2,2005
10394,2005-03-15,31,50.29,1558.99,Shipped,Classic Cars,S24_1444,Euro Shopping Channel,Spain,EMEA,Small,1,3,2005
10412,2005-05-03,21,52.6,1104.6,Shipped,Classic Cars,S24_1444,Euro Shopping Channel,Spain,EMEA,Small,2,5,2005
10425,2005-05-31,55,46.82,2575.1,In Process,Classic Cars,S24_1444,La Rochelle Gifts,France,EMEA,Small,2,5,2005
10107,2003-02-24,25,100.0,2845.75,Shipped,Motorcycles,S24_1578,Land of Toys Inc.,USA,Unknown,Small,1,2,2003
10120,2003-04-29,35,98.05,3431.75,Shipped,Motorcycles,S24_1578,"Australian Collectors, Co.",Australia,APAC,Medium,2,4,2003
10134,2003-07-01,35,93.54,3273.9,Shipped,Motorcycles,S24_1578,Lyon Souveniers,France,EMEA,Medium,3,7,2003
10145,2003-08-25,43,95.8,4119.4,Shipped,Motorcycles,S24_1578,Toys4GrownUps.com,USA,Unknown,Medium,3,8,2003
10159,2003-10-10,44,100.0,5355.68,Shipped,Motorcycles,S24_1578,Corporate Gift Ideas Co.,USA,Unknown,Medium,4,10,2003
10168,2003-10-28,50,100.0,5747.5,Shipped,Motorcycles,S24_1578,Technics Stores Inc.,USA,Unknown,Medium,4,10,2003
10180,2003-11-11,48,100.0,5355.36,Shipped,Motorcycles,S24_1578,Daedalus Designs Imports,France,EMEA,Medium,4,11,2003
10188,2003-11-18,25,100.0,2535.75,Shipped,Motorcycles,S24_1578,Herkku Gifts,Norway,EMEA,Small,4,11,2003
10201,2003-12-01,39,100.0,4351.23,Shipped,Motorcycles,S24_1578,Mini Wheels Co.,USA,Unknown,Medium,4,12,2003
10211,2004-01-15,25,90.16,2254.0,Shipped,Motorcycles,S24_1578,Auto Canal Petit,France,EMEA,Small,1,1,2004
10223,2004-02-20,32,91.29,2921.28,Shipped,Motorcycles,S24_1578,"Australian Collectors, Co.",Australia,APAC,Small,1,2,2004
10237,2004-04-05,20,100.0,2299.0,Shipped,Motorcycles,S24_1578,Vitachrome Inc.,USA,Unknown,Small,2,4,2004
10251,2004-05-18,26,100.0,2637.18,Shipped,Motorcycles,S24_1578,Tekni Collectables Inc.,USA,Unknown,Small,2,5,2004
10263,2004-06-28,42,100.0,4307.52,Shipped,Motorcycles,S24_1578,Gift Depot Inc.,USA,Unknown,Medium,2,6,2004
10275,2004-07-23,21,100.0,2153.76,Shipped,Motorcycles,S24_1578,La Rochelle Gifts,France,EMEA,Small,3,7,2004
10285,2004-08-27,34,100.0,3716.88,Shipped,Motorcycles,S24_1578,Marta's Replicas Co.,USA,Unknown,Medium,3,8,2004
10299,2004-09-30,47,100.0,5455.76,Shipped,Motorcycles,S24_1578,"Toys of Finland, Co.",Finland,EMEA,Medium,3,9,2004
10309,2004-10-15,21,100.0,2650.62,Shipped,Motorcycles,S24_1578,Baane Mini Imports,Norway,EMEA,Small,4,10,2004
10318,2004-11-02,48,100.0,6437.28,Shipped,Motorcycles,S24_1578,Diecast Classics Inc.,USA,Unknown,Medium,4,11,2004
10329,2004-11-15,30,87.78,2633.4,Shipped,Motorcycles,S24_1578,Land of Toys Inc.,USA,Unknown,Small,4,11,2004
10339,2004-11-23,27,84.39,2278.53,Shipped,Motorcycles,S24_1578,"Tokyo Collectables, Ltd",Japan,Japan,Small,4,11,2004
10362,2005-01-05,50,96.92,4846.0,Shipped,Motorcycles,S24_1578,Technics Stores Inc.,USA,Unknown,Medium,1,1,2005
10374,2005-02-02,38,100.0,4197.1,Shipped,Motorcycles,S24_1578,"Australian Gift Network, Co",Australia,APAC,Medium,1,2,2005
10389,2005-03-03,45,100.0,4597.65,Shipped,Motorcycles,S24_1578,Scandinavian Gift Ideas,Sweden,EMEA,Medium,1,3,2005
10403,2005-04-08,46,100.0,5287.7,Shipped,Motorcycles,S24_1578,"UK Collectables, Ltd.",UK,EMEA,Medium,2,4,2005
10417,2005-05-13,35,100.0,3550.05,Disputed,Motorcycles,S24_1578,Euro Shopping Channel,Spain,EMEA,Medium,2,5,2005
10110,2003-03-18,29,59.37,1721.73,Shipped,Classic Cars,S24_1628,"AV Stores, Co.",UK,EMEA,Small,1,3,2003
10123,2003-05-20,50,59.87,2993.5,Shipped,Classic Cars,S24_1628,Atelier graphique,France,EMEA,Small,2,5,2003
10137,2003-07-10,26,49.81,1295.06,Shipped,Classic Cars,S24_1628,Reims Collectables,France,EMEA,Small,3,7,2003
10148,2003-09-11,47,56.85,2671.95,Shipped,Classic Cars,S24_1628,"Anna's Decorations, Ltd",Australia,APAC,Small,3,9,2003
10161,2003-10-17,23,53.33,1226.59,Shipped,Classic Cars,S24_1628,Heintze Collectables,Denmark,EMEA,Small,4,10,2003
10172,2003-11-05,34,42.76,1453.84,Shipped,Classic Cars,S24_1628,Gift Depot Inc.,USA,Unknown,Small,4,11,2003
10181,2003-11-12,34,53.83,1830.22,Shipped,Classic Cars,S24_1628,Herkku Gifts,Norway,EMEA,Small,4,11,2003
10192,2003-11-20,47,53.83,2530.01,Shipped,Classic Cars,S24_1628,Online Diecast Creations Co.,USA,Unknown,Small,4,11,2003
10204,2003-12-02,45,49.81,2241.45,Shipped,Classic Cars,S24_1628,Muscle Machine Inc,USA,Unknown,Small,4,12,2003
10212,2004-01-16,45,53.33,2399.85,Shipped,Classic Cars,S24_1628,Euro Shopping Channel,Spain,EMEA,Small,1,1,2004
10226,2004-02-26,36,43.27,1557.72,Shipped,Classic Cars,S24_1628,Collectable Mini Designs Co.,USA,Unknown,Small,1,2,2004
10241,2004-04-13,21,40.25,845.25,Shipped,Classic Cars,S24_1628,Mini Caravy,France,EMEA,Small,2,4,2004
10266,2004-07-06,28,48.3,1352.4,Shipped,Classic Cars,S24_1628,L'ordine Souveniers,Italy,EMEA,Small,3,7,2004
10278,2004-08-06,35,45.28,1584.8,Shipped,Classic Cars,S24_1628,Signal Gift Stores,USA,Unknown,Small,3,8,2004
10288,2004-09-01,50,52.32,2616.0,Shipped,Classic Cars,S24_1628,Handji Gifts& Co,Singapore,APAC,Small,3,9,2004
10301,2003-10-05,22,51.32,1129.04,Shipped,Classic Cars,S24_1628,"Norway Gifts By Mail, Co.",Norway,EMEA,Small,4,10,2003
10311,2004-10-16,45,49.3,2218.5,Shipped,Classic Cars,S24_1628,Euro Shopping Channel,Spain,EMEA,Small,4,10,2004
10321,2004-11-04,48,42.26,2028.48,Shipped,Classic Cars,S24_1628,FunGiftIdeas.com,USA,Unknown,Small,4,11,2004
10332,2004-11-17,20,87.96,1759.2,Shipped,Classic Cars,S24_1628,"AV Stores, Co.",UK,EMEA,Small,4,11,2004
10343,2004-11-24,27,36.21,977.67,Shipped,Classic Cars,S24_1628,Reims Collectables,France,EMEA,Small,4,11,2004
10367,2005-01-12,38,38.5,1463.0,Resolved,Classic Cars,S24_1628,Toys4GrownUps.com,USA,Unknown,Small,1,1,2005
10379,2005-02-10,32,100.0,3970.56,Shipped,Classic Cars,S24_1628,Euro Shopping Channel,Spain,EMEA,Medium,1,2,2005
10407,2005-04-22,64,40.25,2576.0,On Hold,Classic Cars,S24_1628,The Sharp Gifts Warehouse,USA,Unknown,Small,2,4,2005
10420,2005-05-29,37,60.37,2233.69,In Process,Classic Cars,S24_1628,Souveniers And Things Co.,Australia,APAC,Small,2,5,2005
10106,2003-02-17,28,88.63,2481.64,Shipped,Planes,S24_1785,Rovelli Gifts,Italy,EMEA,Small,1,2,2003
10120,2003-04-29,39,100.0,4651.53,Shipped,Planes,S24_1785,"Australian Collectors, Co.",Australia,APAC,Medium,2,4,2003
10133,2003-06-27,41,94.1,3858.1,Shipped,Planes,S24_1785,Euro Shopping Channel,Spain,EMEA,Medium,2,6,2003
10145,2003-08-25,40,87.54,3501.6,Shipped,Planes,S24_1785,Toys4GrownUps.com,USA,Unknown,Medium,3,8,2003
10168,2003-10-28,49,100.0,6433.7,Shipped,Planes,S24_1785,Technics Stores Inc.,USA,Unknown,Medium,4,10,2003
10210,2004-01-12,27,98.48,2658.96,Shipped,Planes,S24_1785,Osaka Souveniers Co.,Japan,Japan,Small,1,1,2004
10223,2004-02-20,34,100.0,3608.76,Shipped,Planes,S24_1785,"Australian Collectors, Co.",Australia,APAC,Medium,1,2,2004
10235,2004-04-02,23,96.29,2214.67,Shipped,Planes,S24_1785,"Royal Canadian Collectables, Ltd.",Canada,Unknown,Small,2,4,2004
10250,2004-05-11,31,88.63,2747.53,Shipped,Planes,S24_1785,The Sharp Gifts Warehouse,USA,Unknown,Small,2,5,2004
10262,2004-06-24,34,97.38,3310.92,Cancelled,Planes,S24_1785,Euro Shopping Channel,Spain,EMEA,Medium,2,6,2004
10275,2004-07-23,25,95.2,2380.0,Shipped,Planes,S24_1785,La Rochelle Gifts,France,EMEA,Small,3,7,2004
10284,2004-08-21,22,100.0,2310.88,Shipped,Planes,S24_1785,"Norway Gifts By Mail, Co.",Norway,EMEA,Small,3,8,2004
10297,2004-09-16,32,100.0,4061.76,Shipped,Planes,S24_1785,"Clover Collections, Co.",Ireland,EMEA,Medium,3,9,2004
10308,2004-10-15,31,100.0,3493.7,Shipped,Planes,S24_1785,Mini Classics,USA,Unknown,Medium,4,10,2004
10316,2004-11-01,25,100.0,2872.25,Shipped,Planes,S24_1785,giftsbymail.co.uk,UK,EMEA,Small,4,11,2004
10328,2004-11-12,47,87.54,4114.38,Shipped,Planes,S24_1785,Rovelli Gifts,Italy,EMEA,Medium,4,11,2004
10339,2004-11-23,21,50.65,1063.65,Shipped,Planes,S24_1785,"Tokyo Collectables, Ltd",Japan,Japan,Small,4,11,2004
10353,2004-12-04,28,71.73,2008.44,Shipped,Planes,S24_1785,Gift Ideas Corp.,USA,Unknown,Small,4,12,2004
10374,2005-02-02,46,94.1,4328.6,Shipped,Planes,S24_1785,"Australian Gift Network, Co",Australia,APAC,Medium,1,2,2005
10386,2005-03-01,33,41.71,1376.43,Resolved,Planes,S24_1785,Euro Shopping Channel,Spain,EMEA,Small,1,3,2005
10398,2005-03-30,43,100.0,5552.16,Shipped,Planes,S24_1785,Reims Collectables,France,EMEA,Medium,1,3,2005
10401,2005-04-03,38,96.29,3659.02,On Hold,Planes,S24_1785,Tekni Collectables Inc.,USA,Unknown,Medium,2,4,2005
10416,2005-05-10,47,88.63,4165.61,Shipped,Planes,S24_1785,L'ordine Souveniers,Italy,EMEA,Medium,2,5,2005
10101,2003-01-09,45,31.2,1404.0,Shipped,Vintage Cars,S24_1937,"Blauer See Auto, Co.",Germany,EMEA,Small,1,1,2003
10110,2003-03-18,20,35.51,710.2,Shipped,Vintage Cars,S24_1937,"AV Stores, Co.",UK,EMEA,Small,1,3,2003
10124,2003-05-21,45,37.84,1702.8,Shipped,Vintage Cars,S24_1937,Signal Gift Stores,USA,Unknown,Small,2,5,2003
10149,2003-09-12,36,33.19,1194.84,Shipped,Vintage Cars,S24_1937,Signal Collectibles Ltd.,USA,Unknown,Small,3,9,2003
10162,2003-10-18,37,27.22,1007.14,Shipped,Vintage Cars,S24_1937,Corporate Gift Ideas Co.,USA,Unknown,Small,4,10,2003
10173,2003-11-05,31,31.53,977.43,Shipped,Vintage Cars,S24_1937,Rovelli Gifts,Italy,EMEA,Small,4,11,2003
10182,2003-11-12,39,36.84,1436.76,Shipped,Vintage Cars,S24_1937,Mini Gifts Distributors Ltd.,USA,Unknown,Small,4,11,2003
10193,2003-11-21,26,29.21,759.46,Shipped,Vintage Cars,S24_1937,"Australian Collectables, Ltd",Australia,APAC,Small,4,11,2003
10205,2003-12-03,32,37.17,1189.44,Shipped,Vintage Cars,S24_1937,Euro Shopping Channel,Spain,EMEA,Small,4,12,2003
10214,2004-01-26,20,34.19,683.8,Shipped,Vintage Cars,S24_1937,"Corrida Auto Replicas, Ltd",Spain,EMEA,Small,1,1,2004
10227,2004-03-02,42,29.21,1226.82,Shipped,Vintage Cars,S24_1937,"Saveley & Henriot, Co.",France,EMEA,Small,1,3,2004
10243,2004-04-26,33,29.54,974.82,Shipped,Vintage Cars,S24_1937,Diecast Collectables,USA,Unknown,Small,2,4,2004
10280,2004-08-17,20,28.88,577.6,Shipped,Vintage Cars,S24_1937,Amica Models & Co.,Italy,EMEA,Small,3,8,2004
10288,2004-09-01,29,38.17,1106.93,Shipped,Vintage Cars,S24_1937,Handji Gifts& Co,Singapore,APAC,Small,3,9,2004
10304,2004-10-11,23,30.2,694.6,Shipped,Vintage Cars,S24_1937,Auto Assoc. & Cie.,France,EMEA,Small,4,10,2004
10312,2004-10-21,39,29.54,1152.06,Shipped,Vintage Cars,S24_1937,Mini Gifts Distributors Ltd.,USA,Unknown,Small,4,10,2004
10322,2004-11-04,20,100.0,2624.0,Shipped,Vintage Cars,S24_1937,Online Diecast Creations Co.,USA,Unknown,Small,4,11,2004
10332,2004-11-17,45,81.91,3685.95,Shipped,Vintage Cars,S24_1937,"AV Stores, Co.",UK,EMEA,Medium,4,11,2004
10344,2004-11-25,20,35.18,703.6,Shipped,Vintage Cars,S24_1937,Marseille Mini Autos,France,EMEA,Small,4,11,2004
10356,2004-12-09,48,100.0,9720.0,Shipped,Vintage Cars,S24_1937,Lyon Souveniers,France,EMEA,Large,4,12,2004
10367,2005-01-12,23,36.29,834.67,Resolved,Vintage Cars,S24_1937,Toys4GrownUps.com,USA,Unknown,Small,1,1,2005
10380,2005-02-16,32,70.56,2257.92,Shipped,Vintage Cars,S24_1937,Euro Shopping Channel,Spain,EMEA,Small,1,2,2005
10391,2005-03-09,33,100.0,8344.71,Shipped,Vintage Cars,S24_1937,"Anna's Decorations, Ltd",Australia,APAC,Large,1,3,2005
10409,2005-04-23,61,29.54,1801.94,Shipped,Vintage Cars,S24_1937,Handji Gifts& Co,Singapore,APAC,Small,2,4,2005
10420,2005-05-29,45,26.88,1209.6,In Process,Vintage Cars,S24_1937,Souveniers And Things Co.,Australia,APAC,Small,2,5,2005
10107,2003-02-24,38,83.03,3155.14,Shipped,Motorcycles,S24_2000,Land of Toys Inc.,USA,Unknown,Medium,1,2,2003
10120,2003-04-29,34,83.79,2848.86,Shipped,Motorcycles,S24_2000,"Australian Collectors, Co.",Australia,APAC,Small,2,4,2003
10134,2003-07-01,43,83.03,3570.29,Shipped,Motorcycles,S24_2000,Lyon Souveniers,France,EMEA,Medium,3,7,2003
10145,2003-08-25,47,83.03,3902.41,Shipped,Motorcycles,S24_2000,Toys4GrownUps.com,USA,Unknown,Medium,3,8,2003
10158,2003-10-10,22,67.03,1474.66,Shipped,Motorcycles,S24_2000,Baane Mini Imports,Norway,EMEA,Small,4,10,2003
10168,2003-10-28,29,75.41,2186.89,Shipped,Motorcycles,S24_2000,Technics Stores Inc.,USA,Unknown,Small,4,10,2003
10180,2003-11-11,28,68.55,1919.4,Shipped,Motorcycles,S24_2000,Daedalus Designs Imports,France,EMEA,Small,4,11,2003
10188,2003-11-18,40,91.4,3656.0,Shipped,Motorcycles,S24_2000,Herkku Gifts,Norway,EMEA,Medium,4,11,2003
10201,2003-12-01,25,73.88,1847.0,Shipped,Motorcycles,S24_2000,Mini Wheels Co.,USA,Unknown,Small,4,12,2003
10210,2004-01-12,30,61.7,1851.0,Shipped,Motorcycles,S24_2000,Osaka Souveniers Co.,Japan,Japan,Small,1,1,2004
10223,2004-02-20,38,69.31,2633.78,Shipped,Motorcycles,S24_2000,"Australian Collectors, Co.",Australia,APAC,Small,1,2,2004
10236,2004-04-03,36,87.6,3153.6,Shipped,Motorcycles,S24_2000,Motor Mint Distributors Inc.,USA,Unknown,Medium,2,4,2004
10250,2004-05-11,32,87.6,2803.2,Shipped,Motorcycles,S24_2000,The Sharp Gifts Warehouse,USA,Unknown,Small,2,5,2004
10263,2004-06-28,37,62.46,2311.02,Shipped,Motorcycles,S24_2000,Gift Depot Inc.,USA,Unknown,Small,2,6,2004
10275,2004-07-23,30,79.98,2399.4,Shipped,Motorcycles,S24_2000,La Rochelle Gifts,France,EMEA,Small,3,7,2004
10285,2004-08-27,39,70.08,2733.12,Shipped,Motorcycles,S24_2000,Marta's Replicas Co.,USA,Unknown,Small,3,8,2004
10297,2004-09-16,32,65.51,2096.32,Shipped,Motorcycles,S24_2000,"Clover Collections, Co.",Ireland,EMEA,Small,3,9,2004
10308,2004-10-15,47,63.22,2971.34,Shipped,Motorcycles,S24_2000,Mini Classics,USA,Unknown,Small,4,10,2004
10318,2004-11-02,26,86.83,2257.58,Shipped,Motorcycles,S24_2000,Diecast Classics Inc.,USA,Unknown,Small,4,11,2004
10329,2004-11-15,37,94.43,3493.91,Shipped,Motorcycles,S24_2000,Land of Toys Inc.,USA,Unknown,Medium,4,11,2004
10340,2004-11-24,55,79.98,4398.9,Shipped,Motorcycles,S24_2000,Enaco Distributors,Spain,EMEA,Medium,4,11,2004
10363,2005-01-06,21,100.0,3595.62,Shipped,Motorcycles,S24_2000,Suominen Souveniers,Finland,EMEA,Medium,1,1,2005
10375,2005-02-03,23,100.0,2443.29,Shipped,Motorcycles,S24_2000,La Rochelle Gifts,France,EMEA,Small,1,2,2005
10389,2005-03-03,49,81.4,3988.6,Shipped,Motorcycles,S24_2000,Scandinavian Gift Ideas,Sweden,EMEA,Medium,1,3,2005
10402,2005-04-07,59,87.6,5168.4,Shipped,Motorcycles,S24_2000,Auto Canal Petit,France,EMEA,Medium,2,4,2005
10416,2005-05-10,32,87.6,2803.2,Shipped,Motorcycles,S24_2000,L'ordine Souveniers,Italy,EMEA,Small,2,5,2005
10105,2003-02-11,43,100.0,6341.21,Shipped,Ships,S24_2011,Danish Wholesale Imports,Denmark,EMEA,Medium,1,2,2003
10117,2003-04-16,41,100.0,5189.78,Shipped,Ships,S24_2011,"Dragon Souveniers, Ltd.",Singapore,Japan,Medium,2,4,2003
10129,2003-06-12,45,100.0,6027.75,Shipped,Ships,S24_2011,"Stylish Desk Decors, Co.",UK,EMEA,Medium,2,6,2003
10142,2003-08-08,33,100.0,3366.0,Shipped,Ships,S24_2011,Mini Gifts Distributors Ltd.,USA,Unknown,Medium,3,8,2003
10153,2003-09-28,40,100.0,5456.4,Shipped,Ships,S24_2011,Euro Shopping Channel,Spain,EMEA,Medium,3,9,2003
10167,2003-10-23,33,100.0,3812.16,Cancelled,Ships,S24_2011,Scandinavian Gift Ideas,Sweden,EMEA,Medium,4,10,2003
10177,2003-11-07,50,100.0,6083.0,Shipped,Ships,S24_2011,CAF Imports,Spain,EMEA,Medium,4,11,2003
10185,2003-11-14,30,100.0,3170.7,Shipped,Ships,S24_2011,Mini Creations Ltd.,USA,Unknown,Medium,4,11,2003
10197,2003-11-26,41,100.0,4534.6,Shipped,Ships,S24_2011,Enaco Distributors,Spain,EMEA,Medium,4,11,2003
10208,2004-01-02,35,100.0,4301.15,Shipped,Ships,S24_2011,"Saveley & Henriot, Co.",France,EMEA,Medium,1,1,2004
10221,2004-02-18,49,100.0,6804.63,Shipped,Ships,S24_2011,Petit Auto,Belgium,EMEA,Medium,1,2,2004
10232,2004-03-20,46,100.0,5652.94,Shipped,Ships,S24_2011,giftsbymail.co.uk,UK,EMEA,Medium,1,3,2004
10248,2004-05-07,48,100.0,6960.48,Cancelled,Ships,S24_2011,Land of Toys Inc.,USA,Unknown,Medium,2,5,2004
10261,2004-06-17,36,100.0,4512.6,Shipped,Ships,S24_2011,Quebec Home Shopping Network,Canada,Unknown,Medium,2,6,2004
10273,2004-07-21,22,100.0,2784.76,Shipped,Ships,S24_2011,Petit Auto,Belgium,EMEA,Small,3,7,2004
10283,2004-08-20,42,100.0,5316.36,Shipped,Ships,S24_2011,"Royal Canadian Collectables, Ltd.",Canada,Unknown,Medium,3,8,2004
10293,2004-09-09,21,100.0,2941.89,Shipped,Ships,S24_2011,Amica Models & Co.,Italy,EMEA,Small,3,9,2004
10306,2004-10-14,29,100.0,3207.4,Shipped,Ships,S24_2011,"AV Stores, Co.",UK,EMEA,Medium,4,10,2004
10315,2004-10-29,35,100.0,4215.05,Shipped,Ships,S24_2011,La Rochelle Gifts,France,EMEA,Medium,4,10,2004
10326,2004-11-09,41,100.0,4333.29,Shipped,Ships,S24_2011,"Volvo Model Replicas, Co",Sweden,EMEA,Medium,4,11,2004
10337,2004-11-21,29,71.97,2087.13,Shipped,Ships,S24_2011,Classic Legends Inc.,USA,Unknown,Small,4,11,2004
10350,2004-12-02,34,50.33,1711.22,Shipped,Ships,S24_2011,Euro Shopping Channel,Spain,EMEA,Small,4,12,2004
10372,2005-01-26,37,100.0,3910.53,Shipped,Ships,S24_2011,"Tokyo Collectables, Ltd",Japan,Japan,Medium,1,1,2005
10384,2005-02-23,28,80.54,2255.12,Shipped,Ships,S24_2011,Corporate Gift Ideas Co.,USA,Unknown,Small,1,2,2005
10396,2005-03-23,49,100.0,5720.75,Shipped,Ships,S24_2011,Mini Gifts Distributors Ltd.,USA,Unknown,Medium,1,3,2005
10414,2005-05-06,23,100.0,3335.23,On Hold,Ships,S24_2011,Gifts4AllAges.com,USA,Unknown,Medium,2,5,2005
10101,2003-01-09,46,53.76,2472.96,Shipped,Vintage Cars,S24_2022,"Blauer See Auto, Co.",Germany,EMEA,Small,1,1,2003
10110,2003-03-18,39,44.35,1729.65,Shipped,Vintage Cars,S24_2022,"AV Stores, Co.",UK,EMEA,Small,1,3,2003
10124,2003-05-21,22,45.25,995.5,Shipped,Vintage Cars,S24_2022,Signal Gift Stores,USA,Unknown,Small,2,5,2003
10149,2003-09-12,49,49.28,2414.72,Shipped,Vintage Cars,S24_2022,Signal Collectibles Ltd.,USA,Unknown,Small,3,9,2003
10162,2003-10-18,43,36.29,1560.47,Shipped,Vintage Cars,S24_2022,Corporate Gift Ideas Co.,USA,Unknown,Small,4,10,2003
10173,2003-11-05,27,41.22,1112.94,Shipped,Vintage Cars,S24_2022,Rovelli Gifts,Italy,EMEA,Small,4,11,2003
10182,2003-11-12,31,36.74,1138.94,Shipped,Vintage Cars,S24_2022,Mini Gifts Distributors Ltd.,USA,Unknown,Small,4,11,2003
10193,2003-11-21,20,50.62,1012.4,Shipped,Vintage Cars,S24_2022,"Australian Collectables, Ltd",Australia,APAC,Small,4,11,2003
10205,2003-12-03,24,38.08,913.92,Shipped,Vintage Cars,S24_2022,Euro Shopping Channel,Spain,EMEA,Small,4,12,2003
10214,2004-01-26,49,47.94,2349.06,Shipped,Vintage Cars,S24_2022,"Corrida Auto Replicas, Ltd",Spain,EMEA,Small,1,1,2004
10227,2004-03-02,24,48.38,1161.12,Shipped,Vintage Cars,S24_2022,"Saveley & Henriot, Co.",France,EMEA,Small,1,3,2004
10244,2004-04-29,39,45.25,1764.75,Shipped,Vintage Cars,S24_2022,Euro Shopping Channel,Spain,EMEA,Small,2,4,2004
10255,2004-06-04,37,45.7,1690.9,Shipped,Vintage Cars,S24_2022,Mini Caravy,France,EMEA,Small,2,6,2004
10280,2004-08-17,45,47.49,2137.05,Shipped,Vintage Cars,S24_2022,Amica Models & Co.,Italy,EMEA,Small,3,8,2004
10289,2004-09-03,45,48.38,2177.1,Shipped,Vintage Cars,S24_2022,Herkku Gifts,Norway,EMEA,Small,3,9,2004
10304,2004-10-11,44,39.42,1734.48,Shipped,Vintage Cars,S24_2022,Auto Assoc. & Cie.,France,EMEA,Small,4,10,2004
10312,2004-10-21,23,37.63,865.49,Shipped,Vintage Cars,S24_2022,Mini Gifts Distributors Ltd.,USA,Unknown,Small,4,10,2004
10322,2004-11-04,30,100.0,3500.1,Shipped,Vintage Cars,S24_2022,Online Diecast Creations Co.,USA,Unknown,Medium,4,11,2004
10332,2004-11-17,26,85.52,2223.52,Shipped,Vintage Cars,S24_2022,"AV Stores, Co.",UK,EMEA,Small,4,11,2004
10345,2004-11-25,43,53.76,2311.68,Shipped,Vintage Cars,S24_2022,Atelier graphique,France,EMEA,Small,4,11,2004
10356,2004-12-09,26,31.86,828.36,Shipped,Vintage Cars,S24_2022,Lyon Souveniers,France,EMEA,Small,4,12,2004
10367,2005-01-12,28,30.59,856.52,Resolved,Vintage Cars,S24_2022,Toys4GrownUps.com,USA,Unknown,Small,1,1,2005
10380,2005-02-16,27,68.35,1845.45,Shipped,Vintage Cars,S24_2022,Euro Shopping Channel,Spain,EMEA,Small,1,2,2005
10391,2005-03-09,24,100.0,4042.08,Shipped,Vintage Cars,S24_2022,"Anna's Decorations, Ltd",Australia,APAC,Medium,1,3,2005
10421,2005-05-29,40,45.7,1828.0,In Process,Vintage Cars,S24_2022,Mini Gifts Distributors Ltd.,USA,Unknown,Small,2,5,2005
10103,2003-01-29,36,100.0,3680.28,Shipped,Trucks and Buses,S24_2300,Baane Mini Imports,Norway,EMEA,Medium,1,1,2003
10114,2003-04-01,21,100.0,2925.09,Shipped,Trucks and Buses,S24_2300,"La Corne D'abondance, Co.",France,EMEA,Small,2,4,2003
10126,2003-05-28,27,100.0,3415.77,Shipped,Trucks and Buses,S24_2300,"Corrida Auto Replicas, Ltd",Spain,EMEA,Medium,2,5,2003
10140,2003-07-24,47,100.0,5105.14,Shipped,Trucks and Buses,S24_2300,Technics Stores Inc.,USA,Unknown,Medium,3,7,2003
10151,2003-09-21,42,100.0,5098.8,Shipped,Trucks and Buses,S24_2300,"Oulu Toy Supplies, Inc.",Finland,EMEA,Medium,3,9,2003
10165,2003-10-22,32,100.0,4661.76,Shipped,Trucks and Buses,S24_2300,"Dragon Souveniers, Ltd.",Singapore,Japan,Medium,4,10,2003
10175,2003-11-06,28,100.0,2969.96,Shipped,Trucks and Buses,S24_2300,"Stylish Desk Decors, Co.",UK,EMEA,Small,4,11,2003
10184,2003-11-14,24,100.0,3496.32,Shipped,Trucks and Buses,S24_2300,"Iberia Gift Imports, Corp.",Spain,EMEA,Medium,4,11,2003
10194,2003-11-25,49,100.0,5760.93,Shipped,Trucks and Buses,S24_2300,"Saveley & Henriot, Co.",France,EMEA,Medium,4,11,2003
10207,2003-12-09,46,100.0,6819.04,Shipped,Trucks and Buses,S24_2300,Diecast Collectables,USA,Unknown,Medium,4,12,2003
10217,2004-02-04,28,100.0,3148.88,Shipped,Trucks and Buses,S24_2300,Handji Gifts& Co,Singapore,APAC,Medium,1,2,2004
10229,2004-03-11,48,100.0,5704.32,Shipped,Trucks and Buses,S24_2300,Mini Gifts Distributors Ltd.,USA,Unknown,Medium,1,3,2004
10246,2004-05-05,29,100.0,3520.6,Shipped,Trucks and Buses,S24_2300,Euro Shopping Channel,Spain,EMEA,Medium,2,5,2004
10259,2004-06-15,47,100.0,5285.62,Shipped,Trucks and Buses,S24_2300,Handji Gifts& Co,Singapore,APAC,Medium,2,6,2004
10271,2004-07-20,43,100.0,5605.05,Shipped,Trucks and Buses,S24_2300,Mini Gifts Distributors Ltd.,USA,Unknown,Medium,3,7,2004
10281,2004-08-19,25,100.0,2779.5,Shipped,Trucks and Buses,S24_2300,Diecast Classics Inc.,USA,Unknown,Small,3,8,2004
10291,2004-09-08,48,100.0,5398.08,Shipped,Trucks and Buses,S24_2300,Scandinavian Gift Ideas,Sweden,EMEA,Medium,3,9,2004
10305,2004-10-13,24,100.0,3189.6,Shipped,Trucks and Buses,S24_2300,Marta's Replicas Co.,USA,Unknown,Medium,4,10,2004
10313,2004-10-22,42,100.0,5581.8,Shipped,Trucks and Buses,S24_2300,Canadian Gift Exchange Network,Canada,Unknown,Medium,4,10,2004
10324,2004-11-05,31,100.0,3820.44,Shipped,Trucks and Buses,S24_2300,Vitachrome Inc.,USA,Unknown,Medium,4,11,2004
10334,2004-11-19,42,100.0,5528.04,On Hold,Trucks and Buses,S24_2300,"Volvo Model Replicas, Co",Sweden,EMEA,Medium,4,11,2004
10348,2004-11-01,37,100.0,5981.42,Shipped,Trucks and Buses,S24_2300,"Corrida Auto Replicas, Ltd",Spain,EMEA,Medium,4,11,2004
10358,2004-12-10,41,100.0,5684.65,Shipped,Trucks and Buses,S24_2300,Euro Shopping Channel,Spain,EMEA,Medium,4,12,2004
10371,2005-01-23,20,100.0,3449.4,Shipped,Trucks and Buses,S24_2300,Mini Gifts Distributors Ltd.,USA,Unknown,Medium,1,1,2005
10382,2005-02-17,20,100.0,2654.4,Shipped,Trucks and Buses,S24_2300,Mini Gifts Distributors Ltd.,USA,Unknown,Small,1,2,2005
10412,2005-05-03,70,100.0,8498.0,Shipped,Trucks and Buses,S24_2300,Euro Shopping Channel,Spain,EMEA,Large,2,5,2005
10425,2005-05-31,49,100.0,5510.54,In Process,Trucks and Buses,S24_2300,La Rochelle Gifts,France,EMEA,Medium,2,5,2005
10108,2003-03-03,35,58.87,2060.45,Shipped,Motorcycles,S24_2360,Cruz & Sons Co.,Philippines,Japan,Small,1,3,2003
10121,2003-05-07,32,76.88,2460.16,Shipped,Motorcycles,S24_2360,Reims Collectables,France,EMEA,Small,2,5,2003
10135,2003-07-02,29,61.64,1787.56,Shipped,Motorcycles,S24_2360,Mini Gifts Distributors Ltd.,USA,Unknown,Small,3,7,2003
10145,2003-08-25,27,60.95,1645.65,Shipped,Motorcycles,S24_2360,Toys4GrownUps.com,USA,Unknown,Small,3,8,2003
10159,2003-10-10,27,80.34,2169.18,Shipped,Motorcycles,S24_2360,Corporate Gift Ideas Co.,USA,Unknown,Small,4,10,2003
10169,2003-11-04,38,74.11,2816.18,Shipped,Motorcycles,S24_2360,"Anna's Decorations, Ltd",Australia,APAC,Small,4,11,2003
10180,2003-11-11,35,72.03,2521.05,Shipped,Motorcycles,S24_2360,Daedalus Designs Imports,France,EMEA,Small,4,11,2003
10190,2003-11-19,42,76.19,3199.98,Shipped,Motorcycles,S24_2360,Euro Shopping Channel,Spain,EMEA,Medium,4,11,2003
10211,2004-01-15,21,63.72,1338.12,Shipped,Motorcycles,S24_2360,Auto Canal Petit,France,EMEA,Small,1,1,2004
10224,2004-02-21,37,80.34,2972.58,Shipped,Motorcycles,S24_2360,Daedalus Designs Imports,France,EMEA,Small,1,2,2004
10237,2004-04-05,26,79.65,2070.9,Shipped,Motorcycles,S24_2360,Vitachrome Inc.,USA,Unknown,Small,2,4,2004
10252,2004-05-26,47,65.8,3092.6,Shipped,Motorcycles,S24_2360,Auto Canal Petit,France,EMEA,Medium,2,5,2004
10264,2004-06-30,37,65.1,2408.7,Shipped,Motorcycles,S24_2360,Gifts4AllAges.com,USA,Unknown,Small,2,6,2004
10276,2004-08-02,46,75.49,3472.54,Shipped,Motorcycles,S24_2360,Online Mini Collectables,USA,Unknown,Medium,3,8,2004
10285,2004-08-27,38,59.56,2263.28,Shipped,Motorcycles,S24_2360,Marta's Replicas Co.,USA,Unknown,Small,3,8,2004
10299,2004-09-30,33,66.49,2194.17,Shipped,Motorcycles,S24_2360,"Toys of Finland, Co.",Finland,EMEA,Small,3,9,2004
10309,2004-10-15,24,56.1,1346.4,Shipped,Motorcycles,S24_2360,Baane Mini Imports,Norway,EMEA,Small,4,10,2004
10319,2004-11-03,31,81.73,2533.63,Shipped,Motorcycles,S24_2360,Microscale Inc.,USA,Unknown,Small,4,11,2004
10330,2004-11-16,42,81.03,3403.26,Shipped,Motorcycles,S24_2360,Cruz & Sons Co.,Philippines,Japan,Medium,4,11,2004
10341,2004-11-24,32,100.0,3307.2,Shipped,Motorcycles,S24_2360,Salzburg Collectables,Austria,EMEA,Medium,4,11,2004
10355,2004-12-07,41,70.65,2896.65,Shipped,Motorcycles,S24_2360,Euro Shopping Channel,Spain,EMEA,Small,4,12,2004
10363,2005-01-06,43,61.23,2632.89,Shipped,Motorcycles,S24_2360,Suominen Souveniers,Finland,EMEA,Small,1,1,2005
10375,2005-02-03,20,100.0,2046.0,Shipped,Motorcycles,S24_2360,La Rochelle Gifts,France,EMEA,Small,1,2,2005
10390,2005-03-04,35,65.13,2279.55,Shipped,Motorcycles,S24_2360,Mini Gifts Distributors Ltd.,USA,Unknown,Small,1,3,2005
10403,2005-04-08,27,79.65,2150.55,Shipped,Motorcycles,S24_2360,"UK Collectables, Ltd.",UK,EMEA,Small,2,4,2005
10110,2003-03-18,43,78.15,3360.45,Shipped,Classic Cars,S24_2766,"AV Stores, Co.",UK,EMEA,Medium,1,3,2003
10124,2003-05-21,32,72.7,2326.4,Shipped,Classic Cars,S24_2766,Signal Gift Stores,USA,Unknown,Small,2,5,2003
10148,2003-09-11,21,73.6,1545.6,Shipped,Classic Cars,S24_2766,"Anna's Decorations, Ltd",Australia,APAC,Small,3,9,2003
10161,2003-10-17,20,100.0,2144.6,Shipped,Classic Cars,S24_2766,Heintze Collectables,Denmark,EMEA,Small,4,10,2003
10172,2003-11-05,22,74.51,1639.22,Shipped,Classic Cars,S24_2766,Gift Depot Inc.,USA,Unknown,Small,4,11,2003
10182,2003-11-12,36,73.6,2649.6,Shipped,Classic Cars,S24_2766,Mini Gifts Distributors Ltd.,USA,Unknown,Small,4,11,2003
10192,2003-11-20,46,83.6,3845.6,Shipped,Classic Cars,S24_2766,Online Diecast Creations Co.,USA,Unknown,Medium,4,11,2003
10204,2003-12-02,47,96.32,4527.04,Shipped,Classic Cars,S24_2766,Muscle Machine Inc,USA,Unknown,Medium,4,12,2003
10212,2004-01-16,45,88.14,3966.3,Shipped,Classic Cars,S24_2766,Euro Shopping Channel,Spain,EMEA,Medium,1,1,2004
10227,2004-03-02,47,88.14,4142.58,Shipped,Classic Cars,S24_2766,"Saveley & Henriot, Co.",France,EMEA,Medium,1,3,2004
10241,2004-04-13,47,94.5,4441.5,Shipped,Classic Cars,S24_2766,Mini Caravy,France,EMEA,Medium,2,4,2004
10267,2004-07-07,38,87.24,3315.12,Shipped,Classic Cars,S24_2766,Muscle Machine Inc,USA,Unknown,Medium,3,7,2004
10279,2004-08-09,49,79.97,3918.53,Shipped,Classic Cars,S24_2766,Euro Shopping Channel,Spain,EMEA,Medium,3,8,2004
10288,2004-09-01,35,80.87,2830.45,Shipped,Classic Cars,S24_2766,Handji Gifts& Co,Singapore,APAC,Small,3,9,2004
10302,2003-10-06,49,100.0,5298.86,Shipped,Classic Cars,S24_2766,"UK Collectables, Ltd.",UK,EMEA,Medium,4,10,2003
10311,2004-10-16,28,93.6,2620.8,Shipped,Classic Cars,S24_2766,Euro Shopping Channel,Spain,EMEA,Small,4,10,2004
10321,2004-11-04,30,72.7,2181.0,Shipped,Classic Cars,S24_2766,FunGiftIdeas.com,USA,Unknown,Small,4,11,2004
10332,2004-11-17,39,86.72,3382.08,Shipped,Classic Cars,S24_2766,"AV Stores, Co.",UK,EMEA,Medium,4,11,2004
10346,2004-11-29,25,100.0,2876.75,Shipped,Classic Cars,S24_2766,Signal Gift Stores,USA,Unknown,Small,4,11,2004
10368,2005-01-19,40,100.0,4107.2,Shipped,Classic Cars,S24_2766,Mini Gifts Distributors Ltd.,USA,Unknown,Medium,1,1,2005
10380,2005-02-16,36,37.5,1350.0,Shipped,Classic Cars,S24_2766,Euro Shopping Channel,Spain,EMEA,Small,1,2,2005
10407,2005-04-22,76,94.5,7182.0,On Hold,Classic Cars,S24_2766,The Sharp Gifts Warehouse,USA,Unknown,Large,2,4,2005
10420,2005-05-29,39,100.0,3933.93,In Process,Classic Cars,S24_2766,Souveniers And Things Co.,Australia,APAC,Medium,2,5,2005
10104,2003-01-31,44,39.6,1742.4,Shipped,Classic Cars,S24_2840,Euro Shopping Channel,Spain,EMEA,Small,1,1,2003
10114,2003-04-01,24,30.06,721.44,Shipped,Classic Cars,S24_2840,"La Corne D'abondance, Co.",France,EMEA,Small,2,4,2003
10127,2003-06-03,39,38.19,1489.41,Shipped,Classic Cars,S24_2840,Muscle Machine Inc,USA,Unknown,Small,2,6,2003
10141,2003-08-01,21,42.43,891.03,Shipped,Classic Cars,S24_2840,Suominen Souveniers,Finland,EMEA,Small,3,8,2003
10151,2003-09-21,30,40.31,1209.3,Shipped,Classic Cars,S24_2840,"Oulu Toy Supplies, Inc.",Finland,EMEA,Small,3,9,2003
10165,2003-10-22,27,31.82,859.14,Shipped,Classic Cars,S24_2840,"Dragon Souveniers, Ltd.",Singapore,Japan,Small,4,10,2003
10175,2003-11-06,37,31.12,1151.44,Shipped,Classic Cars,S24_2840,"Stylish Desk Decors, Co.",UK,EMEA,Small,4,11,2003
10184,2003-11-14,42,31.82,1336.44,Shipped,Classic Cars,S24_2840,"Iberia Gift Imports, Corp.",Spain,EMEA,Small,4,11,2003
10195,2003-11-25,32,28.29,905.28,Shipped,Classic Cars,S24_2840,Mini Classics,USA,Unknown,Small,4,11,2003
10207,2003-12-09,42,29.7,1247.4,Shipped,Classic Cars,S24_2840,Diecast Collectables,USA,Unknown,Small,4,12,2003
10219,2004-02-10,21,40.31,846.51,Shipped,Classic Cars,S24_2840,Signal Collectibles Ltd.,USA,Unknown,Small,1,2,2004
10229,2004-03-11,33,32.88,1085.04,Shipped,Classic Cars,S24_2840,Mini Gifts Distributors Ltd.,USA,Unknown,Small,1,3,2004
10246,2004-05-05,49,36.07,1767.43,Shipped,Classic Cars,S24_2840,Euro Shopping Channel,Spain,EMEA,Small,2,5,2004
10259,2004-06-15,31,33.24,1030.44,Shipped,Classic Cars,S24_2840,Handji Gifts& Co,Singapore,APAC,Small,2,6,2004
10271,2004-07-20,38,41.72,1585.36,Shipped,Classic Cars,S24_2840,Mini Gifts Distributors Ltd.,USA,Unknown,Small,3,7,2004
10281,2004-08-19,20,40.66,813.2,Shipped,Classic Cars,S24_2840,Diecast Classics Inc.,USA,Unknown,Small,3,8,2004
10292,2004-09-08,39,30.06,1172.34,Shipped,Classic Cars,S24_2840,Land of Toys Inc.,USA,Unknown,Small,3,9,2004
10305,2004-10-13,48,31.47,1510.56,Shipped,Classic Cars,S24_2840,Marta's Replicas Co.,USA,Unknown,Small,4,10,2004
10314,2004-10-22,39,37.13,1448.07,Shipped,Classic Cars,S24_2840,Heintze Collectables,Denmark,EMEA,Small,4,10,2004
10324,2004-11-05,30,100.0,3338.1,Shipped,Classic Cars,S24_2840,Vitachrome Inc.,USA,Unknown,Medium,4,11,2004
10335,2004-11-19,33,37.13,1225.29,Shipped,Classic Cars,S24_2840,Mini Gifts Distributors Ltd.,USA,Unknown,Small,4,11,2004
10349,2004-12-01,36,37.13,1336.68,Shipped,Classic Cars,S24_2840,Muscle Machine Inc,USA,Unknown,Small,4,12,2004
10358,2004-12-10,36,82.94,2985.84,Shipped,Classic Cars,S24_2840,Euro Shopping Channel,Spain,EMEA,Small,4,12,2004
10371,2005-01-23,45,100.0,5545.8,Shipped,Classic Cars,S24_2840,Mini Gifts Distributors Ltd.,USA,Unknown,Medium,1,1,2005
10383,2005-02-22,40,100.0,6089.6,Shipped,Classic Cars,S24_2840,Euro Shopping Channel,Spain,EMEA,Medium,1,2,2005
10394,2005-03-15,46,38.9,1789.4,Shipped,Classic Cars,S24_2840,Euro Shopping Channel,Spain,EMEA,Small,1,3,2005
10412,2005-05-03,30,36.07,1082.1,Shipped,Classic Cars,S24_2840,Euro Shopping Channel,Spain,EMEA,Small,2,5,2005
10425,2005-05-31,31,33.24,1030.44,In Process,Classic Cars,S24_2840,La Rochelle Gifts,France,EMEA,Small,2,5,2005
10106,2003-02-17,49,74.68,3659.32,Shipped,Planes,S24_2841,Rovelli Gifts,Italy,EMEA,Medium,1,2,2003
10119,2003-04-28,41,59.6,2443.6,Shipped,Planes,S24_2841,Salzburg Collectables,Austria,EMEA,Small,2,4,2003
10131,2003-06-16,35,67.14,2349.9,Shipped,Planes,S24_2841,Gift Ideas Corp.,USA,Unknown,Small,2,6,2003
10143,2003-08-10,27,60.97,1646.19,Shipped,Planes,S24_2841,Mini Creations Ltd.,USA,Unknown,Small,3,8,2003
10155,2003-10-06,23,72.62,1670.26,Shipped,Planes,S24_2841,"Toys of Finland, Co.",Finland,EMEA,Small,4,10,2003
10167,2003-10-23,21,69.88,1467.48,Cancelled,Planes,S24_2841,Scandinavian Gift Ideas,Sweden,EMEA,Small,4,10,2003
10178,2003-11-08,34,80.84,2748.56,Shipped,Planes,S24_2841,Alpha Cognac,France,EMEA,Small,4,11,2003
10186,2003-11-14,22,69.2,1522.4,Shipped,Planes,S24_2841,"Double Decker Gift Stores, Ltd",UK,EMEA,Small,4,11,2003
10198,2003-11-27,48,67.82,3255.36,Shipped,Planes,S24_2841,Cruz & Sons Co.,Philippines,Japan,Medium,4,11,2003
10209,2004-01-09,43,82.21,3535.03,Shipped,Planes,S24_2841,"Men 'R' US Retailers, Ltd.",USA,Unknown,Medium,1,1,2004
10222,2004-02-19,32,81.53,2608.96,Shipped,Planes,S24_2841,Collectable Mini Designs Co.,USA,Unknown,Small,1,2,2004
10249,2004-05-08,20,67.82,1356.4,Shipped,Planes,S24_2841,Cambridge Collectables Co.,USA,Unknown,Small,2,5,2004
10262,2004-06-24,24,67.14,1611.36,Cancelled,Planes,S24_2841,Euro Shopping Channel,Spain,EMEA,Small,2,6,2004
10274,2004-07-21,40,65.08,2603.2,Shipped,Planes,S24_2841,Collectables For Less Inc.,USA,Unknown,Small,3,7,2004
10284,2004-08-21,30,73.99,2219.7,Shipped,Planes,S24_2841,"Norway Gifts By Mail, Co.",Norway,EMEA,Small,3,8,2004
10296,2004-09-15,21,71.25,1496.25,Shipped,Planes,S24_2841,"Bavarian Collectables Imports, Co.",Germany,EMEA,Small,3,9,2004
10307,2004-10-14,25,75.36,1884.0,Shipped,Planes,S24_2841,"Classic Gift Ideas, Inc",USA,Unknown,Small,4,10,2004
10316,2004-11-01,34,63.71,2166.14,Shipped,Planes,S24_2841,giftsbymail.co.uk,UK,EMEA,Small,4,11,2004
10328,2004-11-12,48,58.92,2828.16,Shipped,Planes,S24_2841,Rovelli Gifts,Italy,EMEA,Small,4,11,2004
10339,2004-11-23,55,100.0,6214.45,Shipped,Planes,S24_2841,"Tokyo Collectables, Ltd",Japan,Japan,Medium,4,11,2004
10351,2004-12-03,25,74.68,1867.0,Shipped,Planes,S24_2841,"Stylish Desk Decors, Co.",UK,EMEA,Small,4,12,2004
10373,2005-01-31,38,70.44,2676.72,Shipped,Planes,S24_2841,"Oulu Toy Supplies, Inc.",Finland,EMEA,Small,1,1,2005
10386,2005-03-01,39,55.96,2182.44,Resolved,Planes,S24_2841,Euro Shopping Channel,Spain,EMEA,Small,1,3,2005
10398,2005-03-30,28,57.55,1611.4,Shipped,Planes,S24_2841,Reims Collectables,France,EMEA,Small,1,3,2005
10400,2005-04-01,24,61.66,1479.84,Shipped,Planes,S24_2841,The Sharp Gifts Warehouse,USA,Unknown,Small,2,4,2005
10415,2005-05-09,21,67.82,1424.22,Disputed,Planes,S24_2841,"Australian Collectables, Ltd",Australia,APAC,Small,2,5,2005
10110,2003-03-18,46,100.0,5942.28,Shipped,Classic Cars,S24_2887,"AV Stores, Co.",UK,EMEA,Medium,1,3,2003
10124,2003-05-21,25,93.95,2348.75,Shipped,Classic Cars,S24_2887,Signal Gift Stores,USA,Unknown,Small,2,5,2003
10148,2003-09-11,34,100.0,4392.12,Shipped,Classic Cars,S24_2887,"Anna's Decorations, Ltd",Australia,APAC,Medium,3,9,2003
10161,2003-10-17,25,100.0,2759.75,Shipped,Classic Cars,S24_2887,Heintze Collectables,Denmark,EMEA,Small,4,10,2003
10173,2003-11-05,23,100.0,2728.03,Shipped,Classic Cars,S24_2887,Rovelli Gifts,Italy,EMEA,Small,4,11,2003
10182,2003-11-12,20,100.0,2395.8,Shipped,Classic Cars,S24_2887,Mini Gifts Distributors Ltd.,USA,Unknown,Small,4,11,2003
10192,2003-11-20,23,100.0,3052.33,Shipped,Classic Cars,S24_2887,Online Diecast Creations Co.,USA,Unknown,Medium,4,11,2003
10204,2003-12-02,42,100.0,4242.0,Shipped,Classic Cars,S24_2887,Muscle Machine Inc,USA,Unknown,Medium,4,12,2003
10213,2004-01-22,27,100.0,2790.45,Shipped,Classic Cars,S24_2887,"Double Decker Gift Stores, Ltd",UK,EMEA,Small,1,1,2004
10227,2004-03-02,33,100.0,4340.49,Shipped,Classic Cars,S24_2887,"Saveley & Henriot, Co.",France,EMEA,Medium,1,3,2004
10241,2004-04-13,28,98.65,2762.2,Shipped,Classic Cars,S24_2887,Mini Caravy,France,EMEA,Small,2,4,2004
10267,2004-07-07,43,100.0,4645.72,Shipped,Classic Cars,S24_2887,Muscle Machine Inc,USA,Unknown,Medium,3,7,2004
10279,2004-08-09,48,100.0,5580.96,Shipped,Classic Cars,S24_2887,Euro Shopping Channel,Spain,EMEA,Medium,3,8,2004
10288,2004-09-01,48,100.0,6539.04,Shipped,Classic Cars,S24_2887,Handji Gifts& Co,Singapore,APAC,Medium,3,9,2004
10302,2003-10-06,45,100.0,5548.95,Shipped,Classic Cars,S24_2887,"UK Collectables, Ltd.",UK,EMEA,Medium,4,10,2003
10311,2004-10-16,43,100.0,4595.41,Shipped,Classic Cars,S24_2887,Euro Shopping Channel,Spain,EMEA,Medium,4,10,2004
10332,2004-11-17,44,42.26,1859.44,Shipped,Classic Cars,S24_2887,"AV Stores, Co.",UK,EMEA,Small,4,11,2004
10346,2004-11-29,24,87.24,2093.76,Shipped,Classic Cars,S24_2887,Signal Gift Stores,USA,Unknown,Small,4,11,2004
10368,2005-01-19,31,100.0,4223.13,Shipped,Classic Cars,S24_2887,Mini Gifts Distributors Ltd.,USA,Unknown,Medium,1,1,2005
10380,2005-02-16,44,36.29,1596.76,Shipped,Classic Cars,S24_2887,Euro Shopping Channel,Spain,EMEA,Small,1,2,2005
10407,2005-04-22,59,98.65,5820.35,On Hold,Classic Cars,S24_2887,The Sharp Gifts Warehouse,USA,Unknown,Medium,2,4,2005
10420,2005-05-29,55,96.3,5296.5,In Process,Classic Cars,S24_2887,Souveniers And Things Co.,Australia,APAC,Medium,2,5,2005
10109,2003-03-10,29,32.1,930.9,Shipped,Classic Cars,S24_2972,Motor Mint Distributors Inc.,USA,Unknown,Small,1,3,2003
10122,2003-05-08,39,30.96,1207.44,Shipped,Classic Cars,S24_2972,Marseille Mini Autos,France,EMEA,Small,2,5,2003
10135,2003-07-02,20,35.87,717.4,Shipped,Classic Cars,S24_2972,Mini Gifts Distributors Ltd.,USA,Unknown,Small,3,7,2003
10147,2003-09-05,25,42.67,1066.75,Shipped,Classic Cars,S24_2972,Collectables For Less Inc.,USA,Unknown,Small,3,9,2003
10160,2003-10-11,42,37.0,1554.0,Shipped,Classic Cars,S24_2972,"Men 'R' US Retailers, Ltd.",USA,Unknown,Small,4,10,2003
10171,2003-11-05,36,35.49,1277.64,Shipped,Classic Cars,S24_2972,Quebec Home Shopping Network,Canada,Unknown,Small,4,11,2003
10181,2003-11-12,37,42.67,1578.79,Shipped,Classic Cars,S24_2972,Herkku Gifts,Norway,EMEA,Small,4,11,2003
10192,2003-11-20,30,30.59,917.7,Shipped,Classic Cars,S24_2972,Online Diecast Creations Co.,USA,Unknown,Small,4,11,2003
10203,2003-12-02,21,37.0,777.0,Shipped,Classic Cars,S24_2972,Euro Shopping Channel,Spain,EMEA,Small,4,12,2003
10212,2004-01-16,34,43.42,1476.28,Shipped,Classic Cars,S24_2972,Euro Shopping Channel,Spain,EMEA,Small,1,1,2004
10225,2004-02-22,42,36.63,1538.46,Shipped,Classic Cars,S24_2972,"Vida Sport, Ltd",Switzerland,EMEA,Small,1,2,2004
10239,2004-04-12,20,44.56,891.2,Shipped,Classic Cars,S24_2972,"Oulu Toy Supplies, Inc.",Finland,EMEA,Small,2,4,2004
10253,2004-06-01,40,42.67,1706.8,Cancelled,Classic Cars,S24_2972,"UK Collectables, Ltd.",UK,EMEA,Small,2,6,2004
10266,2004-07-06,34,40.4,1373.6,Shipped,Classic Cars,S24_2972,L'ordine Souveniers,Italy,EMEA,Small,3,7,2004
10278,2004-08-06,31,38.89,1205.59,Shipped,Classic Cars,S24_2972,Signal Gift Stores,USA,Unknown,Small,3,8,2004
10287,2004-08-30,36,39.65,1427.4,Shipped,Classic Cars,S24_2972,"Vida Sport, Ltd",Switzerland,EMEA,Small,3,8,2004
10301,2003-10-05,48,34.36,1649.28,Shipped,Classic Cars,S24_2972,"Norway Gifts By Mail, Co.",Norway,EMEA,Small,4,10,2003
10310,2004-10-16,33,41.91,1383.03,Shipped,Classic Cars,S24_2972,"Toms Spezialitten, Ltd",Germany,EMEA,Small,4,10,2004
10321,2004-11-04,37,33.23,1229.51,Shipped,Classic Cars,S24_2972,FunGiftIdeas.com,USA,Unknown,Small,4,11,2004
10331,2004-11-17,27,42.24,1140.48,Shipped,Classic Cars,S24_2972,Motor Mint Distributors Inc.,USA,Unknown,Small,4,11,2004
10342,2004-11-24,39,40.4,1575.6,Shipped,Classic Cars,S24_2972,"Australian Collectors, Co.",Australia,APAC,Small,4,11,2004
10355,2004-12-07,36,38.52,1386.72,Shipped,Classic Cars,S24_2972,Euro Shopping Channel,Spain,EMEA,Small,4,12,2004
10367,2005-01-12,36,100.0,5018.4,Resolved,Classic Cars,S24_2972,Toys4GrownUps.com,USA,Unknown,Medium,1,1,2005
10378,2005-02-10,41,100.0,5856.85,Shipped,Classic Cars,S24_2972,Euro Shopping Channel,Spain,EMEA,Medium,1,2,2005
10390,2005-03-04,37,100.0,4894.73,Shipped,Classic Cars,S24_2972,Mini Gifts Distributors Ltd.,USA,Unknown,Medium,1,3,2005
10405,2005-04-14,47,44.56,2094.32,Shipped,Classic Cars,S24_2972,Mini Caravy,France,EMEA,Small,2,4,2005
10419,2005-05-17,15,42.67,640.05,Shipped,Classic Cars,S24_2972,Salzburg Collectables,Austria,EMEA,Small,2,5,2005
10105,2003-02-11,44,72.58,3193.52,Shipped,Vintage Cars,S24_3151,Danish Wholesale Imports,Denmark,EMEA,Medium,1,2,2003
10119,2003-04-28,35,87.62,3066.7,Shipped,Vintage Cars,S24_3151,Salzburg Collectables,Austria,EMEA,Medium,2,4,2003
10129,2003-06-12,41,94.71,3883.11,Shipped,Vintage Cars,S24_3151,"Stylish Desk Decors, Co.",UK,EMEA,Medium,2,6,2003
10142,2003-08-08,49,98.25,4814.25,Shipped,Vintage Cars,S24_3151,Mini Gifts Distributors Ltd.,USA,Unknown,Medium,3,8,2003
10154,2003-10-02,31,91.17,2826.27,Shipped,Vintage Cars,S24_3151,Boards & Toys Co.,USA,Unknown,Small,4,10,2003
10167,2003-10-23,20,79.66,1593.2,Cancelled,Vintage Cars,S24_3151,Scandinavian Gift Ideas,Sweden,EMEA,Small,4,10,2003
10177,2003-11-07,45,72.58,3266.1,Shipped,Vintage Cars,S24_3151,CAF Imports,Spain,EMEA,Medium,4,11,2003
10185,2003-11-14,33,74.35,2453.55,Shipped,Vintage Cars,S24_3151,Mini Creations Ltd.,USA,Unknown,Small,4,11,2003
10197,2003-11-26,47,83.2,3910.4,Shipped,Vintage Cars,S24_3151,Enaco Distributors,Spain,EMEA,Medium,4,11,2003
10208,2004-01-02,20,89.4,1788.0,Shipped,Vintage Cars,S24_3151,"Saveley & Henriot, Co.",France,EMEA,Small,1,1,2004
10222,2004-02-19,47,70.81,3328.07,Shipped,Vintage Cars,S24_3151,Collectable Mini Designs Co.,USA,Unknown,Medium,1,2,2004
10233,2004-03-29,40,94.71,3788.4,Shipped,Vintage Cars,S24_3151,Tekni Collectables Inc.,USA,Unknown,Medium,1,3,2004
10248,2004-05-07,30,100.0,3053.7,Cancelled,Vintage Cars,S24_3151,Land of Toys Inc.,USA,Unknown,Medium,2,5,2004
10261,2004-06-17,22,91.17,2005.74,Shipped,Vintage Cars,S24_3151,Quebec Home Shopping Network,Canada,Unknown,Small,2,6,2004
10273,2004-07-21,27,100.0,2796.12,Shipped,Vintage Cars,S24_3151,Petit Auto,Belgium,EMEA,Small,3,7,2004
10283,2004-08-20,34,92.94,3159.96,Shipped,Vintage Cars,S24_3151,"Royal Canadian Collectables, Ltd.",Canada,Unknown,Medium,3,8,2004
10295,2004-09-10,46,84.97,3908.62,Shipped,Vintage Cars,S24_3151,Gifts4AllAges.com,USA,Unknown,Medium,3,9,2004
10306,2004-10-14,31,84.08,2606.48,Shipped,Vintage Cars,S24_3151,"AV Stores, Co.",UK,EMEA,Small,4,10,2004
10315,2004-10-29,24,86.74,2081.76,Shipped,Vintage Cars,S24_3151,La Rochelle Gifts,France,EMEA,Small,4,10,2004
10326,2004-11-09,41,85.85,3519.85,Shipped,Vintage Cars,S24_3151,"Volvo Model Replicas, Co",Sweden,EMEA,Medium,4,11,2004
10339,2004-11-23,55,100.0,10758.0,Shipped,Vintage Cars,S24_3151,"Tokyo Collectables, Ltd",Japan,Japan,Large,4,11,2004
10350,2004-12-02,30,100.0,3021.0,Shipped,Vintage Cars,S24_3151,Euro Shopping Channel,Spain,EMEA,Medium,4,12,2004
10373,2005-01-31,33,57.32,1891.56,Shipped,Vintage Cars,S24_3151,"Oulu Toy Supplies, Inc.",Finland,EMEA,Small,1,1,2005
10384,2005-02-23,43,97.87,4208.41,Shipped,Vintage Cars,S24_3151,Corporate Gift Ideas Co.,USA,Unknown,Medium,1,2,2005
10396,2005-03-23,27,83.2,2246.4,Shipped,Vintage Cars,S24_3151,Mini Gifts Distributors Ltd.,USA,Unknown,Small,1,3,2005
10414,2005-05-06,60,100.0,6107.4,On Hold,Vintage Cars,S24_3151,Gifts4AllAges.com,USA,Unknown,Medium,2,5,2005
10110,2003-03-18,27,73.62,1987.74,Shipped,Classic Cars,S24_3191,"AV Stores, Co.",UK,EMEA,Small,1,3,2003
10124,2003-05-21,49,83.04,4068.96,Shipped,Classic Cars,S24_3191,Signal Gift Stores,USA,Unknown,Medium,2,5,2003
10148,2003-09-11,31,73.62,2282.22,Shipped,Classic Cars,S24_3191,"Anna's Decorations, Ltd",Australia,APAC,Small,3,9,2003
10161,2003-10-17,20,77.05,1541.0,Shipped,Classic Cars,S24_3191,Heintze Collectables,Denmark,EMEA,Small,4,10,2003
10172,2003-11-05,24,81.33,1951.92,Shipped,Classic Cars,S24_3191,Gift Depot Inc.,USA,Unknown,Small,4,11,2003
10182,2003-11-12,33,94.17,3107.61,Shipped,Classic Cars,S24_3191,Mini Gifts Distributors Ltd.,USA,Unknown,Medium,4,11,2003
10192,2003-11-20,32,72.77,2328.64,Shipped,Classic Cars,S24_3191,Online Diecast Creations Co.,USA,Unknown,Small,4,11,2003
10204,2003-12-02,40,79.62,3184.8,Shipped,Classic Cars,S24_3191,Muscle Machine Inc,USA,Unknown,Medium,4,12,2003
10212,2004-01-16,27,79.62,2149.74,Shipped,Classic Cars,S24_3191,Euro Shopping Channel,Spain,EMEA,Small,1,1,2004
10227,2004-03-02,40,79.62,3184.8,Shipped,Classic Cars,S24_3191,"Saveley & Henriot, Co.",France,EMEA,Medium,1,3,2004
10241,2004-04-13,26,81.33,2114.58,Shipped,Classic Cars,S24_3191,Mini Caravy,France,EMEA,Small,2,4,2004
10267,2004-07-07,44,96.74,4256.56,Shipped,Classic Cars,S24_3191,Muscle Machine Inc,USA,Unknown,Medium,3,7,2004
10279,2004-08-09,33,71.06,2344.98,Shipped,Classic Cars,S24_3191,Euro Shopping Channel,Spain,EMEA,Small,3,8,2004
10288,2004-09-01,34,68.49,2328.66,Shipped,Classic Cars,S24_3191,Handji Gifts& Co,Singapore,APAC,Small,3,9,2004
10302,2003-10-06,48,74.48,3575.04,Shipped,Classic Cars,S24_3191,"UK Collectables, Ltd.",UK,EMEA,Medium,4,10,2003
10311,2004-10-16,25,83.04,2076.0,Shipped,Classic Cars,S24_3191,Euro Shopping Channel,Spain,EMEA,Small,4,10,2004
10321,2004-11-04,39,84.75,3305.25,Shipped,Classic Cars,S24_3191,FunGiftIdeas.com,USA,Unknown,Medium,4,11,2004
10332,2004-11-17,45,34.19,1538.55,Shipped,Classic Cars,S24_3191,"AV Stores, Co.",UK,EMEA,Small,4,11,2004
10346,2004-11-29,24,100.0,3325.92,Shipped,Classic Cars,S24_3191,Signal Gift Stores,USA,Unknown,Medium,4,11,2004
10368,2005-01-19,46,79.62,3662.52,Shipped,Classic Cars,S24_3191,Mini Gifts Distributors Ltd.,USA,Unknown,Medium,1,1,2005
10380,2005-02-16,44,79.06,3478.64,Shipped,Classic Cars,S24_3191,Euro Shopping Channel,Spain,EMEA,Medium,1,2,2005
10407,2005-04-22,13,81.33,1057.29,On Hold,Classic Cars,S24_3191,The Sharp Gifts Warehouse,USA,Unknown,Small,2,4,2005
10420,2005-05-29,35,96.74,3385.9,In Process,Classic Cars,S24_3191,Souveniers And Things Co.,Australia,APAC,Medium,2,5,2005
10108,2003-03-03,30,63.07,1892.1,Shipped,Classic Cars,S24_3371,Cruz & Sons Co.,Philippines,Japan,Small,1,3,2003
10122,2003-05-08,34,50.21,1707.14,Shipped,Classic Cars,S24_3371,Marseille Mini Autos,France,EMEA,Small,2,5,2003
10135,2003-07-02,27,66.13,1785.51,Shipped,Classic Cars,S24_3371,Mini Gifts Distributors Ltd.,USA,Unknown,Small,3,7,2003
10147,2003-09-05,30,68.58,2057.4,Shipped,Classic Cars,S24_3371,Collectables For Less Inc.,USA,Unknown,Small,3,9,2003
10159,2003-10-10,50,69.8,3490.0,Shipped,Classic Cars,S24_3371,Corporate Gift Ideas Co.,USA,Unknown,Medium,4,10,2003
10169,2003-11-04,34,50.21,1707.14,Shipped,Classic Cars,S24_3371,"Anna's Decorations, Ltd",Australia,APAC,Small,4,11,2003
10181,2003-11-12,23,65.52,1506.96,Shipped,Classic Cars,S24_3371,Herkku Gifts,Norway,EMEA,Small,4,11,2003
10191,2003-11-20,48,60.01,2880.48,Shipped,Classic Cars,S24_3371,"Toms Spezialitten, Ltd",Germany,EMEA,Small,4,11,2003
10203,2003-12-02,34,64.9,2206.6,Shipped,Classic Cars,S24_3371,Euro Shopping Channel,Spain,EMEA,Small,4,12,2003
10211,2004-01-15,48,48.98,2351.04,Shipped,Classic Cars,S24_3371,Auto Canal Petit,France,EMEA,Small,1,1,2004
10225,2004-02-22,24,50.21,1205.04,Shipped,Classic Cars,S24_3371,"Vida Sport, Ltd",Switzerland,EMEA,Small,1,2,2004
10238,2004-04-09,47,62.45,2935.15,Shipped,Classic Cars,S24_3371,Danish Wholesale Imports,Denmark,EMEA,Small,2,4,2004
10253,2004-06-01,24,52.66,1263.84,Cancelled,Classic Cars,S24_3371,"UK Collectables, Ltd.",UK,EMEA,Small,2,6,2004
10266,2004-07-06,47,62.45,2935.15,Shipped,Classic Cars,S24_3371,L'ordine Souveniers,Italy,EMEA,Small,3,7,2004
10276,2004-08-02,20,61.23,1224.6,Shipped,Classic Cars,S24_3371,Online Mini Collectables,USA,Unknown,Small,3,8,2004
10287,2004-08-30,20,67.97,1359.4,Shipped,Classic Cars,S24_3371,"Vida Sport, Ltd",Switzerland,EMEA,Small,3,8,2004
10300,2003-10-04,31,58.78,1822.18,Shipped,Classic Cars,S24_3371,"Blauer See Auto, Co.",Germany,EMEA,Small,4,10,2003
10310,2004-10-16,38,56.94,2163.72,Shipped,Classic Cars,S24_3371,"Toms Spezialitten, Ltd",Germany,EMEA,Small,4,10,2004
10320,2004-11-03,26,61.23,1591.98,Shipped,Classic Cars,S24_3371,"Volvo Model Replicas, Co",Sweden,EMEA,Small,4,11,2004
10331,2004-11-17,25,100.0,3078.5,Shipped,Classic Cars,S24_3371,Motor Mint Distributors Inc.,USA,Unknown,Medium,4,11,2004
10342,2004-11-24,48,62.45,2997.6,Shipped,Classic Cars,S24_3371,"Australian Collectors, Co.",Australia,APAC,Small,4,11,2004
10355,2004-12-07,44,62.45,2747.8,Shipped,Classic Cars,S24_3371,Euro Shopping Channel,Spain,EMEA,Small,4,12,2004
10363,2005-01-06,21,100.0,2447.76,Shipped,Classic Cars,S24_3371,Suominen Souveniers,Finland,EMEA,Small,1,1,2005
10378,2005-02-10,46,41.54,1910.84,Shipped,Classic Cars,S24_3371,Euro Shopping Channel,Spain,EMEA,Small,1,2,2005
10390,2005-03-04,46,52.84,2430.64,Shipped,Classic Cars,S24_3371,Mini Gifts Distributors Ltd.,USA,Unknown,Small,1,3,2005
10419,2005-05-17,55,52.66,2896.3,Shipped,Classic Cars,S24_3371,Salzburg Collectables,Austria,EMEA,Small,2,5,2005
10106,2003-02-17,31,52.6,1630.6,Shipped,Vintage Cars,S24_3420,Rovelli Gifts,Italy,EMEA,Small,1,2,2003
10119,2003-04-28,20,72.98,1459.6,Shipped,Vintage Cars,S24_3420,Salzburg Collectables,Austria,EMEA,Small,2,4,2003
10131,2003-06-16,29,59.18,1716.22,Shipped,Vintage Cars,S24_3420,Gift Ideas Corp.,USA,Unknown,Small,2,6,2003
10143,2003-08-10,33,77.59,2560.47,Shipped,Vintage Cars,S24_3420,Mini Creations Ltd.,USA,Unknown,Small,3,8,2003
10155,2003-10-06,34,55.89,1900.26,Shipped,Vintage Cars,S24_3420,"Toys of Finland, Co.",Finland,EMEA,Small,4,10,2003
10167,2003-10-23,32,63.12,2019.84,Cancelled,Vintage Cars,S24_3420,Scandinavian Gift Ideas,Sweden,EMEA,Small,4,10,2003
10178,2003-11-08,27,73.64,1988.28,Shipped,Vintage Cars,S24_3420,Alpha Cognac,France,EMEA,Small,4,11,2003
10186,2003-11-14,21,69.04,1449.84,Shipped,Vintage Cars,S24_3420,"Double Decker Gift Stores, Ltd",UK,EMEA,Small,4,11,2003
10198,2003-11-27,27,71.67,1935.09,Shipped,Vintage Cars,S24_3420,Cruz & Sons Co.,Philippines,Japan,Small,4,11,2003
10209,2004-01-09,36,77.59,2793.24,Shipped,Vintage Cars,S24_3420,"Men 'R' US Retailers, Ltd.",USA,Unknown,Small,1,1,2004
10222,2004-02-19,43,70.35,3025.05,Shipped,Vintage Cars,S24_3420,Collectable Mini Designs Co.,USA,Unknown,Medium,1,2,2004
10249,2004-05-08,25,69.7,1742.5,Shipped,Vintage Cars,S24_3420,Cambridge Collectables Co.,USA,Unknown,Small,2,5,2004
10262,2004-06-24,46,70.35,3236.1,Cancelled,Vintage Cars,S24_3420,Euro Shopping Channel,Spain,EMEA,Medium,2,6,2004
10274,2004-07-21,24,72.33,1735.92,Shipped,Vintage Cars,S24_3420,Collectables For Less Inc.,USA,Unknown,Small,3,7,2004
10284,2004-08-21,39,71.67,2795.13,Shipped,Vintage Cars,S24_3420,"Norway Gifts By Mail, Co.",Norway,EMEA,Small,3,8,2004
10296,2004-09-15,31,53.92,1671.52,Shipped,Vintage Cars,S24_3420,"Bavarian Collectables Imports, Co.",Germany,EMEA,Small,3,9,2004
10307,2004-10-14,22,71.67,1576.74,Shipped,Vintage Cars,S24_3420,"Classic Gift Ideas, Inc",USA,Unknown,Small,4,10,2004
10316,2004-11-01,47,76.93,3615.71,Shipped,Vintage Cars,S24_3420,giftsbymail.co.uk,UK,EMEA,Medium,4,11,2004
10328,2004-11-12,20,72.98,1459.6,Shipped,Vintage Cars,S24_3420,Rovelli Gifts,Italy,EMEA,Small,4,11,2004
10339,2004-11-23,29,99.69,2891.01,Shipped,Vintage Cars,S24_3420,"Tokyo Collectables, Ltd",Japan,Japan,Small,4,11,2004
10351,2004-12-03,38,68.38,2598.44,Shipped,Vintage Cars,S24_3420,"Stylish Desk Decors, Co.",UK,EMEA,Small,4,12,2004
10361,2004-12-17,34,100.0,3871.92,Shipped,Vintage Cars,S24_3420,Souveniers And Things Co.,Australia,APAC,Medium,4,12,2004
10373,2005-01-31,46,66.0,3036.0,Shipped,Vintage Cars,S24_3420,"Oulu Toy Supplies, Inc.",Finland,EMEA,Medium,1,1,2005
10386,2005-03-01,35,63.76,2231.6,Resolved,Vintage Cars,S24_3420,Euro Shopping Channel,Spain,EMEA,Small,1,3,2005
10398,2005-03-30,34,71.67,2436.78,Shipped,Vintage Cars,S24_3420,Reims Collectables,France,EMEA,Small,1,3,2005
10400,2005-04-01,38,57.2,2173.6,Shipped,Vintage Cars,S24_3420,The Sharp Gifts Warehouse,USA,Unknown,Small,2,4,2005
10415,2005-05-09,18,69.7,1254.6,Disputed,Vintage Cars,S24_3420,"Australian Collectables, Ltd",Australia,APAC,Small,2,5,2005
10110,2003-03-18,37,100.0,3724.42,Shipped,Classic Cars,S24_3432,"AV Stores, Co.",UK,EMEA,Medium,1,3,2003
10124,2003-05-21,43,100.0,5203.0,Shipped,Classic Cars,S24_3432,Signal Gift Stores,USA,Unknown,Medium,2,5,2003
10148,2003-09-11,27,100.0,3469.5,Shipped,Classic Cars,S24_3432,"Anna's Decorations, Ltd",Australia,APAC,Medium,3,9,2003
10161,2003-10-17,30,100.0,3148.2,Shipped,Classic Cars,S24_3432,Heintze Collectables,Denmark,EMEA,Medium,4,10,2003
10172,2003-11-05,22,98.51,2167.22,Shipped,Classic Cars,S24_3432,Gift Depot Inc.,USA,Unknown,Small,4,11,2003
10182,2003-11-12,49,100.0,6244.07,Shipped,Classic Cars,S24_3432,Mini Gifts Distributors Ltd.,USA,Unknown,Medium,4,11,2003
10192,2003-11-20,46,100.0,5566.0,Shipped,Classic Cars,S24_3432,Online Diecast Creations Co.,USA,Unknown,Medium,4,11,2003
10204,2003-12-02,48,91.02,4368.96,Shipped,Classic Cars,S24_3432,Muscle Machine Inc,USA,Unknown,Medium,4,12,2003
10212,2004-01-16,46,87.81,4039.26,Shipped,Classic Cars,S24_3432,Euro Shopping Channel,Spain,EMEA,Medium,1,1,2004
10226,2004-02-26,48,92.09,4420.32,Shipped,Classic Cars,S24_3432,Collectable Mini Designs Co.,USA,Unknown,Medium,1,2,2004
10241,2004-04-13,27,86.73,2341.71,Shipped,Classic Cars,S24_3432,Mini Caravy,France,EMEA,Small,2,4,2004
10267,2004-07-07,43,100.0,5110.98,Shipped,Classic Cars,S24_3432,Muscle Machine Inc,USA,Unknown,Medium,3,7,2004
10279,2004-08-09,48,100.0,6168.0,Shipped,Classic Cars,S24_3432,Euro Shopping Channel,Spain,EMEA,Medium,3,8,2004
10288,2004-09-01,41,100.0,4873.26,Shipped,Classic Cars,S24_3432,Handji Gifts& Co,Singapore,APAC,Medium,3,9,2004
10301,2003-10-05,22,96.37,2120.14,Shipped,Classic Cars,S24_3432,"Norway Gifts By Mail, Co.",Norway,EMEA,Small,4,10,2003
10311,2004-10-16,46,92.09,4236.14,Shipped,Classic Cars,S24_3432,Euro Shopping Channel,Spain,EMEA,Medium,4,10,2004
10321,2004-11-04,21,89.95,1888.95,Shipped,Classic Cars,S24_3432,FunGiftIdeas.com,USA,Unknown,Small,4,11,2004
10332,2004-11-17,31,37.18,1152.58,Shipped,Classic Cars,S24_3432,"AV Stores, Co.",UK,EMEA,Small,4,11,2004
10346,2004-11-29,26,95.88,2492.88,Shipped,Classic Cars,S24_3432,Signal Gift Stores,USA,Unknown,Small,4,11,2004
10368,2005-01-19,20,99.58,1991.6,Shipped,Classic Cars,S24_3432,Mini Gifts Distributors Ltd.,USA,Unknown,Small,1,1,2005
10380,2005-02-16,34,100.0,3953.18,Shipped,Classic Cars,S24_3432,Euro Shopping Channel,Spain,EMEA,Medium,1,2,2005
10407,2005-04-22,43,86.73,3729.39,On Hold,Classic Cars,S24_3432,The Sharp Gifts Warehouse,USA,Unknown,Medium,2,4,2005
10420,2005-05-29,26,100.0,2617.16,In Process,Classic Cars,S24_3432,Souveniers And Things Co.,Australia,APAC,Small,2,5,2005
10105,2003-02-11,50,79.67,3983.5,Shipped,Vintage Cars,S24_3816,Danish Wholesale Imports,Denmark,EMEA,Medium,1,2,2003
10119,2003-04-28,35,90.57,3169.95,Shipped,Vintage Cars,S24_3816,Salzburg Collectables,Austria,EMEA,Medium,2,4,2003
10129,2003-06-12,50,77.99,3899.5,Shipped,Vintage Cars,S24_3816,"Stylish Desk Decors, Co.",UK,EMEA,Medium,2,6,2003
10143,2003-08-10,23,80.51,1851.73,Shipped,Vintage Cars,S24_3816,Mini Creations Ltd.,USA,Unknown,Small,3,8,2003
10155,2003-10-06,37,67.93,2513.41,Shipped,Vintage Cars,S24_3816,"Toys of Finland, Co.",Finland,EMEA,Small,4,10,2003
10167,2003-10-23,29,83.86,2431.94,Cancelled,Vintage Cars,S24_3816,Scandinavian Gift Ideas,Sweden,EMEA,Small,4,10,2003
10178,2003-11-08,21,72.12,1514.52,Shipped,Vintage Cars,S24_3816,Alpha Cognac,France,EMEA,Small,4,11,2003
10186,2003-11-14,36,85.54,3079.44,Shipped,Vintage Cars,S24_3816,"Double Decker Gift Stores, Ltd",UK,EMEA,Medium,4,11,2003
10197,2003-11-26,22,86.38,1900.36,Shipped,Vintage Cars,S24_3816,Enaco Distributors,Spain,EMEA,Small,4,11,2003
10209,2004-01-09,22,89.73,1974.06,Shipped,Vintage Cars,S24_3816,"Men 'R' US Retailers, Ltd.",USA,Unknown,Small,1,1,2004
10222,2004-02-19,46,80.51,3703.46,Shipped,Vintage Cars,S24_3816,Collectable Mini Designs Co.,USA,Unknown,Medium,1,2,2004
10248,2004-05-07,23,76.31,1755.13,Cancelled,Vintage Cars,S24_3816,Land of Toys Inc.,USA,Unknown,Small,2,5,2004
10262,2004-06-24,49,87.21,4273.29,Cancelled,Vintage Cars,S24_3816,Euro Shopping Channel,Spain,EMEA,Medium,2,6,2004
10273,2004-07-21,48,83.02,3984.96,Shipped,Vintage Cars,S24_3816,Petit Auto,Belgium,EMEA,Medium,3,7,2004
10283,2004-08-20,33,72.96,2407.68,Shipped,Vintage Cars,S24_3816,"Royal Canadian Collectables, Ltd.",Canada,Unknown,Small,3,8,2004
10296,2004-09-15,22,77.15,1697.3,Shipped,Vintage Cars,S24_3816,"Bavarian Collectables Imports, Co.",Germany,EMEA,Small,3,9,2004
10307,2004-10-14,22,91.41,2011.02,Shipped,Vintage Cars,S24_3816,"Classic Gift Ideas, Inc",USA,Unknown,Small,4,10,2004
10316,2004-11-01,25,92.25,2306.25,Shipped,Vintage Cars,S24_3816,giftsbymail.co.uk,UK,EMEA,Small,4,11,2004
10326,2004-11-09,20,92.25,1845.0,Shipped,Vintage Cars,S24_3816,"Volvo Model Replicas, Co",Sweden,EMEA,Small,4,11,2004
10339,2004-11-23,42,59.36,2493.12,Shipped,Vintage Cars,S24_3816,"Tokyo Collectables, Ltd",Japan,Japan,Small,4,11,2004
10350,2004-12-02,25,60.34,1508.5,Shipped,Vintage Cars,S24_3816,Euro Shopping Channel,Spain,EMEA,Small,4,12,2004
10373,2005-01-31,23,100.0,2394.3,Shipped,Vintage Cars,S24_3816,"Oulu Toy Supplies, Inc.",Finland,EMEA,Small,1,1,2005
10385,2005-02-28,37,85.54,3164.98,Shipped,Vintage Cars,S24_3816,Mini Gifts Distributors Ltd.,USA,Unknown,Medium,1,2,2005
10396,2005-03-23,37,90.57,3351.09,Shipped,Vintage Cars,S24_3816,Mini Gifts Distributors Ltd.,USA,Unknown,Medium,1,3,2005
10400,2005-04-01,42,72.96,3064.32,Shipped,Vintage Cars,S24_3816,The Sharp Gifts Warehouse,USA,Unknown,Medium,2,4,2005
10414,2005-05-06,51,76.31,3891.81,On Hold,Vintage Cars,S24_3816,Gifts4AllAges.com,USA,Unknown,Medium,2,5,2005
10108,2003-03-03,40,100.0,5448.8,Shipped,Classic Cars,S24_3856,Cruz & Sons Co.,Philippines,Japan,Medium,1,3,2003
10122,2003-05-08,43,100.0,5494.97,Shipped,Classic Cars,S24_3856,Marseille Mini Autos,France,EMEA,Medium,2,5,2003
10135,2003-07-02,47,100.0,6336.07,Shipped,Classic Cars,S24_3856,Mini Gifts Distributors Ltd.,USA,Unknown,Medium,3,7,2003
10147,2003-09-05,23,100.0,2906.97,Shipped,Classic Cars,S24_3856,Collectables For Less Inc.,USA,Unknown,Small,3,9,2003
10160,2003-10-11,35,100.0,4767.7,Shipped,Classic Cars,S24_3856,"Men 'R' US Retailers, Ltd.",USA,Unknown,Medium,4,10,2003
10170,2003-11-04,34,100.0,3819.56,Shipped,Classic Cars,S24_3856,Mini Auto Werke,Austria,EMEA,Medium,4,11,2003
10181,2003-11-12,25,100.0,3861.75,Shipped,Classic Cars,S24_3856,Herkku Gifts,Norway,EMEA,Medium,4,11,2003
10192,2003-11-20,45,100.0,6319.35,Shipped,Classic Cars,S24_3856,Online Diecast Creations Co.,USA,Unknown,Medium,4,11,2003
10203,2003-12-02,47,100.0,6996.42,Shipped,Classic Cars,S24_3856,Euro Shopping Channel,Spain,EMEA,Medium,4,12,2003
10212,2004-01-16,49,100.0,6949.67,Shipped,Classic Cars,S24_3856,Euro Shopping Channel,Spain,EMEA,Medium,1,1,2004
10225,2004-02-22,40,100.0,4550.0,Shipped,Classic Cars,S24_3856,"Vida Sport, Ltd",Switzerland,EMEA,Medium,1,2,2004
10239,2004-04-12,29,100.0,4479.63,Shipped,Classic Cars,S24_3856,"Oulu Toy Supplies, Inc.",Finland,EMEA,Medium,2,4,2004
10253,2004-06-01,39,100.0,5148.0,Cancelled,Classic Cars,S24_3856,"UK Collectables, Ltd.",UK,EMEA,Medium,2,6,2004
10266,2004-07-06,24,100.0,2932.08,Shipped,Classic Cars,S24_3856,L'ordine Souveniers,Italy,EMEA,Small,3,7,2004
10278,2004-08-06,25,100.0,3159.75,Shipped,Classic Cars,S24_3856,Signal Gift Stores,USA,Unknown,Medium,3,8,2004
10287,2004-08-30,36,100.0,4297.32,Shipped,Classic Cars,S24_3856,"Vida Sport, Ltd",Switzerland,EMEA,Medium,3,8,2004
10301,2003-10-05,50,100.0,7723.5,Shipped,Classic Cars,S24_3856,"Norway Gifts By Mail, Co.",Norway,EMEA,Large,4,10,2003
10310,2004-10-16,45,100.0,5497.65,Shipped,Classic Cars,S24_3856,"Toms Spezialitten, Ltd",Germany,EMEA,Medium,4,10,2004
10321,2004-11-04,26,100.0,4052.88,Shipped,Classic Cars,S24_3856,FunGiftIdeas.com,USA,Unknown,Medium,4,11,2004
10331,2004-11-17,21,100.0,3135.93,Shipped,Classic Cars,S24_3856,Motor Mint Distributors Inc.,USA,Unknown,Medium,4,11,2004
10342,2004-11-24,42,100.0,5013.54,Shipped,Classic Cars,S24_3856,"Australian Collectors, Co.",Australia,APAC,Medium,4,11,2004
10355,2004-12-07,32,100.0,5302.72,Shipped,Classic Cars,S24_3856,Euro Shopping Channel,Spain,EMEA,Medium,4,12,2004
10363,2005-01-06,31,94.58,2931.98,Shipped,Classic Cars,S24_3856,Suominen Souveniers,Finland,EMEA,Small,1,1,2005
10378,2005-02-10,33,53.27,1757.91,Shipped,Classic Cars,S24_3856,Euro Shopping Channel,Spain,EMEA,Small,1,2,2005
10390,2005-03-04,45,100.0,6763.05,Shipped,Classic Cars,S24_3856,Mini Gifts Distributors Ltd.,USA,Unknown,Medium,1,3,2005
10405,2005-04-14,76,100.0,11739.7,Shipped,Classic Cars,S24_3856,Mini Caravy,France,EMEA,Large,2,4,2005
10419,2005-05-17,70,100.0,9240.0,Shipped,Classic Cars,S24_3856,Salzburg Collectables,Austria,EMEA,Large,2,5,2005
10106,2003-02-17,50,64.83,3241.5,Shipped,Planes,S24_3949,Rovelli Gifts,Italy,EMEA,Medium,1,2,2003
10119,2003-04-28,28,70.29,1968.12,Shipped,Planes,S24_3949,Salzburg Collectables,Austria,EMEA,Small,2,4,2003
10131,2003-06-16,50,81.89,4094.5,Shipped,Planes,S24_3949,Gift Ideas Corp.,USA,Unknown,Medium,2,6,2003
10143,2003-08-10,28,66.19,1853.32,Shipped,Planes,S24_3949,Mini Creations Ltd.,USA,Unknown,Small,3,8,2003
10155,2003-10-06,44,77.11,3392.84,Shipped,Planes,S24_3949,"Toys of Finland, Co.",Finland,EMEA,Medium,4,10,2003
10168,2003-10-28,27,73.02,1971.54,Shipped,Planes,S24_3949,Technics Stores Inc.,USA,Unknown,Small,4,10,2003
10178,2003-11-08,30,72.33,2169.9,Shipped,Planes,S24_3949,Alpha Cognac,France,EMEA,Small,4,11,2003
10198,2003-11-27,43,66.19,2846.17,Shipped,Planes,S24_3949,Cruz & Sons Co.,Philippines,Japan,Small,4,11,2003
10210,2004-01-12,29,69.6,2018.4,Shipped,Planes,S24_3949,Osaka Souveniers Co.,Japan,Japan,Small,1,1,2004
10222,2004-02-19,48,56.64,2718.72,Shipped,Planes,S24_3949,Collectable Mini Designs Co.,USA,Unknown,Small,1,2,2004
10235,2004-04-02,33,60.05,1981.65,Shipped,Planes,S24_3949,"Royal Canadian Collectables, Ltd.",Canada,Unknown,Small,2,4,2004
10250,2004-05-11,40,75.06,3002.4,Shipped,Planes,S24_3949,The Sharp Gifts Warehouse,USA,Unknown,Medium,2,5,2004
10262,2004-06-24,48,61.42,2948.16,Cancelled,Planes,S24_3949,Euro Shopping Channel,Spain,EMEA,Small,2,6,2004
10275,2004-07-23,41,81.89,3357.49,Shipped,Planes,S24_3949,La Rochelle Gifts,France,EMEA,Medium,3,7,2004
10284,2004-08-21,21,55.96,1175.16,Shipped,Planes,S24_3949,"Norway Gifts By Mail, Co.",Norway,EMEA,Small,3,8,2004
10296,2004-09-15,32,71.65,2292.8,Shipped,Planes,S24_3949,"Bavarian Collectables Imports, Co.",Germany,EMEA,Small,3,9,2004
10308,2004-10-15,43,76.43,3286.49,Shipped,Planes,S24_3949,Mini Classics,USA,Unknown,Medium,4,10,2004
10316,2004-11-01,30,77.79,2333.7,Shipped,Planes,S24_3949,giftsbymail.co.uk,UK,EMEA,Small,4,11,2004
10328,2004-11-12,35,76.43,2675.05,Shipped,Planes,S24_3949,Rovelli Gifts,Italy,EMEA,Small,4,11,2004
10339,2004-11-23,45,96.92,4361.4,Shipped,Planes,S24_3949,"Tokyo Collectables, Ltd",Japan,Japan,Medium,4,11,2004
10351,2004-12-03,34,59.37,2018.58,Shipped,Planes,S24_3949,"Stylish Desk Decors, Co.",UK,EMEA,Small,4,12,2004
10361,2004-12-17,26,100.0,3710.98,Shipped,Planes,S24_3949,Souveniers And Things Co.,Australia,APAC,Medium,4,12,2004
10373,2005-01-31,39,73.0,2847.0,Shipped,Planes,S24_3949,"Oulu Toy Supplies, Inc.",Finland,EMEA,Small,1,1,2005
10386,2005-03-01,41,73.32,3006.12,Resolved,Planes,S24_3949,Euro Shopping Channel,Spain,EMEA,Medium,1,3,2005
10398,2005-03-30,41,68.24,2797.84,Shipped,Planes,S24_3949,Reims Collectables,France,EMEA,Small,1,3,2005
10401,2005-04-03,64,60.05,3843.2,On Hold,Planes,S24_3949,Tekni Collectables Inc.,USA,Unknown,Medium,2,4,2005
10416,2005-05-10,18,75.06,1351.08,Shipped,Planes,S24_3949,L'ordine Souveniers,Italy,EMEA,Small,2,5,2005
10100,2003-01-06,49,34.47,1689.03,Shipped,Vintage Cars,S24_3969,Online Diecast Creations Co.,USA,Unknown,Small,1,1,2003
10110,2003-03-18,48,34.47,1654.56,Shipped,Vintage Cars,S24_3969,"AV Stores, Co.",UK,EMEA,Small,1,3,2003
10124,2003-05-21,46,33.23,1528.58,Shipped,Vintage Cars,S24_3969,Signal Gift Stores,USA,Unknown,Small,2,5,2003
10149,2003-09-12,26,38.98,1013.48,Shipped,Vintage Cars,S24_3969,Signal Collectibles Ltd.,USA,Unknown,Small,3,9,2003
10162,2003-10-18,37,38.98,1442.26,Shipped,Vintage Cars,S24_3969,Corporate Gift Ideas Co.,USA,Unknown,Small,4,10,2003
10173,2003-11-05,35,33.23,1163.05,Shipped,Vintage Cars,S24_3969,Rovelli Gifts,Italy,EMEA,Small,4,11,2003
10182,2003-11-12,23,42.26,971.98,Shipped,Vintage Cars,S24_3969,Mini Gifts Distributors Ltd.,USA,Unknown,Small,4,11,2003
10193,2003-11-21,22,41.03,902.66,Shipped,Vintage Cars,S24_3969,"Australian Collectables, Ltd",Australia,APAC,Small,4,11,2003
10204,2003-12-02,39,33.23,1295.97,Shipped,Vintage Cars,S24_3969,Muscle Machine Inc,USA,Unknown,Small,4,12,2003
10214,2004-01-26,44,34.88,1534.72,Shipped,Vintage Cars,S24_3969,"Corrida Auto Replicas, Ltd",Spain,EMEA,Small,1,1,2004
10227,2004-03-02,27,43.9,1185.3,Shipped,Vintage Cars,S24_3969,"Saveley & Henriot, Co.",France,EMEA,Small,1,3,2004
10242,2004-04-20,46,36.93,1698.78,Shipped,Vintage Cars,S24_3969,Microscale Inc.,USA,Unknown,Small,2,4,2004
10280,2004-08-17,33,41.85,1381.05,Shipped,Vintage Cars,S24_3969,Amica Models & Co.,Italy,EMEA,Small,3,8,2004
10288,2004-09-01,33,40.62,1340.46,Shipped,Vintage Cars,S24_3969,Handji Gifts& Co,Singapore,APAC,Small,3,9,2004
10303,2004-10-06,24,40.21,965.04,Shipped,Vintage Cars,S24_3969,"Iberia Gift Imports, Corp.",Spain,EMEA,Small,4,10,2004
10312,2004-10-21,31,35.29,1093.99,Shipped,Vintage Cars,S24_3969,Mini Gifts Distributors Ltd.,USA,Unknown,Small,4,10,2004
10332,2004-11-17,41,77.24,3166.84,Shipped,Vintage Cars,S24_3969,"AV Stores, Co.",UK,EMEA,Medium,4,11,2004
10346,2004-11-29,22,97.44,2143.68,Shipped,Vintage Cars,S24_3969,Signal Gift Stores,USA,Unknown,Small,4,11,2004
10368,2005-01-19,46,37.34,1717.64,Shipped,Vintage Cars,S24_3969,Mini Gifts Distributors Ltd.,USA,Unknown,Small,1,1,2005
10380,2005-02-16,43,95.03,4086.29,Shipped,Vintage Cars,S24_3969,Euro Shopping Channel,Spain,EMEA,Medium,1,2,2005
10408,2005-04-22,15,36.93,553.95,Shipped,Vintage Cars,S24_3969,"Tokyo Collectables, Ltd",Japan,Japan,Small,2,4,2005
10420,2005-05-29,15,43.49,652.35,In Process,Vintage Cars,S24_3969,Souveniers And Things Co.,Australia,APAC,Small,2,5,2005
10104,2003-01-31,26,100.0,2921.62,Shipped,Classic Cars,S24_4048,Euro Shopping Channel,Spain,EMEA,Small,1,1,2003
10115,2003-04-04,44,100.0,5568.64,Shipped,Classic Cars,S24_4048,Classic Legends Inc.,USA,Unknown,Medium,2,4,2003
10127,2003-06-03,20,96.99,1939.8,Shipped,Classic Cars,S24_4048,Muscle Machine Inc,USA,Unknown,Small,2,6,2003
10141,2003-08-01,40,94.62,3784.8,Shipped,Classic Cars,S24_4048,Suominen Souveniers,Finland,EMEA,Medium,3,8,2003
10152,2003-09-25,23,100.0,2802.09,Shipped,Classic Cars,S24_4048,"Australian Gift Network, Co",Australia,APAC,Small,3,9,2003
10165,2003-10-22,24,99.36,2384.64,Shipped,Classic Cars,S24_4048,"Dragon Souveniers, Ltd.",Singapore,Japan,Small,4,10,2003
10176,2003-11-06,29,100.0,2915.66,Shipped,Classic Cars,S24_4048,L'ordine Souveniers,Italy,EMEA,Small,4,11,2003
10184,2003-11-14,49,100.0,5795.72,Shipped,Classic Cars,S24_4048,"Iberia Gift Imports, Corp.",Spain,EMEA,Medium,4,11,2003
10195,2003-11-25,34,100.0,3699.88,Shipped,Classic Cars,S24_4048,Mini Classics,USA,Unknown,Medium,4,11,2003
10207,2003-12-09,28,100.0,2980.6,Shipped,Classic Cars,S24_4048,Diecast Collectables,USA,Unknown,Small,4,12,2003
10220,2004-02-12,37,100.0,5032.74,Shipped,Classic Cars,S24_4048,"Clover Collections, Co.",Ireland,EMEA,Medium,1,2,2004
10230,2004-03-15,45,100.0,4737.15,Shipped,Classic Cars,S24_4048,"Blauer See Auto, Co.",Germany,EMEA,Medium,1,3,2004
10246,2004-05-05,46,100.0,6311.2,Shipped,Classic Cars,S24_4048,Euro Shopping Channel,Spain,EMEA,Medium,2,5,2004
10271,2004-07-20,22,100.0,3070.54,Shipped,Classic Cars,S24_4048,Mini Gifts Distributors Ltd.,USA,Unknown,Medium,3,7,2004
10282,2004-08-20,39,100.0,4797.39,Shipped,Classic Cars,S24_4048,Mini Gifts Distributors Ltd.,USA,Unknown,Medium,3,8,2004
10292,2004-09-08,27,100.0,3832.38,Shipped,Classic Cars,S24_4048,Land of Toys Inc.,USA,Unknown,Medium,3,9,2004
10305,2004-10-13,36,100.0,4641.48,Shipped,Classic Cars,S24_4048,Marta's Replicas Co.,USA,Unknown,Medium,4,10,2004
10314,2004-10-22,38,100.0,4000.26,Shipped,Classic Cars,S24_4048,Heintze Collectables,Denmark,EMEA,Medium,4,10,2004
10325,2004-11-05,44,100.0,5325.76,Shipped,Classic Cars,S24_4048,Baane Mini Imports,Norway,EMEA,Medium,4,11,2004
10336,2004-11-20,31,100.0,4618.69,Shipped,Classic Cars,S24_4048,"La Corne D'abondance, Co.",France,EMEA,Medium,4,11,2004
10349,2004-12-01,23,100.0,3182.97,Shipped,Classic Cars,S24_4048,Muscle Machine Inc,USA,Unknown,Medium,4,12,2004
10359,2004-12-15,22,100.0,2603.04,Shipped,Classic Cars,S24_4048,Reims Collectables,France,EMEA,Small,4,12,2004
10371,2005-01-23,28,50.32,1408.96,Shipped,Classic Cars,S24_4048,Mini Gifts Distributors Ltd.,USA,Unknown,Small,1,1,2005
10383,2005-02-22,21,93.91,1972.11,Shipped,Classic Cars,S24_4048,Euro Shopping Channel,Spain,EMEA,Small,1,2,2005
10394,2005-03-15,37,100.0,5207.75,Shipped,Classic Cars,S24_4048,Euro Shopping Channel,Spain,EMEA,Medium,1,3,2005
10412,2005-05-03,31,100.0,4253.2,Shipped,Classic Cars,S24_4048,Euro Shopping Channel,Spain,EMEA,Medium,2,5,2005
10103,2003-01-29,25,100.0,2873.0,Shipped,Vintage Cars,S24_4258,Baane Mini Imports,Norway,EMEA,Small,1,1,2003
10111,2003-03-25,26,86.68,2253.68,Shipped,Vintage Cars,S24_4258,Mini Wheels Co.,USA,Unknown,Small,1,3,2003
10126,2003-05-28,34,100.0,3576.12,Shipped,Vintage Cars,S24_4258,"Corrida Auto Replicas, Ltd",Spain,EMEA,Medium,2,5,2003
10139,2003-07-16,29,100.0,3276.13,Shipped,Vintage Cars,S24_4258,Souveniers And Things Co.,Australia,APAC,Medium,3,7,2003
10149,2003-09-12,20,90.57,1811.4,Shipped,Vintage Cars,S24_4258,Signal Collectibles Ltd.,USA,Unknown,Small,3,9,2003
10163,2003-10-20,42,91.55,3845.1,Shipped,Vintage Cars,S24_4258,Classic Legends Inc.,USA,Unknown,Medium,4,10,2003
10173,2003-11-05,22,100.0,2571.14,Shipped,Vintage Cars,S24_4258,Rovelli Gifts,Italy,EMEA,Small,4,11,2003
10183,2003-11-13,47,100.0,5035.11,Shipped,Vintage Cars,S24_4258,"Classic Gift Ideas, Inc",USA,Unknown,Medium,4,11,2003
10193,2003-11-21,20,100.0,2279.0,Shipped,Vintage Cars,S24_4258,"Australian Collectables, Ltd",Australia,APAC,Small,4,11,2003
10206,2003-12-05,33,97.39,3213.87,Shipped,Vintage Cars,S24_4258,Canadian Gift Exchange Network,Canada,Unknown,Medium,4,12,2003
10215,2004-01-29,39,90.57,3532.23,Shipped,Vintage Cars,S24_4258,West Coast Collectables Co.,USA,Unknown,Medium,1,1,2004
10228,2004-03-10,33,100.0,3406.59,Shipped,Vintage Cars,S24_4258,Cambridge Collectables Co.,USA,Unknown,Medium,1,3,2004
10244,2004-04-29,40,86.68,3467.2,Shipped,Vintage Cars,S24_4258,Euro Shopping Channel,Spain,EMEA,Medium,2,4,2004
10257,2004-06-14,46,78.89,3628.94,Shipped,Vintage Cars,S24_4258,The Sharp Gifts Warehouse,USA,Unknown,Medium,2,6,2004
10269,2004-07-16,48,97.39,4674.72,Shipped,Vintage Cars,S24_4258,Salzburg Collectables,Austria,EMEA,Medium,3,7,2004
10280,2004-08-17,21,78.89,1656.69,Shipped,Vintage Cars,S24_4258,Amica Models & Co.,Italy,EMEA,Small,3,8,2004
10290,2004-09-07,45,100.0,5171.4,Shipped,Vintage Cars,S24_4258,Auto-Moto Classics Inc.,USA,Unknown,Medium,3,9,2004
10304,2004-10-11,33,100.0,3342.57,Shipped,Vintage Cars,S24_4258,Auto Assoc. & Cie.,France,EMEA,Medium,4,10,2004
10312,2004-10-21,44,100.0,4884.88,Shipped,Vintage Cars,S24_4258,Mini Gifts Distributors Ltd.,USA,Unknown,Medium,4,10,2004
10324,2004-11-05,33,100.0,6267.69,Shipped,Vintage Cars,S24_4258,Vitachrome Inc.,USA,Unknown,Medium,4,11,2004
10333,2004-11-18,39,100.0,4424.16,Shipped,Vintage Cars,S24_4258,Mini Wheels Co.,USA,Unknown,Medium,4,11,2004
10348,2004-11-01,39,50.31,1962.09,Shipped,Vintage Cars,S24_4258,"Corrida Auto Replicas, Ltd",Spain,EMEA,Small,4,11,2004
10358,2004-12-10,41,100.0,6847.0,Shipped,Vintage Cars,S24_4258,Euro Shopping Channel,Spain,EMEA,Medium,4,12,2004
10369,2005-01-20,40,86.92,3476.8,Shipped,Vintage Cars,S24_4258,Collectables For Less Inc.,USA,Unknown,Medium,1,1,2005
10382,2005-02-17,33,100.0,4592.61,Shipped,Vintage Cars,S24_4258,Mini Gifts Distributors Ltd.,USA,Unknown,Medium,1,2,2005
10423,2005-05-30,28,78.89,2208.92,In Process,Vintage Cars,S24_4258,Petit Auto,Belgium,EMEA,Small,2,5,2005
10106,2003-02-17,26,63.76,1657.76,Shipped,Planes,S24_4278,Rovelli Gifts,Italy,EMEA,Small,1,2,2003
10120,2003-04-29,29,85.49,2479.21,Shipped,Planes,S24_4278,"Australian Collectors, Co.",Australia,APAC,Small,2,4,2003
10133,2003-06-27,46,77.52,3565.92,Shipped,Planes,S24_4278,Euro Shopping Channel,Spain,EMEA,Medium,2,6,2003
10145,2003-08-25,33,84.77,2797.41,Shipped,Planes,S24_4278,Toys4GrownUps.com,USA,Unknown,Small,3,8,2003
10168,2003-10-28,48,78.25,3756.0,Shipped,Planes,S24_4278,Technics Stores Inc.,USA,Unknown,Medium,4,10,2003
10210,2004-01-12,40,71.0,2840.0,Shipped,Planes,S24_4278,Osaka Souveniers Co.,Japan,Japan,Small,1,1,2004
10223,2004-02-20,23,74.62,1716.26,Shipped,Planes,S24_4278,"Australian Collectors, Co.",Australia,APAC,Small,1,2,2004
10235,2004-04-02,40,81.14,3245.6,Shipped,Planes,S24_4278,"Royal Canadian Collectables, Ltd.",Canada,Unknown,Medium,2,4,2004
10250,2004-05-11,37,74.62,2760.94,Shipped,Planes,S24_4278,The Sharp Gifts Warehouse,USA,Unknown,Small,2,5,2004
10263,2004-06-28,24,75.35,1808.4,Shipped,Planes,S24_4278,Gift Depot Inc.,USA,Unknown,Small,2,6,2004
10275,2004-07-23,27,62.31,1682.37,Shipped,Planes,S24_4278,La Rochelle Gifts,France,EMEA,Small,3,7,2004
10284,2004-08-21,21,71.0,1491.0,Shipped,Planes,S24_4278,"Norway Gifts By Mail, Co.",Norway,EMEA,Small,3,8,2004
10297,2004-09-16,23,72.45,1666.35,Shipped,Planes,S24_4278,"Clover Collections, Co.",Ireland,EMEA,Small,3,9,2004
10308,2004-10-15,44,83.32,3666.08,Shipped,Planes,S24_4278,Mini Classics,USA,Unknown,Medium,4,10,2004
10317,2004-11-02,35,83.32,2916.2,Shipped,Planes,S24_4278,Technics Stores Inc.,USA,Unknown,Small,4,11,2004
10328,2004-11-12,43,60.86,2616.98,Shipped,Planes,S24_4278,Rovelli Gifts,Italy,EMEA,Small,4,11,2004
10340,2004-11-24,40,84.77,3390.8,Shipped,Planes,S24_4278,Enaco Distributors,Spain,EMEA,Medium,4,11,2004
10353,2004-12-04,35,89.9,3146.5,Shipped,Planes,S24_4278,Gift Ideas Corp.,USA,Unknown,Medium,4,12,2004
10361,2004-12-17,25,62.46,1561.5,Shipped,Planes,S24_4278,Souveniers And Things Co.,Australia,APAC,Small,4,12,2004
10375,2005-02-03,43,100.0,10039.6,Shipped,Planes,S24_4278,La Rochelle Gifts,France,EMEA,Large,1,2,2005
10386,2005-03-01,50,63.34,3167.0,Resolved,Planes,S24_4278,Euro Shopping Channel,Spain,EMEA,Medium,1,3,2005
10398,2005-03-30,45,78.25,3521.25,Shipped,Planes,S24_4278,Reims Collectables,France,EMEA,Medium,1,3,2005
10401,2005-04-03,52,81.14,4219.28,On Hold,Planes,S24_4278,Tekni Collectables Inc.,USA,Unknown,Medium,2,4,2005
10416,2005-05-10,48,74.62,3581.76,Shipped,Planes,S24_4278,L'ordine Souveniers,Italy,EMEA,Medium,2,5,2005
10108,2003-03-03,31,68.71,2130.01,Shipped,Classic Cars,S24_4620,Cruz & Sons Co.,Philippines,Japan,Small,1,3,2003
10122,2003-05-08,29,71.14,2063.06,Shipped,Classic Cars,S24_4620,Marseille Mini Autos,France,EMEA,Small,2,5,2003
10135,2003-07-02,23,87.31,2008.13,Shipped,Classic Cars,S24_4620,Mini Gifts Distributors Ltd.,USA,Unknown,Small,3,7,2003
10147,2003-09-05,31,64.67,2004.77,Shipped,Classic Cars,S24_4620,Collectables For Less Inc.,USA,Unknown,Small,3,9,2003
10159,2003-10-10,23,67.1,1543.3,Shipped,Classic Cars,S24_4620,Corporate Gift Ideas Co.,USA,Unknown,Small,4,10,2003
10169,2003-11-04,24,94.58,2269.92,Shipped,Classic Cars,S24_4620,"Anna's Decorations, Ltd",Australia,APAC,Small,4,11,2003
10180,2003-11-11,28,71.14,1991.92,Shipped,Classic Cars,S24_4620,Daedalus Designs Imports,France,EMEA,Small,4,11,2003
10191,2003-11-20,44,66.29,2916.76,Shipped,Classic Cars,S24_4620,"Toms Spezialitten, Ltd",Germany,EMEA,Small,4,11,2003
10211,2004-01-15,22,92.16,2027.52,Shipped,Classic Cars,S24_4620,Auto Canal Petit,France,EMEA,Small,1,1,2004
10225,2004-02-22,46,70.33,3235.18,Shipped,Classic Cars,S24_4620,"Vida Sport, Ltd",Switzerland,EMEA,Medium,1,2,2004
10238,2004-04-09,22,93.77,2062.94,Shipped,Classic Cars,S24_4620,Danish Wholesale Imports,Denmark,EMEA,Small,2,4,2004
10252,2004-05-26,38,87.31,3317.78,Shipped,Classic Cars,S24_4620,Auto Canal Petit,France,EMEA,Medium,2,5,2004
10264,2004-06-30,47,83.27,3913.69,Shipped,Classic Cars,S24_4620,Gifts4AllAges.com,USA,Unknown,Medium,2,6,2004
10276,2004-08-02,48,75.18,3608.64,Shipped,Classic Cars,S24_4620,Online Mini Collectables,USA,Unknown,Medium,3,8,2004
10287,2004-08-30,40,88.12,3524.8,Shipped,Classic Cars,S24_4620,"Vida Sport, Ltd",Switzerland,EMEA,Medium,3,8,2004
10299,2004-09-30,32,80.84,2586.88,Shipped,Classic Cars,S24_4620,"Toys of Finland, Co.",Finland,EMEA,Small,3,9,2004
10310,2004-10-16,49,97.01,4753.49,Shipped,Classic Cars,S24_4620,"Toms Spezialitten, Ltd",Germany,EMEA,Medium,4,10,2004
10319,2004-11-03,43,85.69,3684.67,Shipped,Classic Cars,S24_4620,Microscale Inc.,USA,Unknown,Medium,4,11,2004
10331,2004-11-17,41,100.0,5715.4,Shipped,Classic Cars,S24_4620,Motor Mint Distributors Inc.,USA,Unknown,Medium,4,11,2004
10343,2004-11-24,30,100.0,3098.7,Shipped,Classic Cars,S24_4620,Reims Collectables,France,EMEA,Medium,4,11,2004
10355,2004-12-07,28,95.39,2670.92,Shipped,Classic Cars,S24_4620,Euro Shopping Channel,Spain,EMEA,Small,4,12,2004
10363,2005-01-06,43,100.0,5154.41,Shipped,Classic Cars,S24_4620,Suominen Souveniers,Finland,EMEA,Medium,1,1,2005
10378,2005-02-10,41,100.0,4894.17,Shipped,Classic Cars,S24_4620,Euro Shopping Channel,Spain,EMEA,Medium,1,2,2005
10390,2005-03-04,30,82.42,2472.6,Shipped,Classic Cars,S24_4620,Mini Gifts Distributors Ltd.,USA,Unknown,Small,1,3,2005
10103,2003-01-29,31,100.0,3224.31,Shipped,Trucks and Buses,S32_1268,Baane Mini Imports,Norway,EMEA,Medium,1,1,2003
10114,2003-04-01,32,100.0,3667.52,Shipped,Trucks and Buses,S32_1268,"La Corne D'abondance, Co.",France,EMEA,Medium,2,4,2003
10126,2003-05-28,43,96.31,4141.33,Shipped,Trucks and Buses,S32_1268,"Corrida Auto Replicas, Ltd",Spain,EMEA,Medium,2,5,2003
10140,2003-07-24,26,100.0,2829.58,Shipped,Trucks and Buses,S32_1268,Technics Stores Inc.,USA,Unknown,Small,3,7,2003
10151,2003-09-21,27,100.0,3068.55,Shipped,Trucks and Buses,S32_1268,"Oulu Toy Supplies, Inc.",Finland,EMEA,Medium,3,9,2003
10164,2003-10-21,24,100.0,2634.96,Resolved,Trucks and Buses,S32_1268,Mini Auto Werke,Austria,EMEA,Small,4,10,2003
10175,2003-11-06,22,100.0,2436.72,Shipped,Trucks and Buses,S32_1268,"Stylish Desk Decors, Co.",UK,EMEA,Small,4,11,2003
10184,2003-11-14,46,100.0,4607.36,Shipped,Trucks and Buses,S32_1268,"Iberia Gift Imports, Corp.",Spain,EMEA,Medium,4,11,2003
10194,2003-11-25,37,97.27,3598.99,Shipped,Trucks and Buses,S32_1268,"Saveley & Henriot, Co.",France,EMEA,Medium,4,11,2003
10207,2003-12-09,49,80.9,3964.1,Shipped,Trucks and Buses,S32_1268,Diecast Collectables,USA,Unknown,Medium,4,12,2003
10217,2004-02-04,21,100.0,2244.9,Shipped,Trucks and Buses,S32_1268,Handji Gifts& Co,Singapore,APAC,Small,1,2,2004
10229,2004-03-11,25,100.0,2793.0,Shipped,Trucks and Buses,S32_1268,Mini Gifts Distributors Ltd.,USA,Unknown,Small,1,3,2004
10245,2004-05-04,37,100.0,4133.64,Shipped,Trucks and Buses,S32_1268,Super Scale Inc.,USA,Unknown,Medium,2,5,2004
10259,2004-06-15,45,86.68,3900.6,Shipped,Trucks and Buses,S32_1268,Handji Gifts& Co,Singapore,APAC,Medium,2,6,2004
10270,2004-07-19,32,85.72,2743.04,Shipped,Trucks and Buses,S32_1268,Souveniers And Things Co.,Australia,APAC,Small,3,7,2004
10281,2004-08-19,29,82.83,2402.07,Shipped,Trucks and Buses,S32_1268,Diecast Classics Inc.,USA,Unknown,Small,3,8,2004
10291,2004-09-08,26,83.79,2178.54,Shipped,Trucks and Buses,S32_1268,Scandinavian Gift Ideas,Sweden,EMEA,Small,3,9,2004
10305,2004-10-13,28,100.0,3155.04,Shipped,Trucks and Buses,S32_1268,Marta's Replicas Co.,USA,Unknown,Medium,4,10,2004
10313,2004-10-22,27,87.64,2366.28,Shipped,Trucks and Buses,S32_1268,Canadian Gift Exchange Network,Canada,Unknown,Small,4,10,2004
10324,2004-11-05,20,98.18,1963.6,Shipped,Trucks and Buses,S32_1268,Vitachrome Inc.,USA,Unknown,Small,4,11,2004
10335,2004-11-19,44,100.0,4746.28,Shipped,Trucks and Buses,S32_1268,Mini Gifts Distributors Ltd.,USA,Unknown,Medium,4,11,2004
10348,2004-11-01,42,100.0,6386.94,Shipped,Trucks and Buses,S32_1268,"Corrida Auto Replicas, Ltd",Spain,EMEA,Medium,4,11,2004
10358,2004-12-10,41,100.0,4428.0,Shipped,Trucks and Buses,S32_1268,Euro Shopping Channel,Spain,EMEA,Medium,4,12,2004
10371,2005-01-23,26,100.0,4044.04,Shipped,Trucks and Buses,S32_1268,Mini Gifts Distributors Ltd.,USA,Unknown,Medium,1,1,2005
10382,2005-02-17,26,100.0,2708.42,Shipped,Trucks and Buses,S32_1268,Mini Gifts Distributors Ltd.,USA,Unknown,Small,1,2,2005
10411,2005-05-01,26,100.0,2904.72,Shipped,Trucks and Buses,S32_1268,Quebec Home Shopping Network,Canada,Unknown,Small,2,5,2005
10425,2005-05-31,41,86.68,3553.88,In Process,Trucks and Buses,S32_1268,La Rochelle Gifts,France,EMEA,Medium,2,5,2005
10107,2003-02-24,20,92.9,1858.0,Shipped,Motorcycles,S32_1374,Land of Toys Inc.,USA,Unknown,Small,1,2,2003
10120,2003-04-29,22,100.0,2461.36,Shipped,Motorcycles,S32_1374,"Australian Collectors, Co.",Australia,APAC,Small,2,4,2003
10133,2003-06-27,23,100.0,2642.01,Shipped,Motorcycles,S32_1374,Euro Shopping Channel,Spain,EMEA,Small,2,6,2003
10145,2003-08-25,33,93.9,3098.7,Shipped,Motorcycles,S32_1374,Toys4GrownUps.com,USA,Unknown,Medium,3,8,2003
10168,2003-10-28,28,100.0,3244.36,Shipped,Motorcycles,S32_1374,Technics Stores Inc.,USA,Unknown,Medium,4,10,2003
10188,2003-11-18,44,98.89,4351.16,Shipped,Motorcycles,S32_1374,Herkku Gifts,Norway,EMEA,Medium,4,11,2003
10210,2004-01-12,46,79.91,3675.86,Shipped,Motorcycles,S32_1374,Osaka Souveniers Co.,Japan,Japan,Medium,1,1,2004
10223,2004-02-20,21,100.0,2475.27,Shipped,Motorcycles,S32_1374,"Australian Collectors, Co.",Australia,APAC,Small,1,2,2004
10235,2004-04-02,41,100.0,4177.49,Shipped,Motorcycles,S32_1374,"Royal Canadian Collectables, Ltd.",Canada,Unknown,Medium,2,4,2004
10250,2004-05-11,31,100.0,3282.28,Shipped,Motorcycles,S32_1374,The Sharp Gifts Warehouse,USA,Unknown,Medium,2,5,2004
10263,2004-06-28,31,79.91,2477.21,Shipped,Motorcycles,S32_1374,Gift Depot Inc.,USA,Unknown,Small,2,6,2004
10275,2004-07-23,23,81.91,1883.93,Shipped,Motorcycles,S32_1374,La Rochelle Gifts,France,EMEA,Small,3,7,2004
10285,2004-08-27,37,98.89,3658.93,Shipped,Motorcycles,S32_1374,Marta's Replicas Co.,USA,Unknown,Medium,3,8,2004
10297,2004-09-16,26,100.0,2856.88,Shipped,Motorcycles,S32_1374,"Clover Collections, Co.",Ireland,EMEA,Small,3,9,2004
10308,2004-10-15,24,79.91,1917.84,Shipped,Motorcycles,S32_1374,Mini Classics,USA,Unknown,Small,4,10,2004
10318,2004-11-02,47,100.0,5305.36,Shipped,Motorcycles,S32_1374,Diecast Classics Inc.,USA,Unknown,Medium,4,11,2004
10329,2004-11-15,45,63.91,2875.95,Shipped,Motorcycles,S32_1374,Land of Toys Inc.,USA,Unknown,Small,4,11,2004
10340,2004-11-24,55,100.0,6482.85,Shipped,Motorcycles,S32_1374,Enaco Distributors,Spain,EMEA,Medium,4,11,2004
10353,2004-12-04,46,81.17,3733.82,Shipped,Motorcycles,S32_1374,Gift Ideas Corp.,USA,Unknown,Medium,4,12,2004
10363,2005-01-06,50,100.0,6576.5,Shipped,Motorcycles,S32_1374,Suominen Souveniers,Finland,EMEA,Medium,1,1,2005
10375,2005-02-03,37,100.0,6353.27,Shipped,Motorcycles,S32_1374,La Rochelle Gifts,France,EMEA,Medium,1,2,2005
10387,2005-03-02,44,94.9,4175.6,Shipped,Motorcycles,S32_1374,"Dragon Souveniers, Ltd.",Singapore,Japan,Medium,1,3,2005
10401,2005-04-03,49,100.0,4992.61,On Hold,Motorcycles,S32_1374,Tekni Collectables Inc.,USA,Unknown,Medium,2,4,2005
10416,2005-05-10,45,100.0,4764.6,Shipped,Motorcycles,S32_1374,L'ordine Souveniers,Italy,EMEA,Medium,2,5,2005
10108,2003-03-03,27,43.45,1173.15,Shipped,Motorcycles,S32_2206,Cruz & Sons Co.,Philippines,Japan,Small,1,3,2003
10122,2003-05-08,31,44.66,1384.46,Shipped,Motorcycles,S32_2206,Marseille Mini Autos,France,EMEA,Small,2,5,2003
10135,2003-07-02,33,40.23,1327.59,Shipped,Motorcycles,S32_2206,Mini Gifts Distributors Ltd.,USA,Unknown,Small,3,7,2003
10145,2003-08-25,31,35.8,1109.8,Shipped,Motorcycles,S32_2206,Toys4GrownUps.com,USA,Unknown,Small,3,8,2003
10159,2003-10-10,35,35.4,1239.0,Shipped,Motorcycles,S32_2206,Corporate Gift Ideas Co.,USA,Unknown,Small,4,10,2003
10169,2003-11-04,26,39.83,1035.58,Shipped,Motorcycles,S32_2206,"Anna's Decorations, Ltd",Australia,APAC,Small,4,11,2003
10180,2003-11-11,34,45.46,1545.64,Shipped,Motorcycles,S32_2206,Daedalus Designs Imports,France,EMEA,Small,4,11,2003
10190,2003-11-19,46,32.99,1517.54,Shipped,Motorcycles,S32_2206,Euro Shopping Channel,Spain,EMEA,Small,4,11,2003
10211,2004-01-15,41,42.24,1731.84,Shipped,Motorcycles,S32_2206,Auto Canal Petit,France,EMEA,Small,1,1,2004
10224,2004-02-21,43,39.43,1695.49,Shipped,Motorcycles,S32_2206,Daedalus Designs Imports,France,EMEA,Small,1,2,2004
10237,2004-04-05,26,40.23,1045.98,Shipped,Motorcycles,S32_2206,Vitachrome Inc.,USA,Unknown,Small,2,4,2004
10252,2004-05-26,36,48.28,1738.08,Shipped,Motorcycles,S32_2206,Auto Canal Petit,France,EMEA,Small,2,5,2004
10264,2004-06-30,20,32.59,651.8,Shipped,Motorcycles,S32_2206,Gifts4AllAges.com,USA,Unknown,Small,2,6,2004
10276,2004-08-02,27,36.61,988.47,Shipped,Motorcycles,S32_2206,Online Mini Collectables,USA,Unknown,Small,3,8,2004
10285,2004-08-27,37,41.03,1518.11,Shipped,Motorcycles,S32_2206,Marta's Replicas Co.,USA,Unknown,Small,3,8,2004
10299,2004-09-30,24,42.24,1013.76,Shipped,Motorcycles,S32_2206,"Toys of Finland, Co.",Finland,EMEA,Small,3,9,2004
10310,2004-10-16,36,43.05,1549.8,Shipped,Motorcycles,S32_2206,"Toms Spezialitten, Ltd",Germany,EMEA,Small,4,10,2004
10319,2004-11-03,29,38.22,1108.38,Shipped,Motorcycles,S32_2206,Microscale Inc.,USA,Unknown,Small,4,11,2004
10331,2004-11-17,28,100.0,4102.56,Shipped,Motorcycles,S32_2206,Motor Mint Distributors Inc.,USA,Unknown,Medium,4,11,2004
10343,2004-11-24,29,100.0,3713.16,Shipped,Motorcycles,S32_2206,Reims Collectables,France,EMEA,Medium,4,11,2004
10355,2004-12-07,38,39.83,1513.54,Shipped,Motorcycles,S32_2206,Euro Shopping Channel,Spain,EMEA,Small,4,12,2004
10364,2005-01-06,48,48.28,2317.44,Shipped,Motorcycles,S32_2206,Marseille Mini Autos,France,EMEA,Small,1,1,2005
10378,2005-02-10,40,82.46,3298.4,Shipped,Motorcycles,S32_2206,Euro Shopping Channel,Spain,EMEA,Medium,1,2,2005
10390,2005-03-04,41,44.56,1826.96,Shipped,Motorcycles,S32_2206,Mini Gifts Distributors Ltd.,USA,Unknown,Small,1,3,2005
10403,2005-04-08,30,40.23,1206.9,Shipped,Motorcycles,S32_2206,"UK Collectables, Ltd.",UK,EMEA,Small,2,4,2005
10104,2003-01-31,35,47.62,1666.7,Shipped,Trucks and Buses,S32_2509,Euro Shopping Channel,Spain,EMEA,Small,1,1,2003
10114,2003-04-01,28,55.73,1560.44,Shipped,Trucks and Buses,S32_2509,"La Corne D'abondance, Co.",France,EMEA,Small,2,4,2003
10127,2003-06-03,45,51.95,2337.75,Shipped,Trucks and Buses,S32_2509,Muscle Machine Inc,USA,Unknown,Small,2,6,2003
10141,2003-08-01,24,45.99,1103.76,Shipped,Trucks and Buses,S32_2509,Suominen Souveniers,Finland,EMEA,Small,3,8,2003
10151,2003-09-21,41,63.85,2617.85,Shipped,Trucks and Buses,S32_2509,"Oulu Toy Supplies, Inc.",Finland,EMEA,Small,3,9,2003
10165,2003-10-22,48,45.99,2207.52,Shipped,Trucks and Buses,S32_2509,"Dragon Souveniers, Ltd.",Singapore,Japan,Small,4,10,2003
10175,2003-11-06,50,63.31,3165.5,Shipped,Trucks and Buses,S32_2509,"Stylish Desk Decors, Co.",UK,EMEA,Medium,4,11,2003
10184,2003-11-14,33,62.77,2071.41,Shipped,Trucks and Buses,S32_2509,"Iberia Gift Imports, Corp.",Spain,EMEA,Small,4,11,2003
10195,2003-11-25,32,43.29,1385.28,Shipped,Trucks and Buses,S32_2509,Mini Classics,USA,Unknown,Small,4,11,2003
10207,2003-12-09,27,60.06,1621.62,Shipped,Trucks and Buses,S32_2509,Diecast Collectables,USA,Unknown,Small,4,12,2003
10219,2004-02-10,35,55.19,1931.65,Shipped,Trucks and Buses,S32_2509,Signal Collectibles Ltd.,USA,Unknown,Small,1,2,2004
10229,2004-03-11,23,54.11,1244.53,Shipped,Trucks and Buses,S32_2509,Mini Gifts Distributors Ltd.,USA,Unknown,Small,1,3,2004
10246,2004-05-05,35,48.7,1704.5,Shipped,Trucks and Buses,S32_2509,Euro Shopping Channel,Spain,EMEA,Small,2,5,2004
10259,2004-06-15,40,43.83,1753.2,Shipped,Trucks and Buses,S32_2509,Handji Gifts& Co,Singapore,APAC,Small,2,6,2004
10271,2004-07-20,35,47.62,1666.7,Shipped,Trucks and Buses,S32_2509,Mini Gifts Distributors Ltd.,USA,Unknown,Small,3,7,2004
10281,2004-08-19,31,55.19,1710.89,Shipped,Trucks and Buses,S32_2509,Diecast Classics Inc.,USA,Unknown,Small,3,8,2004
10292,2004-09-08,50,46.53,2326.5,Shipped,Trucks and Buses,S32_2509,Land of Toys Inc.,USA,Unknown,Small,3,9,2004
10305,2004-10-13,40,57.9,2316.0,Shipped,Trucks and Buses,S32_2509,Marta's Replicas Co.,USA,Unknown,Small,4,10,2004
10313,2004-10-22,38,45.45,1727.1,Shipped,Trucks and Buses,S32_2509,Canadian Gift Exchange Network,Canada,Unknown,Small,4,10,2004
10325,2004-11-05,38,100.0,8844.12,Shipped,Trucks and Buses,S32_2509,Baane Mini Imports,Norway,EMEA,Large,4,11,2004
10335,2004-11-19,40,60.6,2424.0,Shipped,Trucks and Buses,S32_2509,Mini Gifts Distributors Ltd.,USA,Unknown,Small,4,11,2004
10349,2004-12-01,33,46.53,1535.49,Shipped,Trucks and Buses,S32_2509,Muscle Machine Inc,USA,Unknown,Small,4,12,2004
10359,2004-12-15,36,100.0,6358.68,Shipped,Trucks and Buses,S32_2509,Reims Collectables,France,EMEA,Medium,4,12,2004
10371,2005-01-23,20,66.47,1329.4,Shipped,Trucks and Buses,S32_2509,Mini Gifts Distributors Ltd.,USA,Unknown,Small,1,1,2005
10383,2005-02-22,32,53.18,1701.76,Shipped,Trucks and Buses,S32_2509,Euro Shopping Channel,Spain,EMEA,Small,1,2,2005
10394,2005-03-15,36,62.77,2259.72,Shipped,Trucks and Buses,S32_2509,Euro Shopping Channel,Spain,EMEA,Small,1,3,2005
10412,2005-05-03,19,48.7,925.3,Shipped,Trucks and Buses,S32_2509,Euro Shopping Channel,Spain,EMEA,Small,2,5,2005
10425,2005-05-31,11,43.83,482.13,In Process,Trucks and Buses,S32_2509,La Rochelle Gifts,France,EMEA,Small,2,5,2005
10104,2003-01-31,49,65.87,3227.63,Shipped,Trains,S32_3207,Euro Shopping Channel,Spain,EMEA,Medium,1,1,2003
10116,2003-04-11,27,63.38,1711.26,Shipped,Trains,S32_3207,Royale Belge,Belgium,EMEA,Small,2,4,2003
10127,2003-06-03,29,70.84,2054.36,Shipped,Trains,S32_3207,Muscle Machine Inc,USA,Unknown,Small,2,6,2003
10142,2003-08-08,42,74.57,3131.94,Shipped,Trains,S32_3207,Mini Gifts Distributors Ltd.,USA,Unknown,Medium,3,8,2003
10152,2003-09-25,33,50.95,1681.35,Shipped,Trains,S32_3207,"Australian Gift Network, Co",Australia,APAC,Small,3,9,2003
10165,2003-10-22,44,53.44,2351.36,Shipped,Trains,S32_3207,"Dragon Souveniers, Ltd.",Singapore,Japan,Small,4,10,2003
10176,2003-11-06,22,64.0,1408.0,Shipped,Trains,S32_3207,L'ordine Souveniers,Italy,EMEA,Small,4,11,2003
10184,2003-11-14,48,50.95,2445.6,Shipped,Trains,S32_3207,"Iberia Gift Imports, Corp.",Spain,EMEA,Small,4,11,2003
10195,2003-11-25,33,54.68,1804.44,Shipped,Trains,S32_3207,Mini Classics,USA,Unknown,Small,4,11,2003
10207,2003-12-09,45,56.55,2544.75,Shipped,Trains,S32_3207,Diecast Collectables,USA,Unknown,Small,4,12,2003
10220,2004-02-12,20,52.82,1056.4,Shipped,Trains,S32_3207,"Clover Collections, Co.",Ireland,EMEA,Small,1,2,2004
10230,2004-03-15,46,60.9,2801.4,Shipped,Trains,S32_3207,"Blauer See Auto, Co.",Germany,EMEA,Small,1,3,2004
10247,2004-05-05,40,49.71,1988.4,Shipped,Trains,S32_3207,Suominen Souveniers,Finland,EMEA,Small,2,5,2004
10272,2004-07-20,45,64.63,2908.35,Shipped,Trains,S32_3207,Diecast Classics Inc.,USA,Unknown,Small,3,7,2004
10282,2004-08-20,36,59.65,2147.4,Shipped,Trains,S32_3207,Mini Gifts Distributors Ltd.,USA,Unknown,Small,3,8,2004
10292,2004-09-08,31,67.73,2099.63,Shipped,Trains,S32_3207,Land of Toys Inc.,USA,Unknown,Small,3,9,2004
10306,2004-10-14,46,50.33,2315.18,Shipped,Trains,S32_3207,"AV Stores, Co.",UK,EMEA,Small,4,10,2004
10314,2004-10-22,35,66.49,2327.15,Shipped,Trains,S32_3207,Heintze Collectables,Denmark,EMEA,Small,4,10,2004
10325,2004-11-05,28,100.0,5377.4,Shipped,Trains,S32_3207,Baane Mini Imports,Norway,EMEA,Medium,4,11,2004
10336,2004-11-20,31,84.71,2626.01,Shipped,Trains,S32_3207,"La Corne D'abondance, Co.",France,EMEA,Small,4,11,2004
10350,2004-12-02,27,100.0,4406.4,Shipped,Trains,S32_3207,Euro Shopping Channel,Spain,EMEA,Medium,4,12,2004
10359,2004-12-15,22,100.0,4301.22,Shipped,Trains,S32_3207,Reims Collectables,France,EMEA,Medium,4,12,2004
10371,2005-01-23,30,99.55,2986.5,Shipped,Trains,S32_3207,Mini Gifts Distributors Ltd.,USA,Unknown,Small,1,1,2005
10383,2005-02-22,44,36.07,1587.08,Shipped,Trains,S32_3207,Euro Shopping Channel,Spain,EMEA,Small,1,2,2005
10394,2005-03-15,30,60.28,1808.4,Shipped,Trains,S32_3207,Euro Shopping Channel,Spain,EMEA,Small,1,3,2005
10413,2005-05-05,24,49.71,1193.04,Shipped,Trains,S32_3207,Gift Depot Inc.,USA,Unknown,Small,2,5,2005
10103,2003-01-29,45,75.63,3403.35,Shipped,Trucks and Buses,S32_3522,Baane Mini Imports,Norway,EMEA,Medium,1,1,2003
10113,2003-03-26,23,68.52,1575.96,Shipped,Trucks and Buses,S32_3522,Mini Gifts Distributors Ltd.,USA,Unknown,Small,1,3,2003
10126,2003-05-28,26,62.7,1630.2,Shipped,Trucks and Buses,S32_3522,"Corrida Auto Replicas, Ltd",Spain,EMEA,Small,2,5,2003
10140,2003-07-24,28,60.76,1701.28,Shipped,Trucks and Buses,S32_3522,Technics Stores Inc.,USA,Unknown,Small,3,7,2003
10150,2003-09-19,49,58.18,2850.82,Shipped,Trucks and Buses,S32_3522,"Dragon Souveniers, Ltd.",Singapore,Japan,Small,3,9,2003
10164,2003-10-21,49,54.94,2692.06,Resolved,Trucks and Buses,S32_3522,Mini Auto Werke,Austria,EMEA,Small,4,10,2003
10175,2003-11-06,29,74.98,2174.42,Shipped,Trucks and Buses,S32_3522,"Stylish Desk Decors, Co.",UK,EMEA,Small,4,11,2003
10183,2003-11-13,49,64.64,3167.36,Shipped,Trucks and Buses,S32_3522,"Classic Gift Ideas, Inc",USA,Unknown,Medium,4,11,2003
10194,2003-11-25,39,54.94,2142.66,Shipped,Trucks and Buses,S32_3522,"Saveley & Henriot, Co.",France,EMEA,Small,4,11,2003
10206,2003-12-05,36,58.82,2117.52,Shipped,Trucks and Buses,S32_3522,Canadian Gift Exchange Network,Canada,Unknown,Small,4,12,2003
10217,2004-02-04,39,62.05,2419.95,Shipped,Trucks and Buses,S32_3522,Handji Gifts& Co,Singapore,APAC,Small,1,2,2004
10229,2004-03-11,30,73.04,2191.2,Shipped,Trucks and Buses,S32_3522,Mini Gifts Distributors Ltd.,USA,Unknown,Small,1,3,2004
10245,2004-05-04,44,69.16,3043.04,Shipped,Trucks and Buses,S32_3522,Super Scale Inc.,USA,Unknown,Medium,2,5,2004
10258,2004-06-15,20,61.41,1228.2,Shipped,Trucks and Buses,S32_3522,"Tokyo Collectables, Ltd",Japan,Japan,Small,2,6,2004
10270,2004-07-19,21,63.35,1330.35,Shipped,Trucks and Buses,S32_3522,Souveniers And Things Co.,Australia,APAC,Small,3,7,2004
10281,2004-08-19,36,77.57,2792.52,Shipped,Trucks and Buses,S32_3522,Diecast Classics Inc.,USA,Unknown,Small,3,8,2004
10291,2004-09-08,32,71.75,2296.0,Shipped,Trucks and Buses,S32_3522,Scandinavian Gift Ideas,Sweden,EMEA,Small,3,9,2004
10304,2004-10-11,36,73.04,2629.44,Shipped,Trucks and Buses,S32_3522,Auto Assoc. & Cie.,France,EMEA,Small,4,10,2004
10313,2004-10-22,34,56.24,1912.16,Shipped,Trucks and Buses,S32_3522,Canadian Gift Exchange Network,Canada,Unknown,Small,4,10,2004
10324,2004-11-05,48,100.0,8209.44,Shipped,Trucks and Buses,S32_3522,Vitachrome Inc.,USA,Unknown,Large,4,11,2004
10333,2004-11-18,33,73.69,2431.77,Shipped,Trucks and Buses,S32_3522,Mini Wheels Co.,USA,Unknown,Small,4,11,2004
10348,2004-11-01,31,100.0,3139.99,Shipped,Trucks and Buses,S32_3522,"Corrida Auto Replicas, Ltd",Spain,EMEA,Medium,4,11,2004
10358,2004-12-10,36,100.0,5669.64,Shipped,Trucks and Buses,S32_3522,Euro Shopping Channel,Spain,EMEA,Medium,4,12,2004
10370,2005-01-20,25,100.0,3160.25,Shipped,Trucks and Buses,S32_3522,"Anna's Decorations, Ltd",Australia,APAC,Medium,1,1,2005
10382,2005-02-17,48,100.0,6799.68,Shipped,Trucks and Buses,S32_3522,Mini Gifts Distributors Ltd.,USA,Unknown,Medium,1,2,2005
10411,2005-05-01,27,69.16,1867.32,Shipped,Trucks and Buses,S32_3522,Quebec Home Shopping Network,Canada,Unknown,Small,2,5,2005
10424,2005-05-31,44,61.41,2702.04,In Process,Trucks and Buses,S32_3522,Euro Shopping Channel,Spain,EMEA,Small,2,5,2005
10106,2003-02-17,33,72.92,2406.36,Shipped,Vintage Cars,S32_4289,Rovelli Gifts,Italy,EMEA,Small,1,2,2003
10120,2003-04-29,29,72.23,2094.67,Shipped,Vintage Cars,S32_4289,"Australian Collectors, Co.",Australia,APAC,Small,2,4,2003
10133,2003-06-27,49,57.1,2797.9,Shipped,Vintage Cars,S32_4289,Euro Shopping Channel,Spain,EMEA,Small,2,6,2003
10144,2003-08-13,20,81.86,1637.2,Shipped,Vintage Cars,S32_4289,Royale Belge,Belgium,EMEA,Small,3,8,2003
10168,2003-10-28,31,73.61,2281.91,Shipped,Vintage Cars,S32_4289,Technics Stores Inc.,USA,Unknown,Small,4,10,2003
10210,2004-01-12,39,59.16,2307.24,Shipped,Vintage Cars,S32_4289,Osaka Souveniers Co.,Japan,Japan,Small,1,1,2004
10223,2004-02-20,20,66.04,1320.8,Shipped,Vintage Cars,S32_4289,"Australian Collectors, Co.",Australia,APAC,Small,1,2,2004
10235,2004-04-02,34,77.73,2642.82,Shipped,Vintage Cars,S32_4289,"Royal Canadian Collectables, Ltd.",Canada,Unknown,Small,2,4,2004
10250,2004-05-11,50,61.22,3061.0,Shipped,Vintage Cars,S32_4289,The Sharp Gifts Warehouse,USA,Unknown,Medium,2,5,2004
10262,2004-06-24,40,79.11,3164.4,Cancelled,Vintage Cars,S32_4289,Euro Shopping Channel,Spain,EMEA,Medium,2,6,2004
10275,2004-07-23,28,63.97,1791.16,Shipped,Vintage Cars,S32_4289,La Rochelle Gifts,France,EMEA,Small,3,7,2004
10284,2004-08-21,50,81.86,4093.0,Shipped,Vintage Cars,S32_4289,"Norway Gifts By Mail, Co.",Norway,EMEA,Medium,3,8,2004
10297,2004-09-16,28,79.8,2234.4,Shipped,Vintage Cars,S32_4289,"Clover Collections, Co.",Ireland,EMEA,Small,3,9,2004
10308,2004-10-15,46,66.04,3037.84,Shipped,Vintage Cars,S32_4289,Mini Classics,USA,Unknown,Medium,4,10,2004
10316,2004-11-01,24,59.16,1419.84,Shipped,Vintage Cars,S32_4289,giftsbymail.co.uk,UK,EMEA,Small,4,11,2004
10328,2004-11-12,24,81.17,1948.08,Shipped,Vintage Cars,S32_4289,Rovelli Gifts,Italy,EMEA,Small,4,11,2004
10340,2004-11-24,39,59.16,2307.24,Shipped,Vintage Cars,S32_4289,Enaco Distributors,Spain,EMEA,Small,4,11,2004
10353,2004-12-04,40,44.51,1780.4,Shipped,Vintage Cars,S32_4289,Gift Ideas Corp.,USA,Unknown,Small,4,12,2004
10361,2004-12-17,49,72.33,3544.17,Shipped,Vintage Cars,S32_4289,Souveniers And Things Co.,Australia,APAC,Medium,4,12,2004
10375,2005-02-03,44,82.26,3619.44,Shipped,Vintage Cars,S32_4289,La Rochelle Gifts,France,EMEA,Medium,1,2,2005
10388,2005-03-03,35,100.0,3918.95,Shipped,Vintage Cars,S32_4289,FunGiftIdeas.com,USA,Unknown,Medium,1,3,2005
10398,2005-03-30,22,67.41,1483.02,Shipped,Vintage Cars,S32_4289,Reims Collectables,France,EMEA,Small,1,3,2005
10401,2005-04-03,62,77.73,4819.26,On Hold,Vintage Cars,S32_4289,Tekni Collectables Inc.,USA,Unknown,Medium,2,4,2005
10416,2005-05-10,26,61.22,1591.72,Shipped,Vintage Cars,S32_4289,L'ordine Souveniers,Italy,EMEA,Small,2,5,2005
10108,2003-03-03,31,100.0,3669.78,Shipped,Motorcycles,S32_4485,Cruz & Sons Co.,Philippines,Japan,Medium,1,3,2003
10121,2003-05-07,25,86.74,2168.5,Shipped,Motorcycles,S32_4485,Reims Collectables,France,EMEA,Small,2,5,2003
10135,2003-07-02,30,89.8,2694.0,Shipped,Motorcycles,S32_4485,Mini Gifts Distributors Ltd.,USA,Unknown,Small,3,7,2003
10145,2003-08-25,27,100.0,3251.34,Shipped,Motorcycles,S32_4485,Toys4GrownUps.com,USA,Unknown,Medium,3,8,2003
10159,2003-10-10,23,100.0,2347.15,Shipped,Motorcycles,S32_4485,Corporate Gift Ideas Co.,USA,Unknown,Small,4,10,2003
10169,2003-11-04,34,100.0,3920.88,Shipped,Motorcycles,S32_4485,"Anna's Decorations, Ltd",Australia,APAC,Medium,4,11,2003
10180,2003-11-11,22,100.0,2514.6,Shipped,Motorcycles,S32_4485,Daedalus Designs Imports,France,EMEA,Small,4,11,2003
10190,2003-11-19,42,85.72,3600.24,Shipped,Motorcycles,S32_4485,Euro Shopping Channel,Spain,EMEA,Medium,4,11,2003
10211,2004-01-15,37,100.0,4040.03,Shipped,Motorcycles,S32_4485,Auto Canal Petit,France,EMEA,Medium,1,1,2004
10224,2004-02-21,30,100.0,3336.9,Shipped,Motorcycles,S32_4485,Daedalus Designs Imports,France,EMEA,Medium,1,2,2004
10237,2004-04-05,27,100.0,3113.64,Shipped,Motorcycles,S32_4485,Vitachrome Inc.,USA,Unknown,Medium,2,4,2004
10252,2004-05-26,25,100.0,2832.0,Shipped,Motorcycles,S32_4485,Auto Canal Petit,France,EMEA,Small,2,5,2004
10264,2004-06-30,34,97.97,3330.98,Shipped,Motorcycles,S32_4485,Gifts4AllAges.com,USA,Unknown,Medium,2,6,2004
10276,2004-08-02,38,100.0,4304.64,Shipped,Motorcycles,S32_4485,Online Mini Collectables,USA,Unknown,Medium,3,8,2004
10285,2004-08-27,26,100.0,2600.26,Shipped,Motorcycles,S32_4485,Marta's Replicas Co.,USA,Unknown,Small,3,8,2004
10299,2004-09-30,38,100.0,4382.16,Shipped,Motorcycles,S32_4485,"Toys of Finland, Co.",Finland,EMEA,Medium,3,9,2004
10309,2004-10-15,50,84.7,4235.0,Shipped,Motorcycles,S32_4485,Baane Mini Imports,Norway,EMEA,Medium,4,10,2004
10319,2004-11-03,22,100.0,2626.8,Shipped,Motorcycles,S32_4485,Microscale Inc.,USA,Unknown,Small,4,11,2004
10331,2004-11-17,32,100.0,5026.56,Shipped,Motorcycles,S32_4485,Motor Mint Distributors Inc.,USA,Unknown,Medium,4,11,2004
10341,2004-11-24,31,71.02,2201.62,Shipped,Motorcycles,S32_4485,Salzburg Collectables,Austria,EMEA,Small,4,11,2004
10355,2004-12-07,40,100.0,4326.8,Shipped,Motorcycles,S32_4485,Euro Shopping Channel,Spain,EMEA,Medium,4,12,2004
10365,2005-01-07,22,100.0,3425.18,Shipped,Motorcycles,S32_4485,Mini Creations Ltd.,USA,Unknown,Medium,1,1,2005
10375,2005-02-03,41,100.0,4701.88,Shipped,Motorcycles,S32_4485,La Rochelle Gifts,France,EMEA,Medium,1,2,2005
10390,2005-03-04,45,48.98,2204.1,Shipped,Motorcycles,S32_4485,Mini Gifts Distributors Ltd.,USA,Unknown,Small,1,3,2005
10403,2005-04-08,45,100.0,5189.4,Shipped,Motorcycles,S32_4485,"UK Collectables, Ltd.",UK,EMEA,Medium,2,4,2005
10106,2003-02-17,39,40.15,1565.85,Shipped,Vintage Cars,S50_1341,Rovelli Gifts,Italy,EMEA,Small,1,2,2003
10120,2003-04-29,49,50.62,2480.38,Shipped,Vintage Cars,S50_1341,"Australian Collectors, Co.",Australia,APAC,Small,2,4,2003
10133,2003-06-27,27,50.19,1355.13,Shipped,Vintage Cars,S50_1341,Euro Shopping Channel,Spain,EMEA,Small,2,6,2003
10143,2003-08-10,34,36.66,1246.44,Shipped,Vintage Cars,S50_1341,Mini Creations Ltd.,USA,Unknown,Small,3,8,2003
10156,2003-10-08,20,41.02,820.4,Shipped,Vintage Cars,S50_1341,Euro Shopping Channel,Spain,EMEA,Small,4,10,2003
10168,2003-10-28,48,51.93,2492.64,Shipped,Vintage Cars,S50_1341,Technics Stores Inc.,USA,Unknown,Small,4,10,2003
10199,2003-12-01,29,38.4,1113.6,Shipped,Vintage Cars,S50_1341,West Coast Collectables Co.,USA,Unknown,Small,4,12,2003
10210,2004-01-12,43,41.02,1763.86,Shipped,Vintage Cars,S50_1341,Osaka Souveniers Co.,Japan,Japan,Small,1,1,2004
10223,2004-02-20,41,46.26,1896.66,Shipped,Vintage Cars,S50_1341,"Australian Collectors, Co.",Australia,APAC,Small,1,2,2004
10235,2004-04-02,41,35.35,1449.35,Shipped,Vintage Cars,S50_1341,"Royal Canadian Collectables, Ltd.",Canada,Unknown,Small,2,4,2004
10250,2004-05-11,36,51.93,1869.48,Shipped,Vintage Cars,S50_1341,The Sharp Gifts Warehouse,USA,Unknown,Small,2,5,2004
10262,2004-06-24,49,37.97,1860.53,Cancelled,Vintage Cars,S50_1341,Euro Shopping Channel,Spain,EMEA,Small,2,6,2004
10275,2004-07-23,38,45.39,1724.82,Shipped,Vintage Cars,S50_1341,La Rochelle Gifts,France,EMEA,Small,3,7,2004
10284,2004-08-21,33,51.93,1713.69,Shipped,Vintage Cars,S50_1341,"Norway Gifts By Mail, Co.",Norway,EMEA,Small,3,8,2004
10296,2004-09-15,26,48.44,1259.44,Shipped,Vintage Cars,S50_1341,"Bavarian Collectables Imports, Co.",Germany,EMEA,Small,3,9,2004
10308,2004-10-15,47,43.64,2051.08,Shipped,Vintage Cars,S50_1341,Mini Classics,USA,Unknown,Small,4,10,2004
10316,2004-11-01,34,47.57,1617.38,Shipped,Vintage Cars,S50_1341,giftsbymail.co.uk,UK,EMEA,Small,4,11,2004
10328,2004-11-12,34,51.93,1765.62,Shipped,Vintage Cars,S50_1341,Rovelli Gifts,Italy,EMEA,Small,4,11,2004
10340,2004-11-24,40,50.62,2024.8,Shipped,Vintage Cars,S50_1341,Enaco Distributors,Spain,EMEA,Small,4,11,2004
10353,2004-12-04,40,82.21,3288.4,Shipped,Vintage Cars,S50_1341,Gift Ideas Corp.,USA,Unknown,Medium,4,12,2004
10361,2004-12-17,33,82.59,2725.47,Shipped,Vintage Cars,S50_1341,Souveniers And Things Co.,Australia,APAC,Small,4,12,2004
10375,2005-02-03,49,65.8,3224.2,Shipped,Vintage Cars,S50_1341,La Rochelle Gifts,France,EMEA,Medium,1,2,2005
10388,2005-03-03,27,100.0,3211.38,Shipped,Vintage Cars,S50_1341,FunGiftIdeas.com,USA,Unknown,Medium,1,3,2005
10398,2005-03-30,49,36.66,1796.34,Shipped,Vintage Cars,S50_1341,Reims Collectables,France,EMEA,Small,1,3,2005
10401,2005-04-03,56,35.35,1979.6,On Hold,Vintage Cars,S50_1341,Tekni Collectables Inc.,USA,Unknown,Small,2,4,2005
10416,2005-05-10,37,51.93,1921.41,Shipped,Vintage Cars,S50_1341,L'ordine Souveniers,Italy,EMEA,Small,2,5,2005
10104,2003-01-31,33,100.0,3705.24,Shipped,Trucks and Buses,S50_1392,Euro Shopping Channel,Spain,EMEA,Medium,1,1,2003
10115,2003-04-04,27,100.0,2843.91,Shipped,Trucks and Buses,S50_1392,Classic Legends Inc.,USA,Unknown,Small,2,4,2003
10127,2003-06-03,46,100.0,6176.42,Shipped,Trucks and Buses,S50_1392,Muscle Machine Inc,USA,Unknown,Medium,2,6,2003
10141,2003-08-01,44,100.0,5500.44,Shipped,Trucks and Buses,S50_1392,Suominen Souveniers,Finland,EMEA,Medium,3,8,2003
10151,2003-09-21,26,100.0,3220.1,Shipped,Trucks and Buses,S50_1392,"Oulu Toy Supplies, Inc.",Finland,EMEA,Medium,3,9,2003
10165,2003-10-22,48,94.92,4556.16,Shipped,Trucks and Buses,S50_1392,"Dragon Souveniers, Ltd.",Singapore,Japan,Medium,4,10,2003
10176,2003-11-06,23,100.0,3114.89,Shipped,Trucks and Buses,S50_1392,L'ordine Souveniers,Italy,EMEA,Medium,4,11,2003
10184,2003-11-14,45,100.0,4948.2,Shipped,Trucks and Buses,S50_1392,"Iberia Gift Imports, Corp.",Spain,EMEA,Medium,4,11,2003
10195,2003-11-25,49,100.0,5161.17,Shipped,Trucks and Buses,S50_1392,Mini Classics,USA,Unknown,Medium,4,11,2003
10207,2003-12-09,28,94.92,2657.76,Shipped,Trucks and Buses,S50_1392,Diecast Collectables,USA,Unknown,Small,4,12,2003
10220,2004-02-12,37,100.0,3983.05,Shipped,Trucks and Buses,S50_1392,"Clover Collections, Co.",Ireland,EMEA,Medium,1,2,2004
10230,2004-03-15,34,100.0,3974.94,Shipped,Trucks and Buses,S50_1392,"Blauer See Auto, Co.",Germany,EMEA,Medium,1,3,2004
10246,2004-05-05,22,100.0,2928.42,Shipped,Trucks and Buses,S50_1392,Euro Shopping Channel,Spain,EMEA,Small,2,5,2004
10259,2004-06-15,29,100.0,3054.57,Shipped,Trucks and Buses,S50_1392,Handji Gifts& Co,Singapore,APAC,Medium,2,6,2004
10271,2004-07-20,34,98.39,3345.26,Shipped,Trucks and Buses,S50_1392,Mini Gifts Distributors Ltd.,USA,Unknown,Medium,3,7,2004
10282,2004-08-20,38,100.0,4310.72,Shipped,Trucks and Buses,S50_1392,Mini Gifts Distributors Ltd.,USA,Unknown,Medium,3,8,2004
10292,2004-09-08,41,100.0,4983.14,Shipped,Trucks and Buses,S50_1392,Land of Toys Inc.,USA,Unknown,Medium,3,9,2004
10305,2004-10-13,42,100.0,4618.32,Shipped,Trucks and Buses,S50_1392,Marta's Replicas Co.,USA,Unknown,Medium,4,10,2004
10314,2004-10-22,28,100.0,3403.12,Shipped,Trucks and Buses,S50_1392,Heintze Collectables,Denmark,EMEA,Medium,4,10,2004
10325,2004-11-05,38,100.0,5190.42,Shipped,Trucks and Buses,S50_1392,Baane Mini Imports,Norway,EMEA,Medium,4,11,2004
10336,2004-11-20,23,100.0,3141.57,Shipped,Trucks and Buses,S50_1392,"La Corne D'abondance, Co.",France,EMEA,Medium,4,11,2004
10350,2004-12-02,31,71.4,2213.4,Shipped,Trucks and Buses,S50_1392,Euro Shopping Channel,Spain,EMEA,Small,4,12,2004
10359,2004-12-15,46,100.0,4896.7,Shipped,Trucks and Buses,S50_1392,Reims Collectables,France,EMEA,Medium,4,12,2004
10371,2005-01-23,48,56.55,2714.4,Shipped,Trucks and Buses,S50_1392,Mini Gifts Distributors Ltd.,USA,Unknown,Small,1,1,2005
10383,2005-02-22,29,100.0,3087.05,Shipped,Trucks and Buses,S50_1392,Euro Shopping Channel,Spain,EMEA,Medium,1,2,2005
10395,2005-03-17,46,100.0,5692.96,Shipped,Trucks and Buses,S50_1392,Lyon Souveniers,France,EMEA,Medium,1,3,2005
10412,2005-05-03,26,100.0,3460.86,Shipped,Trucks and Buses,S50_1392,Euro Shopping Channel,Spain,EMEA,Medium,2,5,2005
10425,2005-05-31,18,100.0,1895.94,In Process,Trucks and Buses,S50_1392,La Rochelle Gifts,France,EMEA,Small,2,5,2005
10104,2003-01-31,32,53.31,1705.92,Shipped,Trains,S50_1514,Euro Shopping Channel,Spain,EMEA,Small,1,1,2003
10117,2003-04-16,21,49.21,1033.41,Shipped,Trains,S50_1514,"Dragon Souveniers, Ltd.",Singapore,Japan,Small,2,4,2003
10127,2003-06-03,46,69.12,3179.52,Shipped,Trains,S50_1514,Muscle Machine Inc,USA,Unknown,Medium,2,6,2003
10142,2003-08-08,42,49.79,2091.18,Shipped,Trains,S50_1514,Mini Gifts Distributors Ltd.,USA,Unknown,Small,3,8,2003
10153,2003-09-28,31,57.41,1779.71,Shipped,Trains,S50_1514,Euro Shopping Channel,Spain,EMEA,Small,3,9,2003
10165,2003-10-22,38,66.78,2537.64,Shipped,Trains,S50_1514,"Dragon Souveniers, Ltd.",Singapore,Japan,Small,4,10,2003
10176,2003-11-06,38,64.44,2448.72,Shipped,Trains,S50_1514,L'ordine Souveniers,Italy,EMEA,Small,4,11,2003
10185,2003-11-14,20,48.62,972.4,Shipped,Trains,S50_1514,Mini Creations Ltd.,USA,Unknown,Small,4,11,2003
10196,2003-11-26,46,62.09,2856.14,Shipped,Trains,S50_1514,Super Scale Inc.,USA,Unknown,Small,4,11,2003
10208,2004-01-02,30,65.61,1968.3,Shipped,Trains,S50_1514,"Saveley & Henriot, Co.",France,EMEA,Small,1,1,2004
10220,2004-02-12,30,68.54,2056.2,Shipped,Trains,S50_1514,"Clover Collections, Co.",Ireland,EMEA,Small,1,2,2004
10230,2004-03-15,43,52.14,2242.02,Shipped,Trains,S50_1514,"Blauer See Auto, Co.",Germany,EMEA,Small,1,3,2004
10247,2004-05-05,49,63.85,3128.65,Shipped,Trains,S50_1514,Suominen Souveniers,Finland,EMEA,Medium,2,5,2004
10272,2004-07-20,43,56.82,2443.26,Shipped,Trains,S50_1514,Diecast Classics Inc.,USA,Unknown,Small,3,7,2004
10282,2004-08-20,37,66.78,2470.86,Shipped,Trains,S50_1514,Mini Gifts Distributors Ltd.,USA,Unknown,Small,3,8,2004
10292,2004-09-08,35,55.07,1927.45,Shipped,Trains,S50_1514,Land of Toys Inc.,USA,Unknown,Small,3,9,2004
10306,2004-10-14,34,60.34,2051.56,Shipped,Trains,S50_1514,"AV Stores, Co.",UK,EMEA,Small,4,10,2004
10314,2004-10-22,38,61.51,2337.38,Shipped,Trains,S50_1514,Heintze Collectables,Denmark,EMEA,Small,4,10,2004
10325,2004-11-05,44,100.0,5932.96,Shipped,Trains,S50_1514,Baane Mini Imports,Norway,EMEA,Medium,4,11,2004
10337,2004-11-21,21,100.0,2296.77,Shipped,Trains,S50_1514,Classic Legends Inc.,USA,Unknown,Small,4,11,2004
10350,2004-12-02,44,100.0,6490.88,Shipped,Trains,S50_1514,Euro Shopping Channel,Spain,EMEA,Medium,4,12,2004
10359,2004-12-15,25,64.93,1623.25,Shipped,Trains,S50_1514,Reims Collectables,France,EMEA,Small,4,12,2004
10372,2005-01-26,24,58.58,1405.92,Shipped,Trains,S50_1514,"Tokyo Collectables, Ltd",Japan,Japan,Small,1,1,2005
10383,2005-02-22,38,60.06,2282.28,Shipped,Trains,S50_1514,Euro Shopping Channel,Spain,EMEA,Small,1,2,2005
10395,2005-03-17,45,100.0,8977.05,Shipped,Trains,S50_1514,Lyon Souveniers,France,EMEA,Large,1,3,2005
10413,2005-05-05,51,63.85,3256.35,Shipped,Trains,S50_1514,Gift Depot Inc.,USA,Unknown,Medium,2,5,2005
10108,2003-03-03,34,82.99,2821.66,Shipped,Motorcycles,S50_4713,Cruz & Sons Co.,Philippines,Japan,Small,1,3,2003
10121,2003-05-07,44,74.85,3293.4,Shipped,Motorcycles,S50_4713,Reims Collectables,France,EMEA,Medium,2,5,2003
10135,2003-07-02,44,96.0,4224.0,Shipped,Motorcycles,S50_4713,Mini Gifts Distributors Ltd.,USA,Unknown,Medium,3,7,2003
10145,2003-08-25,38,81.36,3091.68,Shipped,Motorcycles,S50_4713,Toys4GrownUps.com,USA,Unknown,Medium,3,8,2003
10159,2003-10-10,31,71.6,2219.6,Shipped,Motorcycles,S50_4713,Corporate Gift Ideas Co.,USA,Unknown,Small,4,10,2003
10169,2003-11-04,48,80.55,3866.4,Shipped,Motorcycles,S50_4713,"Anna's Decorations, Ltd",Australia,APAC,Medium,4,11,2003
10180,2003-11-11,21,93.56,1964.76,Shipped,Motorcycles,S50_4713,Daedalus Designs Imports,France,EMEA,Small,4,11,2003
10190,2003-11-19,40,66.72,2668.8,Shipped,Motorcycles,S50_4713,Euro Shopping Channel,Spain,EMEA,Small,4,11,2003
10211,2004-01-15,40,80.55,3222.0,Shipped,Motorcycles,S50_4713,Auto Canal Petit,France,EMEA,Medium,1,1,2004
10224,2004-02-21,50,77.29,3864.5,Shipped,Motorcycles,S50_4713,Daedalus Designs Imports,France,EMEA,Medium,1,2,2004
10237,2004-04-05,20,68.34,1366.8,Shipped,Motorcycles,S50_4713,Vitachrome Inc.,USA,Unknown,Small,2,4,2004
10252,2004-05-26,48,72.41,3475.68,Shipped,Motorcycles,S50_4713,Auto Canal Petit,France,EMEA,Medium,2,5,2004
10264,2004-06-30,47,89.5,4206.5,Shipped,Motorcycles,S50_4713,Gifts4AllAges.com,USA,Unknown,Medium,2,6,2004
10276,2004-08-02,21,70.78,1486.38,Shipped,Motorcycles,S50_4713,Online Mini Collectables,USA,Unknown,Small,3,8,2004
10285,2004-08-27,39,78.92,3077.88,Shipped,Motorcycles,S50_4713,Marta's Replicas Co.,USA,Unknown,Medium,3,8,2004
10299,2004-09-30,44,80.55,3544.2,Shipped,Motorcycles,S50_4713,"Toys of Finland, Co.",Finland,EMEA,Medium,3,9,2004
10309,2004-10-15,28,88.68,2483.04,Shipped,Motorcycles,S50_4713,Baane Mini Imports,Norway,EMEA,Small,4,10,2004
10319,2004-11-03,45,77.29,3478.05,Shipped,Motorcycles,S50_4713,Microscale Inc.,USA,Unknown,Medium,4,11,2004
10331,2004-11-17,20,100.0,3657.8,Shipped,Motorcycles,S50_4713,Motor Mint Distributors Inc.,USA,Unknown,Medium,4,11,2004
10341,2004-11-24,38,100.0,4682.36,Shipped,Motorcycles,S50_4713,Salzburg Collectables,Austria,EMEA,Medium,4,11,2004
10356,2004-12-09,26,100.0,3937.7,Shipped,Motorcycles,S50_4713,Lyon Souveniers,France,EMEA,Medium,4,12,2004
10365,2005-01-07,44,100.0,4984.32,Shipped,Motorcycles,S50_4713,Mini Creations Ltd.,USA,Unknown,Medium,1,1,2005
10375,2005-02-03,49,100.0,5406.66,Shipped,Motorcycles,S50_4713,La Rochelle Gifts,France,EMEA,Medium,1,2,2005
10390,2005-03-04,22,100.0,3491.18,Shipped,Motorcycles,S50_4713,Mini Gifts Distributors Ltd.,USA,Unknown,Medium,1,3,2005
10403,2005-04-08,31,68.34,2118.54,Shipped,Motorcycles,S50_4713,"UK Collectables, Ltd.",UK,EMEA,Small,2,4,2005
10105,2003-02-11,41,70.67,2897.47,Shipped,Ships,S700_1138,Danish Wholesale Imports,Denmark,EMEA,Small,1,2,2003
10119,2003-04-28,25,76.67,1916.75,Shipped,Ships,S700_1138,Salzburg Collectables,Austria,EMEA,Small,2,4,2003
10129,2003-06-12,31,60.0,1860.0,Shipped,Ships,S700_1138,"Stylish Desk Decors, Co.",UK,EMEA,Small,2,6,2003
10142,2003-08-08,41,64.0,2624.0,Shipped,Ships,S700_1138,Mini Gifts Distributors Ltd.,USA,Unknown,Small,3,8,2003
10153,2003-09-28,43,64.67,2780.81,Shipped,Ships,S700_1138,Euro Shopping Channel,Spain,EMEA,Small,3,9,2003
10167,2003-10-23,43,75.34,3239.62,Cancelled,Ships,S700_1138,Scandinavian Gift Ideas,Sweden,EMEA,Medium,4,10,2003
10177,2003-11-07,24,76.0,1824.0,Shipped,Ships,S700_1138,CAF Imports,Spain,EMEA,Small,4,11,2003
10185,2003-11-14,21,54.0,1134.0,Shipped,Ships,S700_1138,Mini Creations Ltd.,USA,Unknown,Small,4,11,2003
10197,2003-11-26,23,64.67,1487.41,Shipped,Ships,S700_1138,Enaco Distributors,Spain,EMEA,Small,4,11,2003
10208,2004-01-02,38,74.67,2837.46,Shipped,Ships,S700_1138,"Saveley & Henriot, Co.",France,EMEA,Small,1,1,2004
10222,2004-02-19,31,62.67,1942.77,Shipped,Ships,S700_1138,Collectable Mini Designs Co.,USA,Unknown,Small,1,2,2004
10233,2004-03-29,36,70.67,2544.12,Shipped,Ships,S700_1138,Tekni Collectables Inc.,USA,Unknown,Small,1,3,2004
10248,2004-05-07,36,71.34,2568.24,Cancelled,Ships,S700_1138,Land of Toys Inc.,USA,Unknown,Small,2,5,2004
10261,2004-06-17,34,62.0,2108.0,Shipped,Ships,S700_1138,Quebec Home Shopping Network,Canada,Unknown,Small,2,6,2004
10273,2004-07-21,21,65.34,1372.14,Shipped,Ships,S700_1138,Petit Auto,Belgium,EMEA,Small,3,7,2004
10283,2004-08-20,45,78.67,3540.15,Shipped,Ships,S700_1138,"Royal Canadian Collectables, Ltd.",Canada,Unknown,Medium,3,8,2004
10295,2004-09-10,26,75.34,1958.84,Shipped,Ships,S700_1138,Gifts4AllAges.com,USA,Unknown,Small,3,9,2004
10306,2004-10-14,50,54.0,2700.0,Shipped,Ships,S700_1138,"AV Stores, Co.",UK,EMEA,Small,4,10,2004
10315,2004-10-29,41,62.0,2542.0,Shipped,Ships,S700_1138,La Rochelle Gifts,France,EMEA,Small,4,10,2004
10326,2004-11-09,39,60.0,2340.0,Shipped,Ships,S700_1138,"Volvo Model Replicas, Co",Sweden,EMEA,Small,4,11,2004
10339,2004-11-23,22,100.0,2816.44,Shipped,Ships,S700_1138,"Tokyo Collectables, Ltd",Japan,Japan,Small,4,11,2004
10350,2004-12-02,46,76.67,3526.82,Shipped,Ships,S700_1138,Euro Shopping Channel,Spain,EMEA,Medium,4,12,2004
10373,2005-01-31,44,100.0,4627.92,Shipped,Ships,S700_1138,"Oulu Toy Supplies, Inc.",Finland,EMEA,Medium,1,1,2005
10385,2005-02-28,25,77.34,1933.5,Shipped,Ships,S700_1138,Mini Gifts Distributors Ltd.,USA,Unknown,Small,1,2,2005
10396,2005-03-23,39,66.67,2600.13,Shipped,Ships,S700_1138,Mini Gifts Distributors Ltd.,USA,Unknown,Small,1,3,2005
10414,2005-05-06,37,71.34,2639.58,On Hold,Ships,S700_1138,Gifts4AllAges.com,USA,Unknown,Small,2,5,2005
10106,2003-02-17,31,100.0,3312.97,Shipped,Planes,S700_1691,Rovelli Gifts,Italy,EMEA,Medium,1,2,2003
10120,2003-04-29,47,82.21,3863.87,Shipped,Planes,S700_1691,"Australian Collectors, Co.",Australia,APAC,Medium,2,4,2003
10133,2003-06-27,24,77.64,1863.36,Shipped,Planes,S700_1691,Euro Shopping Channel,Spain,EMEA,Small,2,6,2003
10143,2003-08-10,36,100.0,3945.96,Shipped,Planes,S700_1691,Mini Creations Ltd.,USA,Unknown,Medium,3,8,2003
10156,2003-10-08,48,100.0,4954.08,Shipped,Planes,S700_1691,Euro Shopping Channel,Spain,EMEA,Medium,4,10,2003
10168,2003-10-28,28,98.65,2762.2,Shipped,Planes,S700_1691,Technics Stores Inc.,USA,Unknown,Small,4,10,2003
10199,2003-12-01,48,83.12,3989.76,Shipped,Planes,S700_1691,West Coast Collectables Co.,USA,Unknown,Medium,4,12,2003
10210,2004-01-12,21,78.55,1649.55,Shipped,Planes,S700_1691,Osaka Souveniers Co.,Japan,Japan,Small,1,1,2004
10223,2004-02-20,25,100.0,2534.75,Shipped,Planes,S700_1691,"Australian Collectors, Co.",Australia,APAC,Small,1,2,2004
10235,2004-04-02,25,100.0,2580.25,Shipped,Planes,S700_1691,"Royal Canadian Collectables, Ltd.",Canada,Unknown,Small,2,4,2004
10250,2004-05-11,31,91.34,2831.54,Shipped,Planes,S700_1691,The Sharp Gifts Warehouse,USA,Unknown,Small,2,5,2004
10262,2004-06-24,40,84.03,3361.2,Cancelled,Planes,S700_1691,Euro Shopping Channel,Spain,EMEA,Medium,2,6,2004
10275,2004-07-23,32,89.51,2864.32,Shipped,Planes,S700_1691,La Rochelle Gifts,France,EMEA,Small,3,7,2004
10284,2004-08-21,24,83.12,1994.88,Shipped,Planes,S700_1691,"Norway Gifts By Mail, Co.",Norway,EMEA,Small,3,8,2004
10296,2004-09-15,42,100.0,4296.6,Shipped,Planes,S700_1691,"Bavarian Collectables Imports, Co.",Germany,EMEA,Medium,3,9,2004
10308,2004-10-15,21,100.0,2224.95,Shipped,Planes,S700_1691,Mini Classics,USA,Unknown,Small,4,10,2004
10316,2004-11-01,34,82.21,2795.14,Shipped,Planes,S700_1691,giftsbymail.co.uk,UK,EMEA,Small,4,11,2004
10328,2004-11-12,27,100.0,2762.1,Shipped,Planes,S700_1691,Rovelli Gifts,Italy,EMEA,Small,4,11,2004
10340,2004-11-24,30,88.6,2658.0,Shipped,Planes,S700_1691,Enaco Distributors,Spain,EMEA,Small,4,11,2004
10353,2004-12-04,39,100.0,5043.87,Shipped,Planes,S700_1691,Gift Ideas Corp.,USA,Unknown,Medium,4,12,2004
10361,2004-12-17,20,60.54,1210.8,Shipped,Planes,S700_1691,Souveniers And Things Co.,Australia,APAC,Small,4,12,2004
10375,2005-02-03,37,81.87,3029.19,Shipped,Planes,S700_1691,La Rochelle Gifts,France,EMEA,Medium,1,2,2005
10388,2005-03-03,46,100.0,10066.6,Shipped,Planes,S700_1691,FunGiftIdeas.com,USA,Unknown,Large,1,3,2005
10398,2005-03-30,47,87.69,4121.43,Shipped,Planes,S700_1691,Reims Collectables,France,EMEA,Medium,1,3,2005
10401,2005-04-03,11,100.0,1135.31,On Hold,Planes,S700_1691,Tekni Collectables Inc.,USA,Unknown,Small,2,4,2005
10416,2005-05-10,23,91.34,2100.82,Shipped,Planes,S700_1691,L'ordine Souveniers,Italy,EMEA,Small,2,5,2005
10105,2003-02-11,29,70.15,2034.35,Shipped,Ships,S700_1938,Danish Wholesale Imports,Denmark,EMEA,Small,1,2,2003
10117,2003-04-16,38,79.68,3027.84,Shipped,Ships,S700_1938,"Dragon Souveniers, Ltd.",Singapore,Japan,Medium,2,4,2003
10128,2003-06-06,32,97.0,3104.0,Shipped,Ships,S700_1938,Euro Shopping Channel,Spain,EMEA,Medium,2,6,2003
10142,2003-08-08,43,84.01,3612.43,Shipped,Ships,S700_1938,Mini Gifts Distributors Ltd.,USA,Unknown,Medium,3,8,2003
10153,2003-09-28,31,87.48,2711.88,Shipped,Ships,S700_1938,Euro Shopping Channel,Spain,EMEA,Small,3,9,2003
10166,2003-10-21,29,100.0,3013.97,Shipped,Ships,S700_1938,FunGiftIdeas.com,USA,Unknown,Medium,4,10,2003
10177,2003-11-07,31,88.34,2738.54,Shipped,Ships,S700_1938,CAF Imports,Spain,EMEA,Small,4,11,2003
10185,2003-11-14,30,94.4,2832.0,Shipped,Ships,S700_1938,Mini Creations Ltd.,USA,Unknown,Small,4,11,2003
10196,2003-11-26,50,94.4,4720.0,Shipped,Ships,S700_1938,Super Scale Inc.,USA,Unknown,Medium,4,11,2003
10208,2004-01-02,40,80.55,3222.0,Shipped,Ships,S700_1938,"Saveley & Henriot, Co.",France,EMEA,Medium,1,1,2004
10221,2004-02-18,23,97.0,2231.0,Shipped,Ships,S700_1938,Petit Auto,Belgium,EMEA,Small,1,2,2004
10232,2004-03-20,26,88.34,2296.84,Shipped,Ships,S700_1938,giftsbymail.co.uk,UK,EMEA,Small,1,3,2004
10248,2004-05-07,40,100.0,4157.2,Cancelled,Ships,S700_1938,Land of Toys Inc.,USA,Unknown,Medium,2,5,2004
10273,2004-07-21,21,100.0,2146.2,Shipped,Ships,S700_1938,Petit Auto,Belgium,EMEA,Small,3,7,2004
10282,2004-08-20,43,86.61,3724.23,Shipped,Ships,S700_1938,Mini Gifts Distributors Ltd.,USA,Unknown,Medium,3,8,2004
10293,2004-09-09,29,71.89,2084.81,Shipped,Ships,S700_1938,Amica Models & Co.,Italy,EMEA,Small,3,9,2004
10306,2004-10-14,38,91.81,3488.78,Shipped,Ships,S700_1938,"AV Stores, Co.",UK,EMEA,Medium,4,10,2004
10314,2004-10-22,23,76.22,1753.06,Shipped,Ships,S700_1938,Heintze Collectables,Denmark,EMEA,Small,4,10,2004
10327,2004-11-10,20,100.0,3469.2,Resolved,Ships,S700_1938,Danish Wholesale Imports,Denmark,EMEA,Medium,4,11,2004
10337,2004-11-21,36,70.3,2530.8,Shipped,Ships,S700_1938,Classic Legends Inc.,USA,Unknown,Small,4,11,2004
10350,2004-12-02,28,100.0,2924.32,Shipped,Ships,S700_1938,Euro Shopping Channel,Spain,EMEA,Small,4,12,2004
10372,2005-01-26,44,100.0,4496.8,Shipped,Ships,S700_1938,"Tokyo Collectables, Ltd",Japan,Japan,Medium,1,1,2005
10384,2005-02-23,49,100.0,6397.44,Shipped,Ships,S700_1938,Corporate Gift Ideas Co.,USA,Unknown,Medium,1,2,2005
10397,2005-03-28,32,80.55,2577.6,Shipped,Ships,S700_1938,Alpha Cognac,France,EMEA,Small,1,3,2005
10414,2005-05-06,34,100.0,3533.62,On Hold,Ships,S700_1938,Gifts4AllAges.com,USA,Unknown,Medium,2,5,2005
10106,2003-02-17,30,100.0,3177.3,Shipped,Ships,S700_2047,Rovelli Gifts,Italy,EMEA,Medium,1,2,2003
10119,2003-04-28,29,94.14,2730.06,Shipped,Ships,S700_2047,Salzburg Collectables,Austria,EMEA,Small,2,4,2003
10131,2003-06-16,22,85.99,1891.78,Shipped,Ships,S700_2047,Gift Ideas Corp.,USA,Unknown,Small,2,6,2003
10143,2003-08-10,26,100.0,2612.48,Shipped,Ships,S700_2047,Mini Creations Ltd.,USA,Unknown,Small,3,8,2003
10155,2003-10-06,32,91.43,2925.76,Shipped,Ships,S700_2047,"Toys of Finland, Co.",Finland,EMEA,Small,4,10,2003
10167,2003-10-23,29,100.0,2940.02,Cancelled,Ships,S700_2047,Scandinavian Gift Ideas,Sweden,EMEA,Small,4,10,2003
10178,2003-11-08,34,96.86,3293.24,Shipped,Ships,S700_2047,Alpha Cognac,France,EMEA,Medium,4,11,2003
10186,2003-11-14,24,99.57,2389.68,Shipped,Ships,S700_2047,"Double Decker Gift Stores, Ltd",UK,EMEA,Small,4,11,2003
10197,2003-11-26,24,90.52,2172.48,Shipped,Ships,S700_2047,Enaco Distributors,Spain,EMEA,Small,4,11,2003
10209,2004-01-09,33,88.71,2927.43,Shipped,Ships,S700_2047,"Men 'R' US Retailers, Ltd.",USA,Unknown,Small,1,1,2004
10222,2004-02-19,26,100.0,2659.54,Shipped,Ships,S700_2047,Collectable Mini Designs Co.,USA,Unknown,Small,1,2,2004
10249,2004-05-08,40,95.95,3838.0,Shipped,Ships,S700_2047,Cambridge Collectables Co.,USA,Unknown,Medium,2,5,2004
10262,2004-06-24,44,94.14,4142.16,Cancelled,Ships,S700_2047,Euro Shopping Channel,Spain,EMEA,Medium,2,6,2004
10274,2004-07-21,24,90.52,2172.48,Shipped,Ships,S700_2047,Collectables For Less Inc.,USA,Unknown,Small,3,7,2004
10283,2004-08-20,20,94.14,1882.8,Shipped,Ships,S700_2047,"Royal Canadian Collectables, Ltd.",Canada,Unknown,Small,3,8,2004
10296,2004-09-15,34,100.0,3477.86,Shipped,Ships,S700_2047,"Bavarian Collectables Imports, Co.",Germany,EMEA,Medium,3,9,2004
10307,2004-10-14,34,97.76,3323.84,Shipped,Ships,S700_2047,"Classic Gift Ideas, Inc",USA,Unknown,Medium,4,10,2004
10316,2004-11-01,45,93.24,4195.8,Shipped,Ships,S700_2047,giftsbymail.co.uk,UK,EMEA,Medium,4,11,2004
10328,2004-11-12,41,100.0,4156.58,Shipped,Ships,S700_2047,Rovelli Gifts,Italy,EMEA,Medium,4,11,2004
10339,2004-11-23,55,71.25,3918.75,Shipped,Ships,S700_2047,"Tokyo Collectables, Ltd",Japan,Japan,Medium,4,11,2004
10352,2004-12-03,23,100.0,2352.67,Shipped,Ships,S700_2047,Auto-Moto Classics Inc.,USA,Unknown,Small,4,12,2004
10361,2004-12-17,24,45.39,1089.36,Shipped,Ships,S700_2047,Souveniers And Things Co.,Australia,APAC,Small,4,12,2004
10373,2005-01-31,32,84.41,2701.12,Shipped,Ships,S700_2047,"Oulu Toy Supplies, Inc.",Finland,EMEA,Small,1,1,2005
10386,2005-03-01,29,85.76,2487.04,Resolved,Ships,S700_2047,Euro Shopping Channel,Spain,EMEA,Small,1,3,2005
10398,2005-03-30,36,100.0,3910.32,Shipped,Ships,S700_2047,Reims Collectables,France,EMEA,Medium,1,3,2005
10400,2005-04-01,46,87.8,4038.8,Shipped,Ships,S700_2047,The Sharp Gifts Warehouse,USA,Unknown,Medium,2,4,2005
10415,2005-05-09,32,95.95,3070.4,Disputed,Ships,S700_2047,"Australian Collectables, Ltd",Australia,APAC,Medium,2,5,2005
10106,2003-02-17,34,100.0,3763.46,Shipped,Planes,S700_2466,Rovelli Gifts,Italy,EMEA,Medium,1,2,2003
10120,2003-04-29,24,100.0,2584.8,Shipped,Planes,S700_2466,"Australian Collectors, Co.",Australia,APAC,Small,2,4,2003
10131,2003-06-16,40,100.0,4427.6,Shipped,Planes,S700_2466,Gift Ideas Corp.,USA,Unknown,Medium,2,6,2003
10143,2003-08-10,26,82.77,2152.02,Shipped,Planes,S700_2466,Mini Creations Ltd.,USA,Unknown,Small,3,8,2003
10155,2003-10-06,20,100.0,2353.4,Shipped,Planes,S700_2466,"Toys of Finland, Co.",Finland,EMEA,Small,4,10,2003
10168,2003-10-28,31,100.0,3431.39,Shipped,Planes,S700_2466,Technics Stores Inc.,USA,Unknown,Medium,4,10,2003
10178,2003-11-08,22,87.75,1930.5,Shipped,Planes,S700_2466,Alpha Cognac,France,EMEA,Small,4,11,2003
10198,2003-11-27,42,100.0,4774.56,Shipped,Planes,S700_2466,Cruz & Sons Co.,Philippines,Japan,Medium,4,11,2003
10210,2004-01-12,26,99.72,2592.72,Shipped,Planes,S700_2466,Osaka Souveniers Co.,Japan,Japan,Small,1,1,2004
10222,2004-02-19,37,87.75,3246.75,Shipped,Planes,S700_2466,Collectable Mini Designs Co.,USA,Unknown,Medium,1,2,2004
10235,2004-04-02,38,88.75,3372.5,Shipped,Planes,S700_2466,"Royal Canadian Collectables, Ltd.",Canada,Unknown,Medium,2,4,2004
10250,2004-05-11,35,100.0,3909.15,Shipped,Planes,S700_2466,The Sharp Gifts Warehouse,USA,Unknown,Medium,2,5,2004
10262,2004-06-24,33,90.75,2994.75,Cancelled,Planes,S700_2466,Euro Shopping Channel,Spain,EMEA,Small,2,6,2004
10275,2004-07-23,39,100.0,4472.52,Shipped,Planes,S700_2466,La Rochelle Gifts,France,EMEA,Medium,3,7,2004
10284,2004-08-21,45,100.0,4576.95,Shipped,Planes,S700_2466,"Norway Gifts By Mail, Co.",Norway,EMEA,Medium,3,8,2004
10296,2004-09-15,24,100.0,2441.04,Shipped,Planes,S700_2466,"Bavarian Collectables Imports, Co.",Germany,EMEA,Small,3,9,2004
10308,2004-10-15,35,88.75,3106.25,Shipped,Planes,S700_2466,Mini Classics,USA,Unknown,Medium,4,10,2004
10316,2004-11-01,23,100.0,2706.41,Shipped,Planes,S700_2466,giftsbymail.co.uk,UK,EMEA,Small,4,11,2004
10328,2004-11-12,37,100.0,4021.53,Shipped,Planes,S700_2466,Rovelli Gifts,Italy,EMEA,Medium,4,11,2004
10340,2004-11-24,55,87.75,4826.25,Shipped,Planes,S700_2466,Enaco Distributors,Spain,EMEA,Medium,4,11,2004
10352,2004-12-03,49,100.0,4935.28,Shipped,Planes,S700_2466,Auto-Moto Classics Inc.,USA,Unknown,Medium,4,12,2004
10361,2004-12-17,26,100.0,2754.7,Shipped,Planes,S700_2466,Souveniers And Things Co.,Australia,APAC,Small,4,12,2004
10375,2005-02-03,33,100.0,3856.71,Shipped,Planes,S700_2466,La Rochelle Gifts,France,EMEA,Medium,1,2,2005
10386,2005-03-01,37,83.84,3102.08,Resolved,Planes,S700_2466,Euro Shopping Channel,Spain,EMEA,Medium,1,3,2005
10398,2005-03-30,22,86.76,1908.72,Shipped,Planes,S700_2466,Reims Collectables,France,EMEA,Small,1,3,2005
10401,2005-04-03,85,88.75,7543.75,On Hold,Planes,S700_2466,Tekni Collectables Inc.,USA,Unknown,Large,2,4,2005
10416,2005-05-10,22,100.0,2457.18,Shipped,Planes,S700_2466,L'ordine Souveniers,Italy,EMEA,Small,2,5,2005
10105,2003-02-11,31,65.77,2038.87,Shipped,Ships,S700_2610,Danish Wholesale Imports,Denmark,EMEA,Small,1,2,2003
10119,2003-04-28,38,65.77,2499.26,Shipped,Ships,S700_2610,Salzburg Collectables,Austria,EMEA,Small,2,4,2003
10129,2003-06-12,45,85.29,3838.05,Shipped,Ships,S700_2610,"Stylish Desk Decors, Co.",UK,EMEA,Medium,2,6,2003
10143,2003-08-10,31,85.29,2643.99,Shipped,Ships,S700_2610,Mini Creations Ltd.,USA,Unknown,Small,3,8,2003
10154,2003-10-02,36,64.33,2315.88,Shipped,Ships,S700_2610,Boards & Toys Co.,USA,Unknown,Small,4,10,2003
10167,2003-10-23,46,70.11,3225.06,Cancelled,Ships,S700_2610,Scandinavian Gift Ideas,Sweden,EMEA,Medium,4,10,2003
10177,2003-11-07,32,76.62,2451.84,Shipped,Ships,S700_2610,CAF Imports,Spain,EMEA,Small,4,11,2003
10185,2003-11-14,39,57.82,2254.98,Shipped,Ships,S700_2610,Mini Creations Ltd.,USA,Unknown,Small,4,11,2003
10197,2003-11-26,50,78.79,3939.5,Shipped,Ships,S700_2610,Enaco Distributors,Spain,EMEA,Medium,4,11,2003
10208,2004-01-02,46,74.45,3424.7,Shipped,Ships,S700_2610,"Saveley & Henriot, Co.",France,EMEA,Medium,1,1,2004
10222,2004-02-19,36,80.95,2914.2,Shipped,Ships,S700_2610,Collectable Mini Designs Co.,USA,Unknown,Small,1,2,2004
10233,2004-03-29,29,82.4,2389.6,Shipped,Ships,S700_2610,Tekni Collectables Inc.,USA,Unknown,Small,1,3,2004
10248,2004-05-07,32,75.89,2428.48,Cancelled,Ships,S700_2610,Land of Toys Inc.,USA,Unknown,Small,2,5,2004
10261,2004-06-17,44,68.67,3021.48,Shipped,Ships,S700_2610,Quebec Home Shopping Network,Canada,Unknown,Medium,2,6,2004
10273,2004-07-21,42,62.16,2610.72,Shipped,Ships,S700_2610,Petit Auto,Belgium,EMEA,Small,3,7,2004
10283,2004-08-20,47,65.77,3091.19,Shipped,Ships,S700_2610,"Royal Canadian Collectables, Ltd.",Canada,Unknown,Medium,3,8,2004
10295,2004-09-10,44,58.55,2576.2,Shipped,Ships,S700_2610,Gifts4AllAges.com,USA,Unknown,Small,3,9,2004
10306,2004-10-14,43,75.17,3232.31,Shipped,Ships,S700_2610,"AV Stores, Co.",UK,EMEA,Medium,4,10,2004
10316,2004-11-01,48,74.45,3573.6,Shipped,Ships,S700_2610,giftsbymail.co.uk,UK,EMEA,Medium,4,11,2004
10327,2004-11-10,21,96.31,2022.51,Resolved,Ships,S700_2610,Danish Wholesale Imports,Denmark,EMEA,Small,4,11,2004
10339,2004-11-23,50,74.35,3717.5,Shipped,Ships,S700_2610,"Tokyo Collectables, Ltd",Japan,Japan,Medium,4,11,2004
10350,2004-12-02,29,75.35,2185.15,Shipped,Ships,S700_2610,Euro Shopping Channel,Spain,EMEA,Small,4,12,2004
10373,2005-01-31,41,70.33,2883.53,Shipped,Ships,S700_2610,"Oulu Toy Supplies, Inc.",Finland,EMEA,Small,1,1,2005
10386,2005-03-01,37,100.0,5017.57,Resolved,Ships,S700_2610,Euro Shopping Channel,Spain,EMEA,Medium,1,3,2005
10397,2005-03-28,22,66.5,1463.0,Shipped,Ships,S700_2610,Alpha Cognac,France,EMEA,Small,1,3,2005
10414,2005-05-06,31,75.89,2352.59,On Hold,Ships,S700_2610,Gifts4AllAges.com,USA,Unknown,Small,2,5,2005
10103,2003-01-29,42,100.0,4460.82,Shipped,Classic Cars,S700_2824,Baane Mini Imports,Norway,EMEA,Medium,1,1,2003
10114,2003-04-01,42,100.0,4758.18,Shipped,Classic Cars,S700_2824,"La Corne D'abondance, Co.",France,EMEA,Medium,2,4,2003
10126,2003-05-28,45,100.0,4597.2,Shipped,Classic Cars,S700_2824,"Corrida Auto Replicas, Ltd",Spain,EMEA,Medium,2,5,2003
10140,2003-07-24,36,100.0,4114.8,Shipped,Classic Cars,S700_2824,Technics Stores Inc.,USA,Unknown,Medium,3,7,2003
10150,2003-09-19,20,100.0,2104.0,Shipped,Classic Cars,S700_2824,"Dragon Souveniers, Ltd.",Singapore,Japan,Small,3,9,2003
10164,2003-10-21,39,81.93,3195.27,Resolved,Classic Cars,S700_2824,Mini Auto Werke,Austria,EMEA,Medium,4,10,2003
10175,2003-11-06,42,85.98,3611.16,Shipped,Classic Cars,S700_2824,"Stylish Desk Decors, Co.",UK,EMEA,Medium,4,11,2003
10183,2003-11-13,23,86.99,2000.77,Shipped,Classic Cars,S700_2824,"Classic Gift Ideas, Inc",USA,Unknown,Small,4,11,2003
10194,2003-11-25,26,89.01,2314.26,Shipped,Classic Cars,S700_2824,"Saveley & Henriot, Co.",France,EMEA,Small,4,11,2003
10206,2003-12-05,33,100.0,3871.89,Shipped,Classic Cars,S700_2824,Canadian Gift Exchange Network,Canada,Unknown,Medium,4,12,2003
10217,2004-02-04,31,88.0,2728.0,Shipped,Classic Cars,S700_2824,Handji Gifts& Co,Singapore,APAC,Small,1,2,2004
10229,2004-03-11,50,100.0,5614.0,Shipped,Classic Cars,S700_2824,Mini Gifts Distributors Ltd.,USA,Unknown,Medium,1,3,2004
10245,2004-05-04,44,100.0,4628.8,Shipped,Classic Cars,S700_2824,Super Scale Inc.,USA,Unknown,Medium,2,5,2004
10258,2004-06-15,45,80.92,3641.4,Shipped,Classic Cars,S700_2824,"Tokyo Collectables, Ltd",Japan,Japan,Medium,2,6,2004
10270,2004-07-19,46,88.0,4048.0,Shipped,Classic Cars,S700_2824,Souveniers And Things Co.,Australia,APAC,Medium,3,7,2004
10281,2004-08-19,27,85.98,2321.46,Shipped,Classic Cars,S700_2824,Diecast Classics Inc.,USA,Unknown,Small,3,8,2004
10291,2004-09-08,28,100.0,3256.96,Shipped,Classic Cars,S700_2824,Scandinavian Gift Ideas,Sweden,EMEA,Medium,3,9,2004
10304,2004-10-11,40,100.0,4208.0,Shipped,Classic Cars,S700_2824,Auto Assoc. & Cie.,France,EMEA,Medium,4,10,2004
10313,2004-10-22,30,99.13,2973.9,Shipped,Classic Cars,S700_2824,Canadian Gift Exchange Network,Canada,Unknown,Small,4,10,2004
10324,2004-11-05,34,100.0,4248.3,Shipped,Classic Cars,S700_2824,Vitachrome Inc.,USA,Unknown,Medium,4,11,2004
10336,2004-11-20,46,100.0,9558.8,Shipped,Classic Cars,S700_2824,"La Corne D'abondance, Co.",France,EMEA,Large,4,11,2004
10348,2004-11-01,32,82.83,2650.56,Shipped,Classic Cars,S700_2824,"Corrida Auto Replicas, Ltd",Spain,EMEA,Small,4,11,2004
10358,2004-12-10,27,100.0,3761.37,Shipped,Classic Cars,S700_2824,Euro Shopping Channel,Spain,EMEA,Medium,4,12,2004
10371,2005-01-23,34,100.0,4301.34,Shipped,Classic Cars,S700_2824,Mini Gifts Distributors Ltd.,USA,Unknown,Medium,1,1,2005
10382,2005-02-17,34,54.84,1864.56,Shipped,Classic Cars,S700_2824,Mini Gifts Distributors Ltd.,USA,Unknown,Small,1,2,2005
10411,2005-05-01,34,100.0,3576.8,Shipped,Classic Cars,S700_2824,Quebec Home Shopping Network,Canada,Unknown,Medium,2,5,2005
10424,2005-05-31,46,80.92,3722.32,In Process,Classic Cars,S700_2824,Euro Shopping Channel,Spain,EMEA,Medium,2,5,2005
10106,2003-02-17,32,100.0,3986.56,Shipped,Planes,S700_2834,Rovelli Gifts,Italy,EMEA,Medium,1,2,2003
10120,2003-04-29,24,100.0,3417.12,Shipped,Planes,S700_2834,"Australian Collectors, Co.",Australia,APAC,Medium,2,4,2003
10133,2003-06-27,27,99.67,2691.09,Shipped,Planes,S700_2834,Euro Shopping Channel,Spain,EMEA,Small,2,6,2003
10145,2003-08-25,20,100.0,2752.6,Shipped,Planes,S700_2834,Toys4GrownUps.com,USA,Unknown,Small,3,8,2003
10168,2003-10-28,36,100.0,4527.72,Shipped,Planes,S700_2834,Technics Stores Inc.,USA,Unknown,Medium,4,10,2003
10188,2003-11-18,29,100.0,3957.05,Shipped,Planes,S700_2834,Herkku Gifts,Norway,EMEA,Medium,4,11,2003
10210,2004-01-12,25,100.0,2818.0,Shipped,Planes,S700_2834,Osaka Souveniers Co.,Japan,Japan,Small,1,1,2004
10223,2004-02-20,29,100.0,3199.86,Shipped,Planes,S700_2834,"Australian Collectors, Co.",Australia,APAC,Medium,1,2,2004
10235,2004-04-02,25,96.11,2402.75,Shipped,Planes,S700_2834,"Royal Canadian Collectables, Ltd.",Canada,Unknown,Small,2,4,2004
10250,2004-05-11,44,100.0,6055.72,Shipped,Planes,S700_2834,The Sharp Gifts Warehouse,USA,Unknown,Medium,2,5,2004
10263,2004-06-28,47,100.0,5465.16,Shipped,Planes,S700_2834,Gift Depot Inc.,USA,Unknown,Medium,2,6,2004
10275,2004-07-23,48,100.0,6378.72,Shipped,Planes,S700_2834,La Rochelle Gifts,France,EMEA,Medium,3,7,2004
10285,2004-08-27,45,100.0,5392.8,Shipped,Planes,S700_2834,Marta's Replicas Co.,USA,Unknown,Medium,3,8,2004
10297,2004-09-16,35,100.0,3986.5,Shipped,Planes,S700_2834,"Clover Collections, Co.",Ireland,EMEA,Medium,3,9,2004
10308,2004-10-15,31,100.0,4009.23,Shipped,Planes,S700_2834,Mini Classics,USA,Unknown,Medium,4,10,2004
10318,2004-11-02,50,100.0,7119.0,Shipped,Planes,S700_2834,Diecast Classics Inc.,USA,Unknown,Large,4,11,2004
10328,2004-11-12,33,100.0,4072.2,Shipped,Planes,S700_2834,Rovelli Gifts,Italy,EMEA,Medium,4,11,2004
10340,2004-11-24,29,100.0,4094.51,Shipped,Planes,S700_2834,Enaco Distributors,Spain,EMEA,Medium,4,11,2004
10353,2004-12-04,48,68.8,3302.4,Shipped,Planes,S700_2834,Gift Ideas Corp.,USA,Unknown,Medium,4,12,2004
10361,2004-12-17,44,72.42,3186.48,Shipped,Planes,S700_2834,Souveniers And Things Co.,Australia,APAC,Medium,4,12,2004
10375,2005-02-03,25,66.73,1668.25,Shipped,Planes,S700_2834,La Rochelle Gifts,France,EMEA,Small,1,2,2005
10388,2005-03-03,50,100.0,7154.5,Shipped,Planes,S700_2834,FunGiftIdeas.com,USA,Unknown,Large,1,3,2005
10398,2005-03-30,23,100.0,2810.83,Shipped,Planes,S700_2834,Reims Collectables,France,EMEA,Small,1,3,2005
10401,2005-04-03,21,96.11,2018.31,On Hold,Planes,S700_2834,Tekni Collectables Inc.,USA,Unknown,Small,2,4,2005
10416,2005-05-10,41,100.0,5642.83,Shipped,Planes,S700_2834,L'ordine Souveniers,Italy,EMEA,Medium,2,5,2005
10106,2003-02-17,44,74.4,3273.6,Shipped,Planes,S700_3167,Rovelli Gifts,Italy,EMEA,Medium,1,2,2003
10120,2003-04-29,43,76.0,3268.0,Shipped,Planes,S700_3167,"Australian Collectors, Co.",Australia,APAC,Medium,2,4,2003
10143,2003-08-10,28,96.0,2688.0,Shipped,Planes,S700_3167,Mini Creations Ltd.,USA,Unknown,Small,3,8,2003
10155,2003-10-06,43,86.4,3715.2,Shipped,Planes,S700_3167,"Toys of Finland, Co.",Finland,EMEA,Medium,4,10,2003
10168,2003-10-28,48,96.0,4608.0,Shipped,Planes,S700_3167,Technics Stores Inc.,USA,Unknown,Medium,4,10,2003
10199,2003-12-01,38,82.4,3131.2,Shipped,Planes,S700_3167,West Coast Collectables Co.,USA,Unknown,Medium,4,12,2003
10210,2004-01-12,31,86.4,2678.4,Shipped,Planes,S700_3167,Osaka Souveniers Co.,Japan,Japan,Small,1,1,2004
10223,2004-02-20,26,67.2,1747.2,Shipped,Planes,S700_3167,"Australian Collectors, Co.",Australia,APAC,Small,1,2,2004
10235,2004-04-02,32,92.0,2944.0,Shipped,Planes,S700_3167,"Royal Canadian Collectables, Ltd.",Canada,Unknown,Small,2,4,2004
10250,2004-05-11,44,67.2,2956.8,Shipped,Planes,S700_3167,The Sharp Gifts Warehouse,USA,Unknown,Small,2,5,2004
10262,2004-06-24,27,76.0,2052.0,Cancelled,Planes,S700_3167,Euro Shopping Channel,Spain,EMEA,Small,2,6,2004
10275,2004-07-23,43,73.6,3164.8,Shipped,Planes,S700_3167,La Rochelle Gifts,France,EMEA,Medium,3,7,2004
10284,2004-08-21,25,69.6,1740.0,Shipped,Planes,S700_3167,"Norway Gifts By Mail, Co.",Norway,EMEA,Small,3,8,2004
10296,2004-09-15,22,80.8,1777.6,Shipped,Planes,S700_3167,"Bavarian Collectables Imports, Co.",Germany,EMEA,Small,3,9,2004
10308,2004-10-15,21,87.2,1831.2,Shipped,Planes,S700_3167,Mini Classics,USA,Unknown,Small,4,10,2004
10316,2004-11-01,48,75.2,3609.6,Shipped,Planes,S700_3167,giftsbymail.co.uk,UK,EMEA,Medium,4,11,2004
10328,2004-11-12,33,64.0,2112.0,Shipped,Planes,S700_3167,Rovelli Gifts,Italy,EMEA,Small,4,11,2004
10341,2004-11-24,34,100.0,3644.12,Shipped,Planes,S700_3167,Salzburg Collectables,Austria,EMEA,Medium,4,11,2004
10353,2004-12-04,43,81.95,3523.85,Shipped,Planes,S700_3167,Gift Ideas Corp.,USA,Unknown,Medium,4,12,2004
10361,2004-12-17,44,100.0,5001.92,Shipped,Planes,S700_3167,Souveniers And Things Co.,Australia,APAC,Medium,4,12,2004
10375,2005-02-03,44,100.0,5208.72,Shipped,Planes,S700_3167,La Rochelle Gifts,France,EMEA,Medium,1,2,2005
10386,2005-03-01,32,94.34,3018.88,Resolved,Planes,S700_3167,Euro Shopping Channel,Spain,EMEA,Medium,1,3,2005
10398,2005-03-30,29,65.6,1902.4,Shipped,Planes,S700_3167,Reims Collectables,France,EMEA,Small,1,3,2005
10401,2005-04-03,77,92.0,7084.0,On Hold,Planes,S700_3167,Tekni Collectables Inc.,USA,Unknown,Large,2,4,2005
10416,2005-05-10,39,67.2,2620.8,Shipped,Planes,S700_3167,L'ordine Souveniers,Italy,EMEA,Small,2,5,2005
10105,2003-02-11,39,81.14,3164.46,Shipped,Ships,S700_3505,Danish Wholesale Imports,Denmark,EMEA,Medium,1,2,2003
10118,2003-04-21,36,100.0,4219.2,Shipped,Ships,S700_3505,Enaco Distributors,Spain,EMEA,Medium,2,4,2003
10129,2003-06-12,42,91.15,3828.3,Shipped,Ships,S700_3505,"Stylish Desk Decors, Co.",UK,EMEA,Medium,2,6,2003
10142,2003-08-08,21,100.0,2334.99,Shipped,Ships,S700_3505,Mini Gifts Distributors Ltd.,USA,Unknown,Small,3,8,2003
10153,2003-09-28,50,88.15,4407.5,Shipped,Ships,S700_3505,Euro Shopping Channel,Spain,EMEA,Medium,3,9,2003
10167,2003-10-23,24,100.0,2812.8,Cancelled,Ships,S700_3505,Scandinavian Gift Ideas,Sweden,EMEA,Small,4,10,2003
10177,2003-11-07,44,92.16,4055.04,Shipped,Ships,S700_3505,CAF Imports,Spain,EMEA,Medium,4,11,2003
10185,2003-11-14,37,100.0,3891.66,Shipped,Ships,S700_3505,Mini Creations Ltd.,USA,Unknown,Medium,4,11,2003
10197,2003-11-26,27,92.16,2488.32,Shipped,Ships,S700_3505,Enaco Distributors,Spain,EMEA,Small,4,11,2003
10208,2004-01-02,37,100.0,4447.4,Shipped,Ships,S700_3505,"Saveley & Henriot, Co.",France,EMEA,Medium,1,1,2004
10222,2004-02-19,38,100.0,4187.22,Shipped,Ships,S700_3505,Collectable Mini Designs Co.,USA,Unknown,Medium,1,2,2004
10232,2004-03-20,48,96.16,4615.68,Shipped,Ships,S700_3505,giftsbymail.co.uk,UK,EMEA,Medium,1,3,2004
10248,2004-05-07,30,100.0,3245.4,Cancelled,Ships,S700_3505,Land of Toys Inc.,USA,Unknown,Medium,2,5,2004
10261,2004-06-17,25,88.15,2203.75,Shipped,Ships,S700_3505,Quebec Home Shopping Network,Canada,Unknown,Small,2,6,2004
10273,2004-07-21,40,86.15,3446.0,Shipped,Ships,S700_3505,Petit Auto,Belgium,EMEA,Medium,3,7,2004
10283,2004-08-20,22,88.15,1939.3,Shipped,Ships,S700_3505,"Royal Canadian Collectables, Ltd.",Canada,Unknown,Small,3,8,2004
10295,2004-09-10,34,100.0,3473.78,Shipped,Ships,S700_3505,Gifts4AllAges.com,USA,Unknown,Medium,3,9,2004
10306,2004-10-14,32,90.15,2884.8,Shipped,Ships,S700_3505,"AV Stores, Co.",UK,EMEA,Small,4,10,2004
10315,2004-10-29,31,86.15,2670.65,Shipped,Ships,S700_3505,La Rochelle Gifts,France,EMEA,Small,4,10,2004
10327,2004-11-10,43,80.0,3440.0,Resolved,Ships,S700_3505,Danish Wholesale Imports,Denmark,EMEA,Medium,4,11,2004
10337,2004-11-21,31,89.38,2770.78,Shipped,Ships,S700_3505,Classic Legends Inc.,USA,Unknown,Small,4,11,2004
10350,2004-12-02,31,77.34,2397.54,Shipped,Ships,S700_3505,Euro Shopping Channel,Spain,EMEA,Small,4,12,2004
10373,2005-01-31,34,96.34,3275.56,Shipped,Ships,S700_3505,"Oulu Toy Supplies, Inc.",Finland,EMEA,Medium,1,1,2005
10386,2005-03-01,45,92.08,4143.6,Resolved,Ships,S700_3505,Euro Shopping Channel,Spain,EMEA,Medium,1,3,2005
10397,2005-03-28,48,100.0,5192.64,Shipped,Ships,S700_3505,Alpha Cognac,France,EMEA,Medium,1,3,2005
10414,2005-05-06,28,100.0,3029.04,On Hold,Ships,S700_3505,Gifts4AllAges.com,USA,Unknown,Medium,2,5,2005
10105,2003-02-11,22,100.0,2556.18,Shipped,Ships,S700_3962,Danish Wholesale Imports,Denmark,EMEA,Small,1,2,2003
10117,2003-04-16,45,83.42,3753.9,Shipped,Ships,S700_3962,"Dragon Souveniers, Ltd.",Singapore,Japan,Medium,2,4,2003
10129,2003-06-12,30,85.41,2562.3,Shipped,Ships,S700_3962,"Stylish Desk Decors, Co.",UK,EMEA,Small,2,6,2003
10142,2003-08-08,38,85.41,3245.58,Shipped,Ships,S700_3962,Mini Gifts Distributors Ltd.,USA,Unknown,Medium,3,8,2003
10153,2003-09-28,20,100.0,2204.6,Shipped,Ships,S700_3962,Euro Shopping Channel,Spain,EMEA,Small,3,9,2003
10167,2003-10-23,28,100.0,3003.0,Cancelled,Ships,S700_3962,Scandinavian Gift Ideas,Sweden,EMEA,Medium,4,10,2003
10177,2003-11-07,24,100.0,2526.48,Shipped,Ships,S700_3962,CAF Imports,Spain,EMEA,Small,4,11,2003
10185,2003-11-14,22,79.45,1747.9,Shipped,Ships,S700_3962,Mini Creations Ltd.,USA,Unknown,Small,4,11,2003
10197,2003-11-26,35,93.35,3267.25,Shipped,Ships,S700_3962,Enaco Distributors,Spain,EMEA,Medium,4,11,2003
10208,2004-01-02,33,85.41,2818.53,Shipped,Ships,S700_3962,"Saveley & Henriot, Co.",France,EMEA,Small,1,1,2004
10222,2004-02-19,31,95.34,2955.54,Shipped,Ships,S700_3962,Collectable Mini Designs Co.,USA,Unknown,Small,1,2,2004
10232,2004-03-20,35,82.43,2885.05,Shipped,Ships,S700_3962,giftsbymail.co.uk,UK,EMEA,Small,1,3,2004
10248,2004-05-07,35,90.37,3162.95,Cancelled,Ships,S700_3962,Land of Toys Inc.,USA,Unknown,Medium,2,5,2004
10261,2004-06-17,50,81.43,4071.5,Shipped,Ships,S700_3962,Quebec Home Shopping Network,Canada,Unknown,Medium,2,6,2004
10273,2004-07-21,26,100.0,2969.46,Shipped,Ships,S700_3962,Petit Auto,Belgium,EMEA,Small,3,7,2004
10283,2004-08-20,38,89.38,3396.44,Shipped,Ships,S700_3962,"Royal Canadian Collectables, Ltd.",Canada,Unknown,Medium,3,8,2004
10294,2004-09-10,45,100.0,4692.6,Shipped,Ships,S700_3962,Online Mini Collectables,USA,Unknown,Medium,3,9,2004
10306,2004-10-14,30,100.0,3515.7,Shipped,Ships,S700_3962,"AV Stores, Co.",UK,EMEA,Medium,4,10,2004
10315,2004-10-29,37,91.37,3380.69,Shipped,Ships,S700_3962,La Rochelle Gifts,France,EMEA,Medium,4,10,2004
10327,2004-11-10,37,86.61,3204.57,Resolved,Ships,S700_3962,Danish Wholesale Imports,Denmark,EMEA,Medium,4,11,2004
10337,2004-11-21,36,71.89,2588.04,Shipped,Ships,S700_3962,Classic Legends Inc.,USA,Unknown,Small,4,11,2004
10350,2004-12-02,25,100.0,2854.75,Shipped,Ships,S700_3962,Euro Shopping Channel,Spain,EMEA,Small,4,12,2004
10373,2005-01-31,37,100.0,4025.6,Shipped,Ships,S700_3962,"Oulu Toy Supplies, Inc.",Finland,EMEA,Medium,1,1,2005
10386,2005-03-01,30,95.48,2864.4,Resolved,Ships,S700_3962,Euro Shopping Channel,Spain,EMEA,Small,1,3,2005
10397,2005-03-28,36,100.0,3789.72,Shipped,Ships,S700_3962,Alpha Cognac,France,EMEA,Medium,1,3,2005
10414,2005-05-06,27,90.37,2439.99,On Hold,Ships,S700_3962,Gifts4AllAges.com,USA,Unknown,Small,2,5,2005
10106,2003-02-17,48,61.44,2949.12,Shipped,Planes,S700_4002,Rovelli Gifts,Italy,EMEA,Small,1,2,2003
10119,2003-04-28,26,59.22,1539.72,Shipped,Planes,S700_4002,Salzburg Collectables,Austria,EMEA,Small,2,4,2003
10131,2003-06-16,26,85.13,2213.38,Shipped,Planes,S700_4002,Gift Ideas Corp.,USA,Unknown,Small,2,6,2003
10143,2003-08-10,34,85.87,2919.58,Shipped,Planes,S700_4002,Mini Creations Ltd.,USA,Unknown,Small,3,8,2003
10155,2003-10-06,44,85.87,3778.28,Shipped,Planes,S700_4002,"Toys of Finland, Co.",Finland,EMEA,Medium,4,10,2003
10168,2003-10-28,39,82.91,3233.49,Shipped,Planes,S700_4002,Technics Stores Inc.,USA,Unknown,Medium,4,10,2003
10178,2003-11-08,45,76.25,3431.25,Shipped,Planes,S700_4002,Alpha Cognac,France,EMEA,Medium,4,11,2003
10198,2003-11-27,40,63.67,2546.8,Shipped,Planes,S700_4002,Cruz & Sons Co.,Philippines,Japan,Small,4,11,2003
10210,2004-01-12,42,70.33,2953.86,Shipped,Planes,S700_4002,Osaka Souveniers Co.,Japan,Japan,Small,1,1,2004
10222,2004-02-19,43,74.03,3183.29,Shipped,Planes,S700_4002,Collectable Mini Designs Co.,USA,Unknown,Medium,1,2,2004
10235,2004-04-02,34,72.55,2466.7,Shipped,Planes,S700_4002,"Royal Canadian Collectables, Ltd.",Canada,Unknown,Small,2,4,2004
10250,2004-05-11,38,62.19,2363.22,Shipped,Planes,S700_4002,The Sharp Gifts Warehouse,USA,Unknown,Small,2,5,2004
10262,2004-06-24,35,71.07,2487.45,Cancelled,Planes,S700_4002,Euro Shopping Channel,Spain,EMEA,Small,2,6,2004
10275,2004-07-23,31,72.55,2249.05,Shipped,Planes,S700_4002,La Rochelle Gifts,France,EMEA,Small,3,7,2004
10284,2004-08-21,32,64.41,2061.12,Shipped,Planes,S700_4002,"Norway Gifts By Mail, Co.",Norway,EMEA,Small,3,8,2004
10296,2004-09-15,47,86.62,4071.14,Shipped,Planes,S700_4002,"Bavarian Collectables Imports, Co.",Germany,EMEA,Medium,3,9,2004
10308,2004-10-15,39,68.11,2656.29,Shipped,Planes,S700_4002,Mini Classics,USA,Unknown,Small,4,10,2004
10316,2004-11-01,44,62.19,2736.36,Shipped,Planes,S700_4002,giftsbymail.co.uk,UK,EMEA,Small,4,11,2004
10328,2004-11-12,39,85.87,3348.93,Shipped,Planes,S700_4002,Rovelli Gifts,Italy,EMEA,Medium,4,11,2004
10339,2004-11-23,50,57.86,2893.0,Shipped,Planes,S700_4002,"Tokyo Collectables, Ltd",Japan,Japan,Small,4,11,2004
10352,2004-12-03,22,75.51,1661.22,Shipped,Planes,S700_4002,Auto-Moto Classics Inc.,USA,Unknown,Small,4,12,2004
10361,2004-12-17,35,100.0,4277.35,Shipped,Planes,S700_4002,Souveniers And Things Co.,Australia,APAC,Medium,4,12,2004
10373,2005-01-31,45,55.62,2502.9,Shipped,Planes,S700_4002,"Oulu Toy Supplies, Inc.",Finland,EMEA,Small,1,1,2005
10386,2005-03-01,44,86.4,3801.6,Resolved,Planes,S700_4002,Euro Shopping Channel,Spain,EMEA,Medium,1,3,2005
10398,2005-03-30,36,87.36,3144.96,Shipped,Planes,S700_4002,Reims Collectables,France,EMEA,Medium,1,3,2005
10401,2005-04-03,28,72.55,2031.4,On Hold,Planes,S700_4002,Tekni Collectables Inc.,USA,Unknown,Small,2,4,2005
10416,2005-05-10,43,62.19,2674.17,Shipped,Planes,S700_4002,L'ordine Souveniers,Italy,EMEA,Small,2,5,2005
10106,2003-02-17,48,52.64,2526.72,Shipped,Planes,S72_1253,Rovelli Gifts,Italy,EMEA,Small,1,2,2003
10119,2003-04-28,28,48.17,1348.76,Shipped,Planes,S72_1253,Salzburg Collectables,Austria,EMEA,Small,2,4,2003
10131,2003-06-16,21,41.71,875.91,Shipped,Planes,S72_1253,Gift Ideas Corp.,USA,Unknown,Small,2,6,2003
10143,2003-08-10,37,50.65,1874.05,Shipped,Planes,S72_1253,Mini Creations Ltd.,USA,Unknown,Small,3,8,2003
10155,2003-10-06,34,49.16,1671.44,Shipped,Planes,S72_1253,"Toys of Finland, Co.",Finland,EMEA,Small,4,10,2003
10167,2003-10-23,40,41.71,1668.4,Cancelled,Planes,S72_1253,Scandinavian Gift Ideas,Sweden,EMEA,Small,4,10,2003
10178,2003-11-08,45,51.15,2301.75,Shipped,Planes,S72_1253,Alpha Cognac,France,EMEA,Small,4,11,2003
10186,2003-11-14,28,52.14,1459.92,Shipped,Planes,S72_1253,"Double Decker Gift Stores, Ltd",UK,EMEA,Small,4,11,2003
10197,2003-11-26,29,41.71,1209.59,Shipped,Planes,S72_1253,Enaco Distributors,Spain,EMEA,Small,4,11,2003
10209,2004-01-09,48,44.69,2145.12,Shipped,Planes,S72_1253,"Men 'R' US Retailers, Ltd.",USA,Unknown,Small,1,1,2004
10222,2004-02-19,31,45.69,1416.39,Shipped,Planes,S72_1253,Collectable Mini Designs Co.,USA,Unknown,Small,1,2,2004
10249,2004-05-08,32,57.61,1843.52,Shipped,Planes,S72_1253,Cambridge Collectables Co.,USA,Unknown,Small,2,5,2004
10262,2004-06-24,21,57.11,1199.31,Cancelled,Planes,S72_1253,Euro Shopping Channel,Spain,EMEA,Small,2,6,2004
10274,2004-07-21,32,58.6,1875.2,Shipped,Planes,S72_1253,Collectables For Less Inc.,USA,Unknown,Small,3,7,2004
10283,2004-08-20,43,57.61,2477.23,Shipped,Planes,S72_1253,"Royal Canadian Collectables, Ltd.",Canada,Unknown,Small,3,8,2004
10296,2004-09-15,21,45.19,948.99,Shipped,Planes,S72_1253,"Bavarian Collectables Imports, Co.",Germany,EMEA,Small,3,9,2004
10307,2004-10-14,34,53.63,1823.42,Shipped,Planes,S72_1253,"Classic Gift Ideas, Inc",USA,Unknown,Small,4,10,2004
10316,2004-11-01,34,43.7,1485.8,Shipped,Planes,S72_1253,giftsbymail.co.uk,UK,EMEA,Small,4,11,2004
10329,2004-11-15,44,86.13,3789.72,Shipped,Planes,S72_1253,Land of Toys Inc.,USA,Unknown,Medium,4,11,2004
10339,2004-11-23,27,76.31,2060.37,Shipped,Planes,S72_1253,"Tokyo Collectables, Ltd",Japan,Japan,Small,4,11,2004
10352,2004-12-03,49,52.64,2579.36,Shipped,Planes,S72_1253,Auto-Moto Classics Inc.,USA,Unknown,Small,4,12,2004
10361,2004-12-17,23,95.2,2189.6,Shipped,Planes,S72_1253,Souveniers And Things Co.,Australia,APAC,Small,4,12,2004
10373,2005-01-31,25,64.97,1624.25,Shipped,Planes,S72_1253,"Oulu Toy Supplies, Inc.",Finland,EMEA,Small,1,1,2005
10386,2005-03-01,50,87.15,4357.5,Resolved,Planes,S72_1253,Euro Shopping Channel,Spain,EMEA,Medium,1,3,2005
10398,2005-03-30,34,40.22,1367.48,Shipped,Planes,S72_1253,Reims Collectables,France,EMEA,Small,1,3,2005
10400,2005-04-01,20,56.12,1122.4,Shipped,Planes,S72_1253,The Sharp Gifts Warehouse,USA,Unknown,Small,2,4,2005
10415,2005-05-09,42,57.61,2419.62,Disputed,Planes,S72_1253,"Australian Collectables, Ltd",Australia,APAC,Small,2,5,2005
10105,2003-02-11,25,56.78,1419.5,Shipped,Ships,S72_3212,Danish Wholesale Imports,Denmark,EMEA,Small,1,2,2003
10117,2003-04-16,50,43.68,2184.0,Shipped,Ships,S72_3212,"Dragon Souveniers, Ltd.",Singapore,Japan,Small,2,4,2003
10129,2003-06-12,32,64.97,2079.04,Shipped,Ships,S72_3212,"Stylish Desk Decors, Co.",UK,EMEA,Small,2,6,2003
10142,2003-08-08,39,44.23,1724.97,Shipped,Ships,S72_3212,Mini Gifts Distributors Ltd.,USA,Unknown,Small,3,8,2003
10153,2003-09-28,50,60.06,3003.0,Shipped,Ships,S72_3212,Euro Shopping Channel,Spain,EMEA,Medium,3,9,2003
10167,2003-10-23,38,48.59,1846.42,Cancelled,Ships,S72_3212,Scandinavian Gift Ideas,Sweden,EMEA,Small,4,10,2003
10177,2003-11-07,40,50.23,2009.2,Shipped,Ships,S72_3212,CAF Imports,Spain,EMEA,Small,4,11,2003
10185,2003-11-14,28,64.43,1804.04,Shipped,Ships,S72_3212,Mini Creations Ltd.,USA,Unknown,Small,4,11,2003
10197,2003-11-26,42,50.23,2109.66,Shipped,Ships,S72_3212,Enaco Distributors,Spain,EMEA,Small,4,11,2003
10208,2004-01-02,42,63.88,2682.96,Shipped,Ships,S72_3212,"Saveley & Henriot, Co.",France,EMEA,Small,1,1,2004
10222,2004-02-19,36,63.34,2280.24,Shipped,Ships,S72_3212,Collectable Mini Designs Co.,USA,Unknown,Small,1,2,2004
10232,2004-03-20,24,49.69,1192.56,Shipped,Ships,S72_3212,giftsbymail.co.uk,UK,EMEA,Small,1,3,2004
10248,2004-05-07,23,65.52,1506.96,Cancelled,Ships,S72_3212,Land of Toys Inc.,USA,Unknown,Small,2,5,2004
10261,2004-06-17,29,50.78,1472.62,Shipped,Ships,S72_3212,Quebec Home Shopping Network,Canada,Unknown,Small,2,6,2004
10273,2004-07-21,37,45.86,1696.82,Shipped,Ships,S72_3212,Petit Auto,Belgium,EMEA,Small,3,7,2004
10283,2004-08-20,33,51.32,1693.56,Shipped,Ships,S72_3212,"Royal Canadian Collectables, Ltd.",Canada,Unknown,Small,3,8,2004
10293,2004-09-09,32,60.06,1921.92,Shipped,Ships,S72_3212,Amica Models & Co.,Italy,EMEA,Small,3,9,2004
10306,2004-10-14,35,59.51,2082.85,Shipped,Ships,S72_3212,"AV Stores, Co.",UK,EMEA,Small,4,10,2004
10315,2004-10-29,40,55.69,2227.6,Shipped,Ships,S72_3212,La Rochelle Gifts,France,EMEA,Small,4,10,2004
10327,2004-11-10,37,86.74,3209.38,Resolved,Ships,S72_3212,Danish Wholesale Imports,Denmark,EMEA,Medium,4,11,2004
10337,2004-11-21,42,97.16,4080.72,Shipped,Ships,S72_3212,Classic Legends Inc.,USA,Unknown,Medium,4,11,2004
10350,2004-12-02,20,100.0,2244.4,Shipped,Ships,S72_3212,Euro Shopping Channel,Spain,EMEA,Small,4,12,2004
10373,2005-01-31,29,100.0,3978.51,Shipped,Ships,S72_3212,"Oulu Toy Supplies, Inc.",Finland,EMEA,Medium,1,1,2005
10386,2005-03-01,43,100.0,5417.57,Resolved,Ships,S72_3212,Euro Shopping Channel,Spain,EMEA,Medium,1,3,2005
10397,2005-03-28,34,62.24,2116.16,Shipped,Ships,S72_3212,Alpha Cognac,France,EMEA,Small,1,3,2005
10414,2005-05-06,47,65.52,3079.44,On Hold,Ships,S72_3212,Gifts4AllAges.com,USA,Unknown,Medium,2,5,2005
